company_id,company_name,sector,retailer_id,retailer_name,kpi_id,kpi_name,period_start,period_end,period,estimate_type,value,unit,as_of,last_updated
trendy_shoe_brand,Trendy Shoe Brand,Footwear,sole_city,Sole City,gmv,GMV,2025-05-01,2025-05-31,2025-05,historical,671418737.93,USD,,2025-06-01T08:00:00Z
trendy_shoe_brand,Trendy Shoe Brand,Footwear,sole_city,Sole City,gmv,GMV,2025-06-01,2025-06-30,2025-06,historical,661966121.81,USD,,2025-07-01T08:00:00Z
trendy_shoe_brand,Trendy Shoe Brand,Footwear,sole_city,Sole City,gmv,GMV,2025-07-01,2025-07-31,2025-07,historical,646162425.05,USD,,2025-08-01T08:00:00Z
trendy_shoe_brand,Trendy Shoe Brand,Footwear,sole_city,Sole City,gmv,GMV,2025-08-01,2025-08-31,2025-08,historical,604558531.93,USD,,2025-09-01T08:00:00Z
trendy_shoe_brand,Trendy Shoe Brand,Footwear,sole_city,Sole City,gmv,GMV,2025-09-01,2025-09-30,2025-09,historical,580190813.74,USD,,2025-10-01T08:00:00Z
trendy_shoe_brand,Trendy Shoe Brand,Footwear,sole_city,Sole City,gmv,GMV,2025-10-01,2025-10-31,2025-10,historical,585738888.13,USD,,2025-11-01T08:00:00Z
trendy_shoe_brand,Trendy Shoe Brand,Footwear,sole_city,Sole City,gmv,GMV,2025-11-01,2025-11-30,2025-11,historical,649576560.24,USD,,2025-12-01T08:00:00Z
trendy_shoe_brand,Trendy Shoe Brand,Footwear,sole_city,Sole City,gmv,GMV,2025-12-01,2025-12-31,2025-12,historical,637288042.12,USD,,2026-01-01T08:00:00Z
trendy_shoe_brand,Trendy Shoe Brand,Footwear,sole_city,Sole City,gmv,GMV,2026-01-01,2026-01-31,2026-01,historical,657330000.45,USD,,2026-02-01T08:00:00Z
trendy_shoe_brand,Trendy Shoe Brand,Footwear,sole_city,Sole City,gmv,GMV,2026-02-01,2026-02-28,2026-02,historical,694606950.55,USD,,2026-03-01T08:00:00Z
trendy_shoe_brand,Trendy Shoe Brand,Footwear,sole_city,Sole City,gmv,GMV,2026-03-01,2026-03-31,2026-03,historical,732577842.67,USD,,2026-04-01T08:00:00Z
trendy_shoe_brand,Trendy Shoe Brand,Footwear,sole_city,Sole City,gmv,GMV,2026-04-01,2026-04-30,2026-04,historical,757727894.37,USD,,2026-05-01T08:00:00Z
trendy_shoe_brand,Trendy Shoe Brand,Footwear,sole_city,Sole City,gmv,GMV,2026-05-01,2026-05-31,2026-05,historical,742103609.76,USD,,2026-06-01T08:00:00Z
trendy_shoe_brand,Trendy Shoe Brand,Footwear,sole_city,Sole City,gmv,GMV,2026-06-01,2026-06-30,2026-06,mtd,100868164.18,USD,2026-06-04T09:00:00Z,2026-06-04T09:05:00Z
trendy_shoe_brand,Trendy Shoe Brand,Footwear,sole_city,Sole City,gmv,GMV,2026-06-01,2026-06-30,2026-06,mtd,104878685.68,USD,2026-06-04T13:00:00Z,2026-06-04T13:05:00Z
trendy_shoe_brand,Trendy Shoe Brand,Footwear,sole_city,Sole City,gmv,GMV,2026-06-01,2026-06-30,2026-06,mtd,111663625.88,USD,2026-06-04T17:00:00Z,2026-06-04T17:05:00Z
trendy_shoe_brand,Trendy Shoe Brand,Footwear,sole_city,Sole City,units_sold,Units Sold,2025-05-01,2025-05-31,2025-05,historical,11284624,units,,2025-06-01T08:00:00Z
trendy_shoe_brand,Trendy Shoe Brand,Footwear,sole_city,Sole City,units_sold,Units Sold,2025-06-01,2025-06-30,2025-06,historical,11349681,units,,2025-07-01T08:00:00Z
trendy_shoe_brand,Trendy Shoe Brand,Footwear,sole_city,Sole City,units_sold,Units Sold,2025-07-01,2025-07-31,2025-07,historical,10456839,units,,2025-08-01T08:00:00Z
trendy_shoe_brand,Trendy Shoe Brand,Footwear,sole_city,Sole City,units_sold,Units Sold,2025-08-01,2025-08-31,2025-08,historical,10594181,units,,2025-09-01T08:00:00Z
trendy_shoe_brand,Trendy Shoe Brand,Footwear,sole_city,Sole City,units_sold,Units Sold,2025-09-01,2025-09-30,2025-09,historical,10118104,units,,2025-10-01T08:00:00Z
trendy_shoe_brand,Trendy Shoe Brand,Footwear,sole_city,Sole City,units_sold,Units Sold,2025-10-01,2025-10-31,2025-10,historical,10329330,units,,2025-11-01T08:00:00Z
trendy_shoe_brand,Trendy Shoe Brand,Footwear,sole_city,Sole City,units_sold,Units Sold,2025-11-01,2025-11-30,2025-11,historical,9465473,units,,2025-12-01T08:00:00Z
trendy_shoe_brand,Trendy Shoe Brand,Footwear,sole_city,Sole City,units_sold,Units Sold,2025-12-01,2025-12-31,2025-12,historical,10670710,units,,2026-01-01T08:00:00Z
trendy_shoe_brand,Trendy Shoe Brand,Footwear,sole_city,Sole City,units_sold,Units Sold,2026-01-01,2026-01-31,2026-01,historical,10671569,units,,2026-02-01T08:00:00Z
trendy_shoe_brand,Trendy Shoe Brand,Footwear,sole_city,Sole City,units_sold,Units Sold,2026-02-01,2026-02-28,2026-02,historical,11613471,units,,2026-03-01T08:00:00Z
trendy_shoe_brand,Trendy Shoe Brand,Footwear,sole_city,Sole City,units_sold,Units Sold,2026-03-01,2026-03-31,2026-03,historical,11856154,units,,2026-04-01T08:00:00Z
trendy_shoe_brand,Trendy Shoe Brand,Footwear,sole_city,Sole City,units_sold,Units Sold,2026-04-01,2026-04-30,2026-04,historical,12742284,units,,2026-05-01T08:00:00Z
trendy_shoe_brand,Trendy Shoe Brand,Footwear,sole_city,Sole City,units_sold,Units Sold,2026-05-01,2026-05-31,2026-05,historical,12681085,units,,2026-06-01T08:00:00Z
trendy_shoe_brand,Trendy Shoe Brand,Footwear,sole_city,Sole City,units_sold,Units Sold,2026-06-01,2026-06-30,2026-06,mtd,1637125,units,2026-06-04T09:00:00Z,2026-06-04T09:05:00Z
trendy_shoe_brand,Trendy Shoe Brand,Footwear,sole_city,Sole City,units_sold,Units Sold,2026-06-01,2026-06-30,2026-06,mtd,1710917,units,2026-06-04T13:00:00Z,2026-06-04T13:05:00Z
trendy_shoe_brand,Trendy Shoe Brand,Footwear,sole_city,Sole City,units_sold,Units Sold,2026-06-01,2026-06-30,2026-06,mtd,1734625,units,2026-06-04T17:00:00Z,2026-06-04T17:05:00Z
trendy_shoe_brand,Trendy Shoe Brand,Footwear,sole_city,Sole City,asp,ASP,2025-05-01,2025-05-31,2025-05,historical,164.76,USD,,2025-06-01T08:00:00Z
trendy_shoe_brand,Trendy Shoe Brand,Footwear,sole_city,Sole City,asp,ASP,2025-06-01,2025-06-30,2025-06,historical,173.66,USD,,2025-07-01T08:00:00Z
trendy_shoe_brand,Trendy Shoe Brand,Footwear,sole_city,Sole City,asp,ASP,2025-07-01,2025-07-31,2025-07,historical,167.82,USD,,2025-08-01T08:00:00Z
trendy_shoe_brand,Trendy Shoe Brand,Footwear,sole_city,Sole City,asp,ASP,2025-08-01,2025-08-31,2025-08,historical,166.14,USD,,2025-09-01T08:00:00Z
trendy_shoe_brand,Trendy Shoe Brand,Footwear,sole_city,Sole City,asp,ASP,2025-09-01,2025-09-30,2025-09,historical,156.16,USD,,2025-10-01T08:00:00Z
trendy_shoe_brand,Trendy Shoe Brand,Footwear,sole_city,Sole City,asp,ASP,2025-10-01,2025-10-31,2025-10,historical,162.22,USD,,2025-11-01T08:00:00Z
trendy_shoe_brand,Trendy Shoe Brand,Footwear,sole_city,Sole City,asp,ASP,2025-11-01,2025-11-30,2025-11,historical,162.14,USD,,2025-12-01T08:00:00Z
trendy_shoe_brand,Trendy Shoe Brand,Footwear,sole_city,Sole City,asp,ASP,2025-12-01,2025-12-31,2025-12,historical,161.84,USD,,2026-01-01T08:00:00Z
trendy_shoe_brand,Trendy Shoe Brand,Footwear,sole_city,Sole City,asp,ASP,2026-01-01,2026-01-31,2026-01,historical,170.96,USD,,2026-02-01T08:00:00Z
trendy_shoe_brand,Trendy Shoe Brand,Footwear,sole_city,Sole City,asp,ASP,2026-02-01,2026-02-28,2026-02,historical,172.01,USD,,2026-03-01T08:00:00Z
trendy_shoe_brand,Trendy Shoe Brand,Footwear,sole_city,Sole City,asp,ASP,2026-03-01,2026-03-31,2026-03,historical,185.93,USD,,2026-04-01T08:00:00Z
trendy_shoe_brand,Trendy Shoe Brand,Footwear,sole_city,Sole City,asp,ASP,2026-04-01,2026-04-30,2026-04,historical,179.19,USD,,2026-05-01T08:00:00Z
trendy_shoe_brand,Trendy Shoe Brand,Footwear,sole_city,Sole City,asp,ASP,2026-05-01,2026-05-31,2026-05,historical,199.52,USD,,2026-06-01T08:00:00Z
trendy_shoe_brand,Trendy Shoe Brand,Footwear,sole_city,Sole City,asp,ASP,2026-06-01,2026-06-30,2026-06,mtd,197.97,USD,2026-06-04T09:00:00Z,2026-06-04T09:05:00Z
trendy_shoe_brand,Trendy Shoe Brand,Footwear,sole_city,Sole City,asp,ASP,2026-06-01,2026-06-30,2026-06,mtd,200.33,USD,2026-06-04T13:00:00Z,2026-06-04T13:05:00Z
trendy_shoe_brand,Trendy Shoe Brand,Footwear,sole_city,Sole City,asp,ASP,2026-06-01,2026-06-30,2026-06,mtd,199.05,USD,2026-06-04T17:00:00Z,2026-06-04T17:05:00Z
trendy_shoe_brand,Trendy Shoe Brand,Footwear,market_square,Market Square,gmv,GMV,2025-05-01,2025-05-31,2025-05,historical,836722927.78,USD,,2025-06-01T08:00:00Z
trendy_shoe_brand,Trendy Shoe Brand,Footwear,market_square,Market Square,gmv,GMV,2025-06-01,2025-06-30,2025-06,historical,771246391.82,USD,,2025-07-01T08:00:00Z
trendy_shoe_brand,Trendy Shoe Brand,Footwear,market_square,Market Square,gmv,GMV,2025-07-01,2025-07-31,2025-07,historical,743981147.77,USD,,2025-08-01T08:00:00Z
trendy_shoe_brand,Trendy Shoe Brand,Footwear,market_square,Market Square,gmv,GMV,2025-08-01,2025-08-31,2025-08,historical,769343397.96,USD,,2025-09-01T08:00:00Z
trendy_shoe_brand,Trendy Shoe Brand,Footwear,market_square,Market Square,gmv,GMV,2025-09-01,2025-09-30,2025-09,historical,759621204.48,USD,,2025-10-01T08:00:00Z
trendy_shoe_brand,Trendy Shoe Brand,Footwear,market_square,Market Square,gmv,GMV,2025-10-01,2025-10-31,2025-10,historical,684300435.24,USD,,2025-11-01T08:00:00Z
trendy_shoe_brand,Trendy Shoe Brand,Footwear,market_square,Market Square,gmv,GMV,2025-11-01,2025-11-30,2025-11,historical,771024033.49,USD,,2025-12-01T08:00:00Z
trendy_shoe_brand,Trendy Shoe Brand,Footwear,market_square,Market Square,gmv,GMV,2025-12-01,2025-12-31,2025-12,historical,780894559.75,USD,,2026-01-01T08:00:00Z
trendy_shoe_brand,Trendy Shoe Brand,Footwear,market_square,Market Square,gmv,GMV,2026-01-01,2026-01-31,2026-01,historical,767190077.24,USD,,2026-02-01T08:00:00Z
trendy_shoe_brand,Trendy Shoe Brand,Footwear,market_square,Market Square,gmv,GMV,2026-02-01,2026-02-28,2026-02,historical,825345197.46,USD,,2026-03-01T08:00:00Z
trendy_shoe_brand,Trendy Shoe Brand,Footwear,market_square,Market Square,gmv,GMV,2026-03-01,2026-03-31,2026-03,historical,881043779.02,USD,,2026-04-01T08:00:00Z
trendy_shoe_brand,Trendy Shoe Brand,Footwear,market_square,Market Square,gmv,GMV,2026-04-01,2026-04-30,2026-04,historical,932708941.57,USD,,2026-05-01T08:00:00Z
trendy_shoe_brand,Trendy Shoe Brand,Footwear,market_square,Market Square,gmv,GMV,2026-05-01,2026-05-31,2026-05,historical,853508252.96,USD,,2026-06-01T08:00:00Z
trendy_shoe_brand,Trendy Shoe Brand,Footwear,market_square,Market Square,gmv,GMV,2026-06-01,2026-06-30,2026-06,mtd,133882001.54,USD,2026-06-04T09:00:00Z,2026-06-04T09:05:00Z
trendy_shoe_brand,Trendy Shoe Brand,Footwear,market_square,Market Square,gmv,GMV,2026-06-01,2026-06-30,2026-06,mtd,138731289.74,USD,2026-06-04T13:00:00Z,2026-06-04T13:05:00Z
trendy_shoe_brand,Trendy Shoe Brand,Footwear,market_square,Market Square,gmv,GMV,2026-06-01,2026-06-30,2026-06,mtd,142252331.23,USD,2026-06-04T17:00:00Z,2026-06-04T17:05:00Z
trendy_shoe_brand,Trendy Shoe Brand,Footwear,market_square,Market Square,units_sold,Units Sold,2025-05-01,2025-05-31,2025-05,historical,12566401,units,,2025-06-01T08:00:00Z
trendy_shoe_brand,Trendy Shoe Brand,Footwear,market_square,Market Square,units_sold,Units Sold,2025-06-01,2025-06-30,2025-06,historical,12348664,units,,2025-07-01T08:00:00Z
trendy_shoe_brand,Trendy Shoe Brand,Footwear,market_square,Market Square,units_sold,Units Sold,2025-07-01,2025-07-31,2025-07,historical,12036350,units,,2025-08-01T08:00:00Z
trendy_shoe_brand,Trendy Shoe Brand,Footwear,market_square,Market Square,units_sold,Units Sold,2025-08-01,2025-08-31,2025-08,historical,11484722,units,,2025-09-01T08:00:00Z
trendy_shoe_brand,Trendy Shoe Brand,Footwear,market_square,Market Square,units_sold,Units Sold,2025-09-01,2025-09-30,2025-09,historical,11229534,units,,2025-10-01T08:00:00Z
trendy_shoe_brand,Trendy Shoe Brand,Footwear,market_square,Market Square,units_sold,Units Sold,2025-10-01,2025-10-31,2025-10,historical,11014449,units,,2025-11-01T08:00:00Z
trendy_shoe_brand,Trendy Shoe Brand,Footwear,market_square,Market Square,units_sold,Units Sold,2025-11-01,2025-11-30,2025-11,historical,11368045,units,,2025-12-01T08:00:00Z
trendy_shoe_brand,Trendy Shoe Brand,Footwear,market_square,Market Square,units_sold,Units Sold,2025-12-01,2025-12-31,2025-12,historical,11713303,units,,2026-01-01T08:00:00Z
trendy_shoe_brand,Trendy Shoe Brand,Footwear,market_square,Market Square,units_sold,Units Sold,2026-01-01,2026-01-31,2026-01,historical,12931983,units,,2026-02-01T08:00:00Z
trendy_shoe_brand,Trendy Shoe Brand,Footwear,market_square,Market Square,units_sold,Units Sold,2026-02-01,2026-02-28,2026-02,historical,13559388,units,,2026-03-01T08:00:00Z
trendy_shoe_brand,Trendy Shoe Brand,Footwear,market_square,Market Square,units_sold,Units Sold,2026-03-01,2026-03-31,2026-03,historical,14168730,units,,2026-04-01T08:00:00Z
trendy_shoe_brand,Trendy Shoe Brand,Footwear,market_square,Market Square,units_sold,Units Sold,2026-04-01,2026-04-30,2026-04,historical,14078240,units,,2026-05-01T08:00:00Z
trendy_shoe_brand,Trendy Shoe Brand,Footwear,market_square,Market Square,units_sold,Units Sold,2026-05-01,2026-05-31,2026-05,historical,13247069,units,,2026-06-01T08:00:00Z
trendy_shoe_brand,Trendy Shoe Brand,Footwear,market_square,Market Square,units_sold,Units Sold,2026-06-01,2026-06-30,2026-06,mtd,1900083,units,2026-06-04T09:00:00Z,2026-06-04T09:05:00Z
trendy_shoe_brand,Trendy Shoe Brand,Footwear,market_square,Market Square,units_sold,Units Sold,2026-06-01,2026-06-30,2026-06,mtd,1973711,units,2026-06-04T13:00:00Z,2026-06-04T13:05:00Z
trendy_shoe_brand,Trendy Shoe Brand,Footwear,market_square,Market Square,units_sold,Units Sold,2026-06-01,2026-06-30,2026-06,mtd,2060112,units,2026-06-04T17:00:00Z,2026-06-04T17:05:00Z
trendy_shoe_brand,Trendy Shoe Brand,Footwear,market_square,Market Square,asp,ASP,2025-05-01,2025-05-31,2025-05,historical,189.07,USD,,2025-06-01T08:00:00Z
trendy_shoe_brand,Trendy Shoe Brand,Footwear,market_square,Market Square,asp,ASP,2025-06-01,2025-06-30,2025-06,historical,180.04,USD,,2025-07-01T08:00:00Z
trendy_shoe_brand,Trendy Shoe Brand,Footwear,market_square,Market Square,asp,ASP,2025-07-01,2025-07-31,2025-07,historical,176.07,USD,,2025-08-01T08:00:00Z
trendy_shoe_brand,Trendy Shoe Brand,Footwear,market_square,Market Square,asp,ASP,2025-08-01,2025-08-31,2025-08,historical,176.10,USD,,2025-09-01T08:00:00Z
trendy_shoe_brand,Trendy Shoe Brand,Footwear,market_square,Market Square,asp,ASP,2025-09-01,2025-09-30,2025-09,historical,177.37,USD,,2025-10-01T08:00:00Z
trendy_shoe_brand,Trendy Shoe Brand,Footwear,market_square,Market Square,asp,ASP,2025-10-01,2025-10-31,2025-10,historical,165.56,USD,,2025-11-01T08:00:00Z
trendy_shoe_brand,Trendy Shoe Brand,Footwear,market_square,Market Square,asp,ASP,2025-11-01,2025-11-30,2025-11,historical,164.93,USD,,2025-12-01T08:00:00Z
trendy_shoe_brand,Trendy Shoe Brand,Footwear,market_square,Market Square,asp,ASP,2025-12-01,2025-12-31,2025-12,historical,182.76,USD,,2026-01-01T08:00:00Z
trendy_shoe_brand,Trendy Shoe Brand,Footwear,market_square,Market Square,asp,ASP,2026-01-01,2026-01-31,2026-01,historical,187.70,USD,,2026-02-01T08:00:00Z
trendy_shoe_brand,Trendy Shoe Brand,Footwear,market_square,Market Square,asp,ASP,2026-02-01,2026-02-28,2026-02,historical,205.04,USD,,2026-03-01T08:00:00Z
trendy_shoe_brand,Trendy Shoe Brand,Footwear,market_square,Market Square,asp,ASP,2026-03-01,2026-03-31,2026-03,historical,210.22,USD,,2026-04-01T08:00:00Z
trendy_shoe_brand,Trendy Shoe Brand,Footwear,market_square,Market Square,asp,ASP,2026-04-01,2026-04-30,2026-04,historical,208.37,USD,,2026-05-01T08:00:00Z
trendy_shoe_brand,Trendy Shoe Brand,Footwear,market_square,Market Square,asp,ASP,2026-05-01,2026-05-31,2026-05,historical,216.21,USD,,2026-06-01T08:00:00Z
trendy_shoe_brand,Trendy Shoe Brand,Footwear,market_square,Market Square,asp,ASP,2026-06-01,2026-06-30,2026-06,mtd,214.95,USD,2026-06-04T09:00:00Z,2026-06-04T09:05:00Z
trendy_shoe_brand,Trendy Shoe Brand,Footwear,market_square,Market Square,asp,ASP,2026-06-01,2026-06-30,2026-06,mtd,217.26,USD,2026-06-04T13:00:00Z,2026-06-04T13:05:00Z
trendy_shoe_brand,Trendy Shoe Brand,Footwear,market_square,Market Square,asp,ASP,2026-06-01,2026-06-30,2026-06,mtd,214.17,USD,2026-06-04T17:00:00Z,2026-06-04T17:05:00Z
trendy_shoe_brand,Trendy Shoe Brand,Footwear,stylemart,StyleMart,gmv,GMV,2025-05-01,2025-05-31,2025-05,historical,559581480.55,USD,,2025-06-01T08:00:00Z
trendy_shoe_brand,Trendy Shoe Brand,Footwear,stylemart,StyleMart,gmv,GMV,2025-06-01,2025-06-30,2025-06,historical,536874789.54,USD,,2025-07-01T08:00:00Z
trendy_shoe_brand,Trendy Shoe Brand,Footwear,stylemart,StyleMart,gmv,GMV,2025-07-01,2025-07-31,2025-07,historical,569779233.54,USD,,2025-08-01T08:00:00Z
trendy_shoe_brand,Trendy Shoe Brand,Footwear,stylemart,StyleMart,gmv,GMV,2025-08-01,2025-08-31,2025-08,historical,538752798.26,USD,,2025-09-01T08:00:00Z
trendy_shoe_brand,Trendy Shoe Brand,Footwear,stylemart,StyleMart,gmv,GMV,2025-09-01,2025-09-30,2025-09,historical,500508996.16,USD,,2025-10-01T08:00:00Z
trendy_shoe_brand,Trendy Shoe Brand,Footwear,stylemart,StyleMart,gmv,GMV,2025-10-01,2025-10-31,2025-10,historical,549238058.31,USD,,2025-11-01T08:00:00Z
trendy_shoe_brand,Trendy Shoe Brand,Footwear,stylemart,StyleMart,gmv,GMV,2025-11-01,2025-11-30,2025-11,historical,514139963.12,USD,,2025-12-01T08:00:00Z
trendy_shoe_brand,Trendy Shoe Brand,Footwear,stylemart,StyleMart,gmv,GMV,2025-12-01,2025-12-31,2025-12,historical,540193505.20,USD,,2026-01-01T08:00:00Z
trendy_shoe_brand,Trendy Shoe Brand,Footwear,stylemart,StyleMart,gmv,GMV,2026-01-01,2026-01-31,2026-01,historical,594082700.92,USD,,2026-02-01T08:00:00Z
trendy_shoe_brand,Trendy Shoe Brand,Footwear,stylemart,StyleMart,gmv,GMV,2026-02-01,2026-02-28,2026-02,historical,579142122.65,USD,,2026-03-01T08:00:00Z
trendy_shoe_brand,Trendy Shoe Brand,Footwear,stylemart,StyleMart,gmv,GMV,2026-03-01,2026-03-31,2026-03,historical,646654694.56,USD,,2026-04-01T08:00:00Z
trendy_shoe_brand,Trendy Shoe Brand,Footwear,stylemart,StyleMart,gmv,GMV,2026-04-01,2026-04-30,2026-04,historical,649101829.80,USD,,2026-05-01T08:00:00Z
trendy_shoe_brand,Trendy Shoe Brand,Footwear,stylemart,StyleMart,gmv,GMV,2026-05-01,2026-05-31,2026-05,historical,649013207.64,USD,,2026-06-01T08:00:00Z
trendy_shoe_brand,Trendy Shoe Brand,Footwear,stylemart,StyleMart,gmv,GMV,2026-06-01,2026-06-30,2026-06,mtd,97620497.93,USD,2026-06-04T09:00:00Z,2026-06-04T09:05:00Z
trendy_shoe_brand,Trendy Shoe Brand,Footwear,stylemart,StyleMart,gmv,GMV,2026-06-01,2026-06-30,2026-06,mtd,101777954.93,USD,2026-06-04T13:00:00Z,2026-06-04T13:05:00Z
trendy_shoe_brand,Trendy Shoe Brand,Footwear,stylemart,StyleMart,gmv,GMV,2026-06-01,2026-06-30,2026-06,mtd,104159294.55,USD,2026-06-04T17:00:00Z,2026-06-04T17:05:00Z
trendy_shoe_brand,Trendy Shoe Brand,Footwear,stylemart,StyleMart,units_sold,Units Sold,2025-05-01,2025-05-31,2025-05,historical,12047733,units,,2025-06-01T08:00:00Z
trendy_shoe_brand,Trendy Shoe Brand,Footwear,stylemart,StyleMart,units_sold,Units Sold,2025-06-01,2025-06-30,2025-06,historical,11319103,units,,2025-07-01T08:00:00Z
trendy_shoe_brand,Trendy Shoe Brand,Footwear,stylemart,StyleMart,units_sold,Units Sold,2025-07-01,2025-07-31,2025-07,historical,11421582,units,,2025-08-01T08:00:00Z
trendy_shoe_brand,Trendy Shoe Brand,Footwear,stylemart,StyleMart,units_sold,Units Sold,2025-08-01,2025-08-31,2025-08,historical,10753891,units,,2025-09-01T08:00:00Z
trendy_shoe_brand,Trendy Shoe Brand,Footwear,stylemart,StyleMart,units_sold,Units Sold,2025-09-01,2025-09-30,2025-09,historical,10682711,units,,2025-10-01T08:00:00Z
trendy_shoe_brand,Trendy Shoe Brand,Footwear,stylemart,StyleMart,units_sold,Units Sold,2025-10-01,2025-10-31,2025-10,historical,10442356,units,,2025-11-01T08:00:00Z
trendy_shoe_brand,Trendy Shoe Brand,Footwear,stylemart,StyleMart,units_sold,Units Sold,2025-11-01,2025-11-30,2025-11,historical,10379253,units,,2025-12-01T08:00:00Z
trendy_shoe_brand,Trendy Shoe Brand,Footwear,stylemart,StyleMart,units_sold,Units Sold,2025-12-01,2025-12-31,2025-12,historical,11756338,units,,2026-01-01T08:00:00Z
trendy_shoe_brand,Trendy Shoe Brand,Footwear,stylemart,StyleMart,units_sold,Units Sold,2026-01-01,2026-01-31,2026-01,historical,12236786,units,,2026-02-01T08:00:00Z
trendy_shoe_brand,Trendy Shoe Brand,Footwear,stylemart,StyleMart,units_sold,Units Sold,2026-02-01,2026-02-28,2026-02,historical,12649231,units,,2026-03-01T08:00:00Z
trendy_shoe_brand,Trendy Shoe Brand,Footwear,stylemart,StyleMart,units_sold,Units Sold,2026-03-01,2026-03-31,2026-03,historical,12568562,units,,2026-04-01T08:00:00Z
trendy_shoe_brand,Trendy Shoe Brand,Footwear,stylemart,StyleMart,units_sold,Units Sold,2026-04-01,2026-04-30,2026-04,historical,13739930,units,,2026-05-01T08:00:00Z
trendy_shoe_brand,Trendy Shoe Brand,Footwear,stylemart,StyleMart,units_sold,Units Sold,2026-05-01,2026-05-31,2026-05,historical,13363013,units,,2026-06-01T08:00:00Z
trendy_shoe_brand,Trendy Shoe Brand,Footwear,stylemart,StyleMart,units_sold,Units Sold,2026-06-01,2026-06-30,2026-06,mtd,1870310,units,2026-06-04T09:00:00Z,2026-06-04T09:05:00Z
trendy_shoe_brand,Trendy Shoe Brand,Footwear,stylemart,StyleMart,units_sold,Units Sold,2026-06-01,2026-06-30,2026-06,mtd,1914477,units,2026-06-04T13:00:00Z,2026-06-04T13:05:00Z
trendy_shoe_brand,Trendy Shoe Brand,Footwear,stylemart,StyleMart,units_sold,Units Sold,2026-06-01,2026-06-30,2026-06,mtd,1969232,units,2026-06-04T17:00:00Z,2026-06-04T17:05:00Z
trendy_shoe_brand,Trendy Shoe Brand,Footwear,stylemart,StyleMart,asp,ASP,2025-05-01,2025-05-31,2025-05,historical,155.66,USD,,2025-06-01T08:00:00Z
trendy_shoe_brand,Trendy Shoe Brand,Footwear,stylemart,StyleMart,asp,ASP,2025-06-01,2025-06-30,2025-06,historical,160.53,USD,,2025-07-01T08:00:00Z
trendy_shoe_brand,Trendy Shoe Brand,Footwear,stylemart,StyleMart,asp,ASP,2025-07-01,2025-07-31,2025-07,historical,141.18,USD,,2025-08-01T08:00:00Z
trendy_shoe_brand,Trendy Shoe Brand,Footwear,stylemart,StyleMart,asp,ASP,2025-08-01,2025-08-31,2025-08,historical,142.39,USD,,2025-09-01T08:00:00Z
trendy_shoe_brand,Trendy Shoe Brand,Footwear,stylemart,StyleMart,asp,ASP,2025-09-01,2025-09-30,2025-09,historical,133.18,USD,,2025-10-01T08:00:00Z
trendy_shoe_brand,Trendy Shoe Brand,Footwear,stylemart,StyleMart,asp,ASP,2025-10-01,2025-10-31,2025-10,historical,135.00,USD,,2025-11-01T08:00:00Z
trendy_shoe_brand,Trendy Shoe Brand,Footwear,stylemart,StyleMart,asp,ASP,2025-11-01,2025-11-30,2025-11,historical,147.32,USD,,2025-12-01T08:00:00Z
trendy_shoe_brand,Trendy Shoe Brand,Footwear,stylemart,StyleMart,asp,ASP,2025-12-01,2025-12-31,2025-12,historical,143.81,USD,,2026-01-01T08:00:00Z
trendy_shoe_brand,Trendy Shoe Brand,Footwear,stylemart,StyleMart,asp,ASP,2026-01-01,2026-01-31,2026-01,historical,155.99,USD,,2026-02-01T08:00:00Z
trendy_shoe_brand,Trendy Shoe Brand,Footwear,stylemart,StyleMart,asp,ASP,2026-02-01,2026-02-28,2026-02,historical,160.37,USD,,2026-03-01T08:00:00Z
trendy_shoe_brand,Trendy Shoe Brand,Footwear,stylemart,StyleMart,asp,ASP,2026-03-01,2026-03-31,2026-03,historical,172.61,USD,,2026-04-01T08:00:00Z
trendy_shoe_brand,Trendy Shoe Brand,Footwear,stylemart,StyleMart,asp,ASP,2026-04-01,2026-04-30,2026-04,historical,174.75,USD,,2026-05-01T08:00:00Z
trendy_shoe_brand,Trendy Shoe Brand,Footwear,stylemart,StyleMart,asp,ASP,2026-05-01,2026-05-31,2026-05,historical,164.67,USD,,2026-06-01T08:00:00Z
trendy_shoe_brand,Trendy Shoe Brand,Footwear,stylemart,StyleMart,asp,ASP,2026-06-01,2026-06-30,2026-06,mtd,161.06,USD,2026-06-04T09:00:00Z,2026-06-04T09:05:00Z
trendy_shoe_brand,Trendy Shoe Brand,Footwear,stylemart,StyleMart,asp,ASP,2026-06-01,2026-06-30,2026-06,mtd,162.24,USD,2026-06-04T13:00:00Z,2026-06-04T13:05:00Z
trendy_shoe_brand,Trendy Shoe Brand,Footwear,stylemart,StyleMart,asp,ASP,2026-06-01,2026-06-30,2026-06,mtd,164.38,USD,2026-06-04T17:00:00Z,2026-06-04T17:05:00Z
urban_step,Urban Step,Footwear,sole_city,Sole City,gmv,GMV,2025-05-01,2025-05-31,2025-05,historical,802315831.77,USD,,2025-06-01T08:00:00Z
urban_step,Urban Step,Footwear,sole_city,Sole City,gmv,GMV,2025-06-01,2025-06-30,2025-06,historical,847256904.08,USD,,2025-07-01T08:00:00Z
urban_step,Urban Step,Footwear,sole_city,Sole City,gmv,GMV,2025-07-01,2025-07-31,2025-07,historical,803894878.78,USD,,2025-08-01T08:00:00Z
urban_step,Urban Step,Footwear,sole_city,Sole City,gmv,GMV,2025-08-01,2025-08-31,2025-08,historical,731595303.27,USD,,2025-09-01T08:00:00Z
urban_step,Urban Step,Footwear,sole_city,Sole City,gmv,GMV,2025-09-01,2025-09-30,2025-09,historical,800096509.53,USD,,2025-10-01T08:00:00Z
urban_step,Urban Step,Footwear,sole_city,Sole City,gmv,GMV,2025-10-01,2025-10-31,2025-10,historical,751405129.78,USD,,2025-11-01T08:00:00Z
urban_step,Urban Step,Footwear,sole_city,Sole City,gmv,GMV,2025-11-01,2025-11-30,2025-11,historical,802272952.65,USD,,2025-12-01T08:00:00Z
urban_step,Urban Step,Footwear,sole_city,Sole City,gmv,GMV,2025-12-01,2025-12-31,2025-12,historical,782272519.55,USD,,2026-01-01T08:00:00Z
urban_step,Urban Step,Footwear,sole_city,Sole City,gmv,GMV,2026-01-01,2026-01-31,2026-01,historical,838616276.72,USD,,2026-02-01T08:00:00Z
urban_step,Urban Step,Footwear,sole_city,Sole City,gmv,GMV,2026-02-01,2026-02-28,2026-02,historical,898256952.92,USD,,2026-03-01T08:00:00Z
urban_step,Urban Step,Footwear,sole_city,Sole City,gmv,GMV,2026-03-01,2026-03-31,2026-03,historical,858980334.53,USD,,2026-04-01T08:00:00Z
urban_step,Urban Step,Footwear,sole_city,Sole City,gmv,GMV,2026-04-01,2026-04-30,2026-04,historical,955540242.40,USD,,2026-05-01T08:00:00Z
urban_step,Urban Step,Footwear,sole_city,Sole City,gmv,GMV,2026-05-01,2026-05-31,2026-05,historical,914068099.72,USD,,2026-06-01T08:00:00Z
urban_step,Urban Step,Footwear,sole_city,Sole City,gmv,GMV,2026-06-01,2026-06-30,2026-06,mtd,135263292.72,USD,2026-06-04T09:00:00Z,2026-06-04T09:05:00Z
urban_step,Urban Step,Footwear,sole_city,Sole City,gmv,GMV,2026-06-01,2026-06-30,2026-06,mtd,140161369.17,USD,2026-06-04T13:00:00Z,2026-06-04T13:05:00Z
urban_step,Urban Step,Footwear,sole_city,Sole City,gmv,GMV,2026-06-01,2026-06-30,2026-06,mtd,145202357.60,USD,2026-06-04T17:00:00Z,2026-06-04T17:05:00Z
urban_step,Urban Step,Footwear,sole_city,Sole City,units_sold,Units Sold,2025-05-01,2025-05-31,2025-05,historical,9784910,units,,2025-06-01T08:00:00Z
urban_step,Urban Step,Footwear,sole_city,Sole City,units_sold,Units Sold,2025-06-01,2025-06-30,2025-06,historical,9428902,units,,2025-07-01T08:00:00Z
urban_step,Urban Step,Footwear,sole_city,Sole City,units_sold,Units Sold,2025-07-01,2025-07-31,2025-07,historical,8673624,units,,2025-08-01T08:00:00Z
urban_step,Urban Step,Footwear,sole_city,Sole City,units_sold,Units Sold,2025-08-01,2025-08-31,2025-08,historical,8923450,units,,2025-09-01T08:00:00Z
urban_step,Urban Step,Footwear,sole_city,Sole City,units_sold,Units Sold,2025-09-01,2025-09-30,2025-09,historical,8139097,units,,2025-10-01T08:00:00Z
urban_step,Urban Step,Footwear,sole_city,Sole City,units_sold,Units Sold,2025-10-01,2025-10-31,2025-10,historical,8061176,units,,2025-11-01T08:00:00Z
urban_step,Urban Step,Footwear,sole_city,Sole City,units_sold,Units Sold,2025-11-01,2025-11-30,2025-11,historical,8451637,units,,2025-12-01T08:00:00Z
urban_step,Urban Step,Footwear,sole_city,Sole City,units_sold,Units Sold,2025-12-01,2025-12-31,2025-12,historical,8773283,units,,2026-01-01T08:00:00Z
urban_step,Urban Step,Footwear,sole_city,Sole City,units_sold,Units Sold,2026-01-01,2026-01-31,2026-01,historical,9337629,units,,2026-02-01T08:00:00Z
urban_step,Urban Step,Footwear,sole_city,Sole City,units_sold,Units Sold,2026-02-01,2026-02-28,2026-02,historical,10235657,units,,2026-03-01T08:00:00Z
urban_step,Urban Step,Footwear,sole_city,Sole City,units_sold,Units Sold,2026-03-01,2026-03-31,2026-03,historical,10632412,units,,2026-04-01T08:00:00Z
urban_step,Urban Step,Footwear,sole_city,Sole City,units_sold,Units Sold,2026-04-01,2026-04-30,2026-04,historical,10461634,units,,2026-05-01T08:00:00Z
urban_step,Urban Step,Footwear,sole_city,Sole City,units_sold,Units Sold,2026-05-01,2026-05-31,2026-05,historical,10843972,units,,2026-06-01T08:00:00Z
urban_step,Urban Step,Footwear,sole_city,Sole City,units_sold,Units Sold,2026-06-01,2026-06-30,2026-06,mtd,1457105,units,2026-06-04T09:00:00Z,2026-06-04T09:05:00Z
urban_step,Urban Step,Footwear,sole_city,Sole City,units_sold,Units Sold,2026-06-01,2026-06-30,2026-06,mtd,1510006,units,2026-06-04T13:00:00Z,2026-06-04T13:05:00Z
urban_step,Urban Step,Footwear,sole_city,Sole City,units_sold,Units Sold,2026-06-01,2026-06-30,2026-06,mtd,1565067,units,2026-06-04T17:00:00Z,2026-06-04T17:05:00Z
urban_step,Urban Step,Footwear,sole_city,Sole City,asp,ASP,2025-05-01,2025-05-31,2025-05,historical,171.45,USD,,2025-06-01T08:00:00Z
urban_step,Urban Step,Footwear,sole_city,Sole City,asp,ASP,2025-06-01,2025-06-30,2025-06,historical,177.83,USD,,2025-07-01T08:00:00Z
urban_step,Urban Step,Footwear,sole_city,Sole City,asp,ASP,2025-07-01,2025-07-31,2025-07,historical,177.64,USD,,2025-08-01T08:00:00Z
urban_step,Urban Step,Footwear,sole_city,Sole City,asp,ASP,2025-08-01,2025-08-31,2025-08,historical,163.58,USD,,2025-09-01T08:00:00Z
urban_step,Urban Step,Footwear,sole_city,Sole City,asp,ASP,2025-09-01,2025-09-30,2025-09,historical,162.00,USD,,2025-10-01T08:00:00Z
urban_step,Urban Step,Footwear,sole_city,Sole City,asp,ASP,2025-10-01,2025-10-31,2025-10,historical,161.14,USD,,2025-11-01T08:00:00Z
urban_step,Urban Step,Footwear,sole_city,Sole City,asp,ASP,2025-11-01,2025-11-30,2025-11,historical,172.89,USD,,2025-12-01T08:00:00Z
urban_step,Urban Step,Footwear,sole_city,Sole City,asp,ASP,2025-12-01,2025-12-31,2025-12,historical,170.92,USD,,2026-01-01T08:00:00Z
urban_step,Urban Step,Footwear,sole_city,Sole City,asp,ASP,2026-01-01,2026-01-31,2026-01,historical,170.38,USD,,2026-02-01T08:00:00Z
urban_step,Urban Step,Footwear,sole_city,Sole City,asp,ASP,2026-02-01,2026-02-28,2026-02,historical,194.75,USD,,2026-03-01T08:00:00Z
urban_step,Urban Step,Footwear,sole_city,Sole City,asp,ASP,2026-03-01,2026-03-31,2026-03,historical,185.87,USD,,2026-04-01T08:00:00Z
urban_step,Urban Step,Footwear,sole_city,Sole City,asp,ASP,2026-04-01,2026-04-30,2026-04,historical,191.42,USD,,2026-05-01T08:00:00Z
urban_step,Urban Step,Footwear,sole_city,Sole City,asp,ASP,2026-05-01,2026-05-31,2026-05,historical,198.89,USD,,2026-06-01T08:00:00Z
urban_step,Urban Step,Footwear,sole_city,Sole City,asp,ASP,2026-06-01,2026-06-30,2026-06,mtd,193.63,USD,2026-06-04T09:00:00Z,2026-06-04T09:05:00Z
urban_step,Urban Step,Footwear,sole_city,Sole City,asp,ASP,2026-06-01,2026-06-30,2026-06,mtd,194.69,USD,2026-06-04T13:00:00Z,2026-06-04T13:05:00Z
urban_step,Urban Step,Footwear,sole_city,Sole City,asp,ASP,2026-06-01,2026-06-30,2026-06,mtd,199.42,USD,2026-06-04T17:00:00Z,2026-06-04T17:05:00Z
urban_step,Urban Step,Footwear,value_hub,Value Hub,gmv,GMV,2025-05-01,2025-05-31,2025-05,historical,640125287.12,USD,,2025-06-01T08:00:00Z
urban_step,Urban Step,Footwear,value_hub,Value Hub,gmv,GMV,2025-06-01,2025-06-30,2025-06,historical,576445085.20,USD,,2025-07-01T08:00:00Z
urban_step,Urban Step,Footwear,value_hub,Value Hub,gmv,GMV,2025-07-01,2025-07-31,2025-07,historical,599936552.45,USD,,2025-08-01T08:00:00Z
urban_step,Urban Step,Footwear,value_hub,Value Hub,gmv,GMV,2025-08-01,2025-08-31,2025-08,historical,542534923.38,USD,,2025-09-01T08:00:00Z
urban_step,Urban Step,Footwear,value_hub,Value Hub,gmv,GMV,2025-09-01,2025-09-30,2025-09,historical,574739067.29,USD,,2025-10-01T08:00:00Z
urban_step,Urban Step,Footwear,value_hub,Value Hub,gmv,GMV,2025-10-01,2025-10-31,2025-10,historical,526129101.51,USD,,2025-11-01T08:00:00Z
urban_step,Urban Step,Footwear,value_hub,Value Hub,gmv,GMV,2025-11-01,2025-11-30,2025-11,historical,567841712.09,USD,,2025-12-01T08:00:00Z
urban_step,Urban Step,Footwear,value_hub,Value Hub,gmv,GMV,2025-12-01,2025-12-31,2025-12,historical,560040239.32,USD,,2026-01-01T08:00:00Z
urban_step,Urban Step,Footwear,value_hub,Value Hub,gmv,GMV,2026-01-01,2026-01-31,2026-01,historical,614827256.34,USD,,2026-02-01T08:00:00Z
urban_step,Urban Step,Footwear,value_hub,Value Hub,gmv,GMV,2026-02-01,2026-02-28,2026-02,historical,615252177.01,USD,,2026-03-01T08:00:00Z
urban_step,Urban Step,Footwear,value_hub,Value Hub,gmv,GMV,2026-03-01,2026-03-31,2026-03,historical,644189658.04,USD,,2026-04-01T08:00:00Z
urban_step,Urban Step,Footwear,value_hub,Value Hub,gmv,GMV,2026-04-01,2026-04-30,2026-04,historical,692690863.36,USD,,2026-05-01T08:00:00Z
urban_step,Urban Step,Footwear,value_hub,Value Hub,gmv,GMV,2026-05-01,2026-05-31,2026-05,historical,642980176.91,USD,,2026-06-01T08:00:00Z
urban_step,Urban Step,Footwear,value_hub,Value Hub,gmv,GMV,2026-06-01,2026-06-30,2026-06,mtd,91430092.11,USD,2026-06-04T09:00:00Z,2026-06-04T09:05:00Z
urban_step,Urban Step,Footwear,value_hub,Value Hub,gmv,GMV,2026-06-01,2026-06-30,2026-06,mtd,93135517.73,USD,2026-06-04T13:00:00Z,2026-06-04T13:05:00Z
urban_step,Urban Step,Footwear,value_hub,Value Hub,gmv,GMV,2026-06-01,2026-06-30,2026-06,mtd,98060942.39,USD,2026-06-04T17:00:00Z,2026-06-04T17:05:00Z
urban_step,Urban Step,Footwear,value_hub,Value Hub,units_sold,Units Sold,2025-05-01,2025-05-31,2025-05,historical,16244428,units,,2025-06-01T08:00:00Z
urban_step,Urban Step,Footwear,value_hub,Value Hub,units_sold,Units Sold,2025-06-01,2025-06-30,2025-06,historical,15136044,units,,2025-07-01T08:00:00Z
urban_step,Urban Step,Footwear,value_hub,Value Hub,units_sold,Units Sold,2025-07-01,2025-07-31,2025-07,historical,14753911,units,,2025-08-01T08:00:00Z
urban_step,Urban Step,Footwear,value_hub,Value Hub,units_sold,Units Sold,2025-08-01,2025-08-31,2025-08,historical,14376446,units,,2025-09-01T08:00:00Z
urban_step,Urban Step,Footwear,value_hub,Value Hub,units_sold,Units Sold,2025-09-01,2025-09-30,2025-09,historical,14679621,units,,2025-10-01T08:00:00Z
urban_step,Urban Step,Footwear,value_hub,Value Hub,units_sold,Units Sold,2025-10-01,2025-10-31,2025-10,historical,14828743,units,,2025-11-01T08:00:00Z
urban_step,Urban Step,Footwear,value_hub,Value Hub,units_sold,Units Sold,2025-11-01,2025-11-30,2025-11,historical,14256152,units,,2025-12-01T08:00:00Z
urban_step,Urban Step,Footwear,value_hub,Value Hub,units_sold,Units Sold,2025-12-01,2025-12-31,2025-12,historical,15567722,units,,2026-01-01T08:00:00Z
urban_step,Urban Step,Footwear,value_hub,Value Hub,units_sold,Units Sold,2026-01-01,2026-01-31,2026-01,historical,15264384,units,,2026-02-01T08:00:00Z
urban_step,Urban Step,Footwear,value_hub,Value Hub,units_sold,Units Sold,2026-02-01,2026-02-28,2026-02,historical,17034260,units,,2026-03-01T08:00:00Z
urban_step,Urban Step,Footwear,value_hub,Value Hub,units_sold,Units Sold,2026-03-01,2026-03-31,2026-03,historical,17721394,units,,2026-04-01T08:00:00Z
urban_step,Urban Step,Footwear,value_hub,Value Hub,units_sold,Units Sold,2026-04-01,2026-04-30,2026-04,historical,18242579,units,,2026-05-01T08:00:00Z
urban_step,Urban Step,Footwear,value_hub,Value Hub,units_sold,Units Sold,2026-05-01,2026-05-31,2026-05,historical,17398350,units,,2026-06-01T08:00:00Z
urban_step,Urban Step,Footwear,value_hub,Value Hub,units_sold,Units Sold,2026-06-01,2026-06-30,2026-06,mtd,2509406,units,2026-06-04T09:00:00Z,2026-06-04T09:05:00Z
urban_step,Urban Step,Footwear,value_hub,Value Hub,units_sold,Units Sold,2026-06-01,2026-06-30,2026-06,mtd,2621921,units,2026-06-04T13:00:00Z,2026-06-04T13:05:00Z
urban_step,Urban Step,Footwear,value_hub,Value Hub,units_sold,Units Sold,2026-06-01,2026-06-30,2026-06,mtd,2707676,units,2026-06-04T17:00:00Z,2026-06-04T17:05:00Z
urban_step,Urban Step,Footwear,value_hub,Value Hub,asp,ASP,2025-05-01,2025-05-31,2025-05,historical,139.01,USD,,2025-06-01T08:00:00Z
urban_step,Urban Step,Footwear,value_hub,Value Hub,asp,ASP,2025-06-01,2025-06-30,2025-06,historical,133.33,USD,,2025-07-01T08:00:00Z
urban_step,Urban Step,Footwear,value_hub,Value Hub,asp,ASP,2025-07-01,2025-07-31,2025-07,historical,133.65,USD,,2025-08-01T08:00:00Z
urban_step,Urban Step,Footwear,value_hub,Value Hub,asp,ASP,2025-08-01,2025-08-31,2025-08,historical,132.68,USD,,2025-09-01T08:00:00Z
urban_step,Urban Step,Footwear,value_hub,Value Hub,asp,ASP,2025-09-01,2025-09-30,2025-09,historical,135.61,USD,,2025-10-01T08:00:00Z
urban_step,Urban Step,Footwear,value_hub,Value Hub,asp,ASP,2025-10-01,2025-10-31,2025-10,historical,124.10,USD,,2025-11-01T08:00:00Z
urban_step,Urban Step,Footwear,value_hub,Value Hub,asp,ASP,2025-11-01,2025-11-30,2025-11,historical,126.53,USD,,2025-12-01T08:00:00Z
urban_step,Urban Step,Footwear,value_hub,Value Hub,asp,ASP,2025-12-01,2025-12-31,2025-12,historical,132.16,USD,,2026-01-01T08:00:00Z
urban_step,Urban Step,Footwear,value_hub,Value Hub,asp,ASP,2026-01-01,2026-01-31,2026-01,historical,149.01,USD,,2026-02-01T08:00:00Z
urban_step,Urban Step,Footwear,value_hub,Value Hub,asp,ASP,2026-02-01,2026-02-28,2026-02,historical,151.07,USD,,2026-03-01T08:00:00Z
urban_step,Urban Step,Footwear,value_hub,Value Hub,asp,ASP,2026-03-01,2026-03-31,2026-03,historical,152.24,USD,,2026-04-01T08:00:00Z
urban_step,Urban Step,Footwear,value_hub,Value Hub,asp,ASP,2026-04-01,2026-04-30,2026-04,historical,164.77,USD,,2026-05-01T08:00:00Z
urban_step,Urban Step,Footwear,value_hub,Value Hub,asp,ASP,2026-05-01,2026-05-31,2026-05,historical,163.78,USD,,2026-06-01T08:00:00Z
urban_step,Urban Step,Footwear,value_hub,Value Hub,asp,ASP,2026-06-01,2026-06-30,2026-06,mtd,162.20,USD,2026-06-04T09:00:00Z,2026-06-04T09:05:00Z
urban_step,Urban Step,Footwear,value_hub,Value Hub,asp,ASP,2026-06-01,2026-06-30,2026-06,mtd,164.11,USD,2026-06-04T13:00:00Z,2026-06-04T13:05:00Z
urban_step,Urban Step,Footwear,value_hub,Value Hub,asp,ASP,2026-06-01,2026-06-30,2026-06,mtd,163.12,USD,2026-06-04T17:00:00Z,2026-06-04T17:05:00Z
urban_step,Urban Step,Footwear,active_outfitters,Active Outfitters,gmv,GMV,2025-05-01,2025-05-31,2025-05,historical,722918497.22,USD,,2025-06-01T08:00:00Z
urban_step,Urban Step,Footwear,active_outfitters,Active Outfitters,gmv,GMV,2025-06-01,2025-06-30,2025-06,historical,655299753.27,USD,,2025-07-01T08:00:00Z
urban_step,Urban Step,Footwear,active_outfitters,Active Outfitters,gmv,GMV,2025-07-01,2025-07-31,2025-07,historical,691327789.44,USD,,2025-08-01T08:00:00Z
urban_step,Urban Step,Footwear,active_outfitters,Active Outfitters,gmv,GMV,2025-08-01,2025-08-31,2025-08,historical,627632446.94,USD,,2025-09-01T08:00:00Z
urban_step,Urban Step,Footwear,active_outfitters,Active Outfitters,gmv,GMV,2025-09-01,2025-09-30,2025-09,historical,588655501.11,USD,,2025-10-01T08:00:00Z
urban_step,Urban Step,Footwear,active_outfitters,Active Outfitters,gmv,GMV,2025-10-01,2025-10-31,2025-10,historical,628201096.41,USD,,2025-11-01T08:00:00Z
urban_step,Urban Step,Footwear,active_outfitters,Active Outfitters,gmv,GMV,2025-11-01,2025-11-30,2025-11,historical,660650216.35,USD,,2025-12-01T08:00:00Z
urban_step,Urban Step,Footwear,active_outfitters,Active Outfitters,gmv,GMV,2025-12-01,2025-12-31,2025-12,historical,645538769.92,USD,,2026-01-01T08:00:00Z
urban_step,Urban Step,Footwear,active_outfitters,Active Outfitters,gmv,GMV,2026-01-01,2026-01-31,2026-01,historical,707820772.93,USD,,2026-02-01T08:00:00Z
urban_step,Urban Step,Footwear,active_outfitters,Active Outfitters,gmv,GMV,2026-02-01,2026-02-28,2026-02,historical,726163908.41,USD,,2026-03-01T08:00:00Z
urban_step,Urban Step,Footwear,active_outfitters,Active Outfitters,gmv,GMV,2026-03-01,2026-03-31,2026-03,historical,705462096.74,USD,,2026-04-01T08:00:00Z
urban_step,Urban Step,Footwear,active_outfitters,Active Outfitters,gmv,GMV,2026-04-01,2026-04-30,2026-04,historical,750555347.62,USD,,2026-05-01T08:00:00Z
urban_step,Urban Step,Footwear,active_outfitters,Active Outfitters,gmv,GMV,2026-05-01,2026-05-31,2026-05,historical,767150329.79,USD,,2026-06-01T08:00:00Z
urban_step,Urban Step,Footwear,active_outfitters,Active Outfitters,gmv,GMV,2026-06-01,2026-06-30,2026-06,mtd,108732060.01,USD,2026-06-04T09:00:00Z,2026-06-04T09:05:00Z
urban_step,Urban Step,Footwear,active_outfitters,Active Outfitters,gmv,GMV,2026-06-01,2026-06-30,2026-06,mtd,113315918.13,USD,2026-06-04T13:00:00Z,2026-06-04T13:05:00Z
urban_step,Urban Step,Footwear,active_outfitters,Active Outfitters,gmv,GMV,2026-06-01,2026-06-30,2026-06,mtd,115153559.73,USD,2026-06-04T17:00:00Z,2026-06-04T17:05:00Z
urban_step,Urban Step,Footwear,active_outfitters,Active Outfitters,units_sold,Units Sold,2025-05-01,2025-05-31,2025-05,historical,16405028,units,,2025-06-01T08:00:00Z
urban_step,Urban Step,Footwear,active_outfitters,Active Outfitters,units_sold,Units Sold,2025-06-01,2025-06-30,2025-06,historical,15842925,units,,2025-07-01T08:00:00Z
urban_step,Urban Step,Footwear,active_outfitters,Active Outfitters,units_sold,Units Sold,2025-07-01,2025-07-31,2025-07,historical,16195119,units,,2025-08-01T08:00:00Z
urban_step,Urban Step,Footwear,active_outfitters,Active Outfitters,units_sold,Units Sold,2025-08-01,2025-08-31,2025-08,historical,15297103,units,,2025-09-01T08:00:00Z
urban_step,Urban Step,Footwear,active_outfitters,Active Outfitters,units_sold,Units Sold,2025-09-01,2025-09-30,2025-09,historical,13752836,units,,2025-10-01T08:00:00Z
urban_step,Urban Step,Footwear,active_outfitters,Active Outfitters,units_sold,Units Sold,2025-10-01,2025-10-31,2025-10,historical,15280167,units,,2025-11-01T08:00:00Z
urban_step,Urban Step,Footwear,active_outfitters,Active Outfitters,units_sold,Units Sold,2025-11-01,2025-11-30,2025-11,historical,14558294,units,,2025-12-01T08:00:00Z
urban_step,Urban Step,Footwear,active_outfitters,Active Outfitters,units_sold,Units Sold,2025-12-01,2025-12-31,2025-12,historical,14527210,units,,2026-01-01T08:00:00Z
urban_step,Urban Step,Footwear,active_outfitters,Active Outfitters,units_sold,Units Sold,2026-01-01,2026-01-31,2026-01,historical,16765226,units,,2026-02-01T08:00:00Z
urban_step,Urban Step,Footwear,active_outfitters,Active Outfitters,units_sold,Units Sold,2026-02-01,2026-02-28,2026-02,historical,16263833,units,,2026-03-01T08:00:00Z
urban_step,Urban Step,Footwear,active_outfitters,Active Outfitters,units_sold,Units Sold,2026-03-01,2026-03-31,2026-03,historical,16969783,units,,2026-04-01T08:00:00Z
urban_step,Urban Step,Footwear,active_outfitters,Active Outfitters,units_sold,Units Sold,2026-04-01,2026-04-30,2026-04,historical,17012005,units,,2026-05-01T08:00:00Z
urban_step,Urban Step,Footwear,active_outfitters,Active Outfitters,units_sold,Units Sold,2026-05-01,2026-05-31,2026-05,historical,17540562,units,,2026-06-01T08:00:00Z
urban_step,Urban Step,Footwear,active_outfitters,Active Outfitters,units_sold,Units Sold,2026-06-01,2026-06-30,2026-06,mtd,2722392,units,2026-06-04T09:00:00Z,2026-06-04T09:05:00Z
urban_step,Urban Step,Footwear,active_outfitters,Active Outfitters,units_sold,Units Sold,2026-06-01,2026-06-30,2026-06,mtd,2792683,units,2026-06-04T13:00:00Z,2026-06-04T13:05:00Z
urban_step,Urban Step,Footwear,active_outfitters,Active Outfitters,units_sold,Units Sold,2026-06-01,2026-06-30,2026-06,mtd,2875093,units,2026-06-04T17:00:00Z,2026-06-04T17:05:00Z
urban_step,Urban Step,Footwear,active_outfitters,Active Outfitters,asp,ASP,2025-05-01,2025-05-31,2025-05,historical,154.03,USD,,2025-06-01T08:00:00Z
urban_step,Urban Step,Footwear,active_outfitters,Active Outfitters,asp,ASP,2025-06-01,2025-06-30,2025-06,historical,138.39,USD,,2025-07-01T08:00:00Z
urban_step,Urban Step,Footwear,active_outfitters,Active Outfitters,asp,ASP,2025-07-01,2025-07-31,2025-07,historical,134.23,USD,,2025-08-01T08:00:00Z
urban_step,Urban Step,Footwear,active_outfitters,Active Outfitters,asp,ASP,2025-08-01,2025-08-31,2025-08,historical,139.35,USD,,2025-09-01T08:00:00Z
urban_step,Urban Step,Footwear,active_outfitters,Active Outfitters,asp,ASP,2025-09-01,2025-09-30,2025-09,historical,137.27,USD,,2025-10-01T08:00:00Z
urban_step,Urban Step,Footwear,active_outfitters,Active Outfitters,asp,ASP,2025-10-01,2025-10-31,2025-10,historical,140.10,USD,,2025-11-01T08:00:00Z
urban_step,Urban Step,Footwear,active_outfitters,Active Outfitters,asp,ASP,2025-11-01,2025-11-30,2025-11,historical,138.62,USD,,2025-12-01T08:00:00Z
urban_step,Urban Step,Footwear,active_outfitters,Active Outfitters,asp,ASP,2025-12-01,2025-12-31,2025-12,historical,139.25,USD,,2026-01-01T08:00:00Z
urban_step,Urban Step,Footwear,active_outfitters,Active Outfitters,asp,ASP,2026-01-01,2026-01-31,2026-01,historical,146.43,USD,,2026-02-01T08:00:00Z
urban_step,Urban Step,Footwear,active_outfitters,Active Outfitters,asp,ASP,2026-02-01,2026-02-28,2026-02,historical,164.42,USD,,2026-03-01T08:00:00Z
urban_step,Urban Step,Footwear,active_outfitters,Active Outfitters,asp,ASP,2026-03-01,2026-03-31,2026-03,historical,163.47,USD,,2026-04-01T08:00:00Z
urban_step,Urban Step,Footwear,active_outfitters,Active Outfitters,asp,ASP,2026-04-01,2026-04-30,2026-04,historical,160.70,USD,,2026-05-01T08:00:00Z
urban_step,Urban Step,Footwear,active_outfitters,Active Outfitters,asp,ASP,2026-05-01,2026-05-31,2026-05,historical,170.73,USD,,2026-06-01T08:00:00Z
urban_step,Urban Step,Footwear,active_outfitters,Active Outfitters,asp,ASP,2026-06-01,2026-06-30,2026-06,mtd,168.46,USD,2026-06-04T09:00:00Z,2026-06-04T09:05:00Z
urban_step,Urban Step,Footwear,active_outfitters,Active Outfitters,asp,ASP,2026-06-01,2026-06-30,2026-06,mtd,168.72,USD,2026-06-04T13:00:00Z,2026-06-04T13:05:00Z
urban_step,Urban Step,Footwear,active_outfitters,Active Outfitters,asp,ASP,2026-06-01,2026-06-30,2026-06,mtd,169.76,USD,2026-06-04T17:00:00Z,2026-06-04T17:05:00Z
glow_lab_beauty,Glow Lab Beauty,Beauty,stylemart,StyleMart,gmv,GMV,2025-05-01,2025-05-31,2025-05,historical,585606787.26,USD,,2025-06-01T08:00:00Z
glow_lab_beauty,Glow Lab Beauty,Beauty,stylemart,StyleMart,gmv,GMV,2025-06-01,2025-06-30,2025-06,historical,576595426.05,USD,,2025-07-01T08:00:00Z
glow_lab_beauty,Glow Lab Beauty,Beauty,stylemart,StyleMart,gmv,GMV,2025-07-01,2025-07-31,2025-07,historical,558163962.29,USD,,2025-08-01T08:00:00Z
glow_lab_beauty,Glow Lab Beauty,Beauty,stylemart,StyleMart,gmv,GMV,2025-08-01,2025-08-31,2025-08,historical,547397599.38,USD,,2025-09-01T08:00:00Z
glow_lab_beauty,Glow Lab Beauty,Beauty,stylemart,StyleMart,gmv,GMV,2025-09-01,2025-09-30,2025-09,historical,552032987.32,USD,,2025-10-01T08:00:00Z
glow_lab_beauty,Glow Lab Beauty,Beauty,stylemart,StyleMart,gmv,GMV,2025-10-01,2025-10-31,2025-10,historical,519540265.77,USD,,2025-11-01T08:00:00Z
glow_lab_beauty,Glow Lab Beauty,Beauty,stylemart,StyleMart,gmv,GMV,2025-11-01,2025-11-30,2025-11,historical,559629236.23,USD,,2025-12-01T08:00:00Z
glow_lab_beauty,Glow Lab Beauty,Beauty,stylemart,StyleMart,gmv,GMV,2025-12-01,2025-12-31,2025-12,historical,576851556.40,USD,,2026-01-01T08:00:00Z
glow_lab_beauty,Glow Lab Beauty,Beauty,stylemart,StyleMart,gmv,GMV,2026-01-01,2026-01-31,2026-01,historical,593004408.75,USD,,2026-02-01T08:00:00Z
glow_lab_beauty,Glow Lab Beauty,Beauty,stylemart,StyleMart,gmv,GMV,2026-02-01,2026-02-28,2026-02,historical,626514548.23,USD,,2026-03-01T08:00:00Z
glow_lab_beauty,Glow Lab Beauty,Beauty,stylemart,StyleMart,gmv,GMV,2026-03-01,2026-03-31,2026-03,historical,634900979.05,USD,,2026-04-01T08:00:00Z
glow_lab_beauty,Glow Lab Beauty,Beauty,stylemart,StyleMart,gmv,GMV,2026-04-01,2026-04-30,2026-04,historical,661474170.95,USD,,2026-05-01T08:00:00Z
glow_lab_beauty,Glow Lab Beauty,Beauty,stylemart,StyleMart,gmv,GMV,2026-05-01,2026-05-31,2026-05,historical,639410808.15,USD,,2026-06-01T08:00:00Z
glow_lab_beauty,Glow Lab Beauty,Beauty,stylemart,StyleMart,gmv,GMV,2026-06-01,2026-06-30,2026-06,mtd,93587154.65,USD,2026-06-04T09:00:00Z,2026-06-04T09:05:00Z
glow_lab_beauty,Glow Lab Beauty,Beauty,stylemart,StyleMart,gmv,GMV,2026-06-01,2026-06-30,2026-06,mtd,96915360.06,USD,2026-06-04T13:00:00Z,2026-06-04T13:05:00Z
glow_lab_beauty,Glow Lab Beauty,Beauty,stylemart,StyleMart,gmv,GMV,2026-06-01,2026-06-30,2026-06,mtd,100618434.19,USD,2026-06-04T17:00:00Z,2026-06-04T17:05:00Z
glow_lab_beauty,Glow Lab Beauty,Beauty,stylemart,StyleMart,units_sold,Units Sold,2025-05-01,2025-05-31,2025-05,historical,13524882,units,,2025-06-01T08:00:00Z
glow_lab_beauty,Glow Lab Beauty,Beauty,stylemart,StyleMart,units_sold,Units Sold,2025-06-01,2025-06-30,2025-06,historical,13233923,units,,2025-07-01T08:00:00Z
glow_lab_beauty,Glow Lab Beauty,Beauty,stylemart,StyleMart,units_sold,Units Sold,2025-07-01,2025-07-31,2025-07,historical,13149766,units,,2025-08-01T08:00:00Z
glow_lab_beauty,Glow Lab Beauty,Beauty,stylemart,StyleMart,units_sold,Units Sold,2025-08-01,2025-08-31,2025-08,historical,13035711,units,,2025-09-01T08:00:00Z
glow_lab_beauty,Glow Lab Beauty,Beauty,stylemart,StyleMart,units_sold,Units Sold,2025-09-01,2025-09-30,2025-09,historical,12616364,units,,2025-10-01T08:00:00Z
glow_lab_beauty,Glow Lab Beauty,Beauty,stylemart,StyleMart,units_sold,Units Sold,2025-10-01,2025-10-31,2025-10,historical,13261778,units,,2025-11-01T08:00:00Z
glow_lab_beauty,Glow Lab Beauty,Beauty,stylemart,StyleMart,units_sold,Units Sold,2025-11-01,2025-11-30,2025-11,historical,12518105,units,,2025-12-01T08:00:00Z
glow_lab_beauty,Glow Lab Beauty,Beauty,stylemart,StyleMart,units_sold,Units Sold,2025-12-01,2025-12-31,2025-12,historical,13428288,units,,2026-01-01T08:00:00Z
glow_lab_beauty,Glow Lab Beauty,Beauty,stylemart,StyleMart,units_sold,Units Sold,2026-01-01,2026-01-31,2026-01,historical,13602640,units,,2026-02-01T08:00:00Z
glow_lab_beauty,Glow Lab Beauty,Beauty,stylemart,StyleMart,units_sold,Units Sold,2026-02-01,2026-02-28,2026-02,historical,14652037,units,,2026-03-01T08:00:00Z
glow_lab_beauty,Glow Lab Beauty,Beauty,stylemart,StyleMart,units_sold,Units Sold,2026-03-01,2026-03-31,2026-03,historical,15179779,units,,2026-04-01T08:00:00Z
glow_lab_beauty,Glow Lab Beauty,Beauty,stylemart,StyleMart,units_sold,Units Sold,2026-04-01,2026-04-30,2026-04,historical,16282364,units,,2026-05-01T08:00:00Z
glow_lab_beauty,Glow Lab Beauty,Beauty,stylemart,StyleMart,units_sold,Units Sold,2026-05-01,2026-05-31,2026-05,historical,16465707,units,,2026-06-01T08:00:00Z
glow_lab_beauty,Glow Lab Beauty,Beauty,stylemart,StyleMart,units_sold,Units Sold,2026-06-01,2026-06-30,2026-06,mtd,2312690,units,2026-06-04T09:00:00Z,2026-06-04T09:05:00Z
glow_lab_beauty,Glow Lab Beauty,Beauty,stylemart,StyleMart,units_sold,Units Sold,2026-06-01,2026-06-30,2026-06,mtd,2402091,units,2026-06-04T13:00:00Z,2026-06-04T13:05:00Z
glow_lab_beauty,Glow Lab Beauty,Beauty,stylemart,StyleMart,units_sold,Units Sold,2026-06-01,2026-06-30,2026-06,mtd,2473204,units,2026-06-04T17:00:00Z,2026-06-04T17:05:00Z
glow_lab_beauty,Glow Lab Beauty,Beauty,stylemart,StyleMart,asp,ASP,2025-05-01,2025-05-31,2025-05,historical,144.38,USD,,2025-06-01T08:00:00Z
glow_lab_beauty,Glow Lab Beauty,Beauty,stylemart,StyleMart,asp,ASP,2025-06-01,2025-06-30,2025-06,historical,138.50,USD,,2025-07-01T08:00:00Z
glow_lab_beauty,Glow Lab Beauty,Beauty,stylemart,StyleMart,asp,ASP,2025-07-01,2025-07-31,2025-07,historical,122.78,USD,,2025-08-01T08:00:00Z
glow_lab_beauty,Glow Lab Beauty,Beauty,stylemart,StyleMart,asp,ASP,2025-08-01,2025-08-31,2025-08,historical,129.33,USD,,2025-09-01T08:00:00Z
glow_lab_beauty,Glow Lab Beauty,Beauty,stylemart,StyleMart,asp,ASP,2025-09-01,2025-09-30,2025-09,historical,124.38,USD,,2025-10-01T08:00:00Z
glow_lab_beauty,Glow Lab Beauty,Beauty,stylemart,StyleMart,asp,ASP,2025-10-01,2025-10-31,2025-10,historical,123.51,USD,,2025-11-01T08:00:00Z
glow_lab_beauty,Glow Lab Beauty,Beauty,stylemart,StyleMart,asp,ASP,2025-11-01,2025-11-30,2025-11,historical,125.31,USD,,2025-12-01T08:00:00Z
glow_lab_beauty,Glow Lab Beauty,Beauty,stylemart,StyleMart,asp,ASP,2025-12-01,2025-12-31,2025-12,historical,125.52,USD,,2026-01-01T08:00:00Z
glow_lab_beauty,Glow Lab Beauty,Beauty,stylemart,StyleMart,asp,ASP,2026-01-01,2026-01-31,2026-01,historical,137.31,USD,,2026-02-01T08:00:00Z
glow_lab_beauty,Glow Lab Beauty,Beauty,stylemart,StyleMart,asp,ASP,2026-02-01,2026-02-28,2026-02,historical,144.18,USD,,2026-03-01T08:00:00Z
glow_lab_beauty,Glow Lab Beauty,Beauty,stylemart,StyleMart,asp,ASP,2026-03-01,2026-03-31,2026-03,historical,153.28,USD,,2026-04-01T08:00:00Z
glow_lab_beauty,Glow Lab Beauty,Beauty,stylemart,StyleMart,asp,ASP,2026-04-01,2026-04-30,2026-04,historical,146.45,USD,,2026-05-01T08:00:00Z
glow_lab_beauty,Glow Lab Beauty,Beauty,stylemart,StyleMart,asp,ASP,2026-05-01,2026-05-31,2026-05,historical,151.90,USD,,2026-06-01T08:00:00Z
glow_lab_beauty,Glow Lab Beauty,Beauty,stylemart,StyleMart,asp,ASP,2026-06-01,2026-06-30,2026-06,mtd,147.54,USD,2026-06-04T09:00:00Z,2026-06-04T09:05:00Z
glow_lab_beauty,Glow Lab Beauty,Beauty,stylemart,StyleMart,asp,ASP,2026-06-01,2026-06-30,2026-06,mtd,149.52,USD,2026-06-04T13:00:00Z,2026-06-04T13:05:00Z
glow_lab_beauty,Glow Lab Beauty,Beauty,stylemart,StyleMart,asp,ASP,2026-06-01,2026-06-30,2026-06,mtd,153.44,USD,2026-06-04T17:00:00Z,2026-06-04T17:05:00Z
glow_lab_beauty,Glow Lab Beauty,Beauty,market_square,Market Square,gmv,GMV,2025-05-01,2025-05-31,2025-05,historical,627266781.24,USD,,2025-06-01T08:00:00Z
glow_lab_beauty,Glow Lab Beauty,Beauty,market_square,Market Square,gmv,GMV,2025-06-01,2025-06-30,2025-06,historical,589859559.05,USD,,2025-07-01T08:00:00Z
glow_lab_beauty,Glow Lab Beauty,Beauty,market_square,Market Square,gmv,GMV,2025-07-01,2025-07-31,2025-07,historical,589780100.61,USD,,2025-08-01T08:00:00Z
glow_lab_beauty,Glow Lab Beauty,Beauty,market_square,Market Square,gmv,GMV,2025-08-01,2025-08-31,2025-08,historical,532155156.76,USD,,2025-09-01T08:00:00Z
glow_lab_beauty,Glow Lab Beauty,Beauty,market_square,Market Square,gmv,GMV,2025-09-01,2025-09-30,2025-09,historical,520069663.38,USD,,2025-10-01T08:00:00Z
glow_lab_beauty,Glow Lab Beauty,Beauty,market_square,Market Square,gmv,GMV,2025-10-01,2025-10-31,2025-10,historical,508698622.85,USD,,2025-11-01T08:00:00Z
glow_lab_beauty,Glow Lab Beauty,Beauty,market_square,Market Square,gmv,GMV,2025-11-01,2025-11-30,2025-11,historical,525652971.47,USD,,2025-12-01T08:00:00Z
glow_lab_beauty,Glow Lab Beauty,Beauty,market_square,Market Square,gmv,GMV,2025-12-01,2025-12-31,2025-12,historical,526833522.99,USD,,2026-01-01T08:00:00Z
glow_lab_beauty,Glow Lab Beauty,Beauty,market_square,Market Square,gmv,GMV,2026-01-01,2026-01-31,2026-01,historical,571067034.51,USD,,2026-02-01T08:00:00Z
glow_lab_beauty,Glow Lab Beauty,Beauty,market_square,Market Square,gmv,GMV,2026-02-01,2026-02-28,2026-02,historical,641607085.09,USD,,2026-03-01T08:00:00Z
glow_lab_beauty,Glow Lab Beauty,Beauty,market_square,Market Square,gmv,GMV,2026-03-01,2026-03-31,2026-03,historical,659293761.38,USD,,2026-04-01T08:00:00Z
glow_lab_beauty,Glow Lab Beauty,Beauty,market_square,Market Square,gmv,GMV,2026-04-01,2026-04-30,2026-04,historical,603358021.32,USD,,2026-05-01T08:00:00Z
glow_lab_beauty,Glow Lab Beauty,Beauty,market_square,Market Square,gmv,GMV,2026-05-01,2026-05-31,2026-05,historical,668317919.14,USD,,2026-06-01T08:00:00Z
glow_lab_beauty,Glow Lab Beauty,Beauty,market_square,Market Square,gmv,GMV,2026-06-01,2026-06-30,2026-06,mtd,88915202.60,USD,2026-06-04T09:00:00Z,2026-06-04T09:05:00Z
glow_lab_beauty,Glow Lab Beauty,Beauty,market_square,Market Square,gmv,GMV,2026-06-01,2026-06-30,2026-06,mtd,90760082.74,USD,2026-06-04T13:00:00Z,2026-06-04T13:05:00Z
glow_lab_beauty,Glow Lab Beauty,Beauty,market_square,Market Square,gmv,GMV,2026-06-01,2026-06-30,2026-06,mtd,96194055.68,USD,2026-06-04T17:00:00Z,2026-06-04T17:05:00Z
glow_lab_beauty,Glow Lab Beauty,Beauty,market_square,Market Square,units_sold,Units Sold,2025-05-01,2025-05-31,2025-05,historical,13953290,units,,2025-06-01T08:00:00Z
glow_lab_beauty,Glow Lab Beauty,Beauty,market_square,Market Square,units_sold,Units Sold,2025-06-01,2025-06-30,2025-06,historical,13449597,units,,2025-07-01T08:00:00Z
glow_lab_beauty,Glow Lab Beauty,Beauty,market_square,Market Square,units_sold,Units Sold,2025-07-01,2025-07-31,2025-07,historical,13209713,units,,2025-08-01T08:00:00Z
glow_lab_beauty,Glow Lab Beauty,Beauty,market_square,Market Square,units_sold,Units Sold,2025-08-01,2025-08-31,2025-08,historical,13093780,units,,2025-09-01T08:00:00Z
glow_lab_beauty,Glow Lab Beauty,Beauty,market_square,Market Square,units_sold,Units Sold,2025-09-01,2025-09-30,2025-09,historical,12344469,units,,2025-10-01T08:00:00Z
glow_lab_beauty,Glow Lab Beauty,Beauty,market_square,Market Square,units_sold,Units Sold,2025-10-01,2025-10-31,2025-10,historical,11943356,units,,2025-11-01T08:00:00Z
glow_lab_beauty,Glow Lab Beauty,Beauty,market_square,Market Square,units_sold,Units Sold,2025-11-01,2025-11-30,2025-11,historical,13220128,units,,2025-12-01T08:00:00Z
glow_lab_beauty,Glow Lab Beauty,Beauty,market_square,Market Square,units_sold,Units Sold,2025-12-01,2025-12-31,2025-12,historical,13268903,units,,2026-01-01T08:00:00Z
glow_lab_beauty,Glow Lab Beauty,Beauty,market_square,Market Square,units_sold,Units Sold,2026-01-01,2026-01-31,2026-01,historical,12778732,units,,2026-02-01T08:00:00Z
glow_lab_beauty,Glow Lab Beauty,Beauty,market_square,Market Square,units_sold,Units Sold,2026-02-01,2026-02-28,2026-02,historical,13787881,units,,2026-03-01T08:00:00Z
glow_lab_beauty,Glow Lab Beauty,Beauty,market_square,Market Square,units_sold,Units Sold,2026-03-01,2026-03-31,2026-03,historical,14814027,units,,2026-04-01T08:00:00Z
glow_lab_beauty,Glow Lab Beauty,Beauty,market_square,Market Square,units_sold,Units Sold,2026-04-01,2026-04-30,2026-04,historical,15095589,units,,2026-05-01T08:00:00Z
glow_lab_beauty,Glow Lab Beauty,Beauty,market_square,Market Square,units_sold,Units Sold,2026-05-01,2026-05-31,2026-05,historical,14332791,units,,2026-06-01T08:00:00Z
glow_lab_beauty,Glow Lab Beauty,Beauty,market_square,Market Square,units_sold,Units Sold,2026-06-01,2026-06-30,2026-06,mtd,2220285,units,2026-06-04T09:00:00Z,2026-06-04T09:05:00Z
glow_lab_beauty,Glow Lab Beauty,Beauty,market_square,Market Square,units_sold,Units Sold,2026-06-01,2026-06-30,2026-06,mtd,2275836,units,2026-06-04T13:00:00Z,2026-06-04T13:05:00Z
glow_lab_beauty,Glow Lab Beauty,Beauty,market_square,Market Square,units_sold,Units Sold,2026-06-01,2026-06-30,2026-06,mtd,2355600,units,2026-06-04T17:00:00Z,2026-06-04T17:05:00Z
glow_lab_beauty,Glow Lab Beauty,Beauty,market_square,Market Square,asp,ASP,2025-05-01,2025-05-31,2025-05,historical,117.13,USD,,2025-06-01T08:00:00Z
glow_lab_beauty,Glow Lab Beauty,Beauty,market_square,Market Square,asp,ASP,2025-06-01,2025-06-30,2025-06,historical,109.74,USD,,2025-07-01T08:00:00Z
glow_lab_beauty,Glow Lab Beauty,Beauty,market_square,Market Square,asp,ASP,2025-07-01,2025-07-31,2025-07,historical,112.58,USD,,2025-08-01T08:00:00Z
glow_lab_beauty,Glow Lab Beauty,Beauty,market_square,Market Square,asp,ASP,2025-08-01,2025-08-31,2025-08,historical,98.38,USD,,2025-09-01T08:00:00Z
glow_lab_beauty,Glow Lab Beauty,Beauty,market_square,Market Square,asp,ASP,2025-09-01,2025-09-30,2025-09,historical,103.38,USD,,2025-10-01T08:00:00Z
glow_lab_beauty,Glow Lab Beauty,Beauty,market_square,Market Square,asp,ASP,2025-10-01,2025-10-31,2025-10,historical,102.06,USD,,2025-11-01T08:00:00Z
glow_lab_beauty,Glow Lab Beauty,Beauty,market_square,Market Square,asp,ASP,2025-11-01,2025-11-30,2025-11,historical,98.37,USD,,2025-12-01T08:00:00Z
glow_lab_beauty,Glow Lab Beauty,Beauty,market_square,Market Square,asp,ASP,2025-12-01,2025-12-31,2025-12,historical,105.92,USD,,2026-01-01T08:00:00Z
glow_lab_beauty,Glow Lab Beauty,Beauty,market_square,Market Square,asp,ASP,2026-01-01,2026-01-31,2026-01,historical,111.29,USD,,2026-02-01T08:00:00Z
glow_lab_beauty,Glow Lab Beauty,Beauty,market_square,Market Square,asp,ASP,2026-02-01,2026-02-28,2026-02,historical,118.01,USD,,2026-03-01T08:00:00Z
glow_lab_beauty,Glow Lab Beauty,Beauty,market_square,Market Square,asp,ASP,2026-03-01,2026-03-31,2026-03,historical,121.75,USD,,2026-04-01T08:00:00Z
glow_lab_beauty,Glow Lab Beauty,Beauty,market_square,Market Square,asp,ASP,2026-04-01,2026-04-30,2026-04,historical,116.71,USD,,2026-05-01T08:00:00Z
glow_lab_beauty,Glow Lab Beauty,Beauty,market_square,Market Square,asp,ASP,2026-05-01,2026-05-31,2026-05,historical,124.76,USD,,2026-06-01T08:00:00Z
glow_lab_beauty,Glow Lab Beauty,Beauty,market_square,Market Square,asp,ASP,2026-06-01,2026-06-30,2026-06,mtd,121.98,USD,2026-06-04T09:00:00Z,2026-06-04T09:05:00Z
glow_lab_beauty,Glow Lab Beauty,Beauty,market_square,Market Square,asp,ASP,2026-06-01,2026-06-30,2026-06,mtd,122.99,USD,2026-06-04T13:00:00Z,2026-06-04T13:05:00Z
glow_lab_beauty,Glow Lab Beauty,Beauty,market_square,Market Square,asp,ASP,2026-06-01,2026-06-30,2026-06,mtd,123.57,USD,2026-06-04T17:00:00Z,2026-06-04T17:05:00Z
glow_lab_beauty,Glow Lab Beauty,Beauty,value_hub,Value Hub,gmv,GMV,2025-05-01,2025-05-31,2025-05,historical,440590371.32,USD,,2025-06-01T08:00:00Z
glow_lab_beauty,Glow Lab Beauty,Beauty,value_hub,Value Hub,gmv,GMV,2025-06-01,2025-06-30,2025-06,historical,442785001.63,USD,,2025-07-01T08:00:00Z
glow_lab_beauty,Glow Lab Beauty,Beauty,value_hub,Value Hub,gmv,GMV,2025-07-01,2025-07-31,2025-07,historical,414080716.75,USD,,2025-08-01T08:00:00Z
glow_lab_beauty,Glow Lab Beauty,Beauty,value_hub,Value Hub,gmv,GMV,2025-08-01,2025-08-31,2025-08,historical,415914657.84,USD,,2025-09-01T08:00:00Z
glow_lab_beauty,Glow Lab Beauty,Beauty,value_hub,Value Hub,gmv,GMV,2025-09-01,2025-09-30,2025-09,historical,398151928.22,USD,,2025-10-01T08:00:00Z
glow_lab_beauty,Glow Lab Beauty,Beauty,value_hub,Value Hub,gmv,GMV,2025-10-01,2025-10-31,2025-10,historical,416935291.64,USD,,2025-11-01T08:00:00Z
glow_lab_beauty,Glow Lab Beauty,Beauty,value_hub,Value Hub,gmv,GMV,2025-11-01,2025-11-30,2025-11,historical,431724944.89,USD,,2025-12-01T08:00:00Z
glow_lab_beauty,Glow Lab Beauty,Beauty,value_hub,Value Hub,gmv,GMV,2025-12-01,2025-12-31,2025-12,historical,453236902.48,USD,,2026-01-01T08:00:00Z
glow_lab_beauty,Glow Lab Beauty,Beauty,value_hub,Value Hub,gmv,GMV,2026-01-01,2026-01-31,2026-01,historical,454311280.65,USD,,2026-02-01T08:00:00Z
glow_lab_beauty,Glow Lab Beauty,Beauty,value_hub,Value Hub,gmv,GMV,2026-02-01,2026-02-28,2026-02,historical,490136681.68,USD,,2026-03-01T08:00:00Z
glow_lab_beauty,Glow Lab Beauty,Beauty,value_hub,Value Hub,gmv,GMV,2026-03-01,2026-03-31,2026-03,historical,517669519.37,USD,,2026-04-01T08:00:00Z
glow_lab_beauty,Glow Lab Beauty,Beauty,value_hub,Value Hub,gmv,GMV,2026-04-01,2026-04-30,2026-04,historical,515399032.67,USD,,2026-05-01T08:00:00Z
glow_lab_beauty,Glow Lab Beauty,Beauty,value_hub,Value Hub,gmv,GMV,2026-05-01,2026-05-31,2026-05,historical,481718992.90,USD,,2026-06-01T08:00:00Z
glow_lab_beauty,Glow Lab Beauty,Beauty,value_hub,Value Hub,gmv,GMV,2026-06-01,2026-06-30,2026-06,mtd,73760235.69,USD,2026-06-04T09:00:00Z,2026-06-04T09:05:00Z
glow_lab_beauty,Glow Lab Beauty,Beauty,value_hub,Value Hub,gmv,GMV,2026-06-01,2026-06-30,2026-06,mtd,76373283.61,USD,2026-06-04T13:00:00Z,2026-06-04T13:05:00Z
glow_lab_beauty,Glow Lab Beauty,Beauty,value_hub,Value Hub,gmv,GMV,2026-06-01,2026-06-30,2026-06,mtd,79471057.00,USD,2026-06-04T17:00:00Z,2026-06-04T17:05:00Z
glow_lab_beauty,Glow Lab Beauty,Beauty,value_hub,Value Hub,units_sold,Units Sold,2025-05-01,2025-05-31,2025-05,historical,8027570,units,,2025-06-01T08:00:00Z
glow_lab_beauty,Glow Lab Beauty,Beauty,value_hub,Value Hub,units_sold,Units Sold,2025-06-01,2025-06-30,2025-06,historical,7951668,units,,2025-07-01T08:00:00Z
glow_lab_beauty,Glow Lab Beauty,Beauty,value_hub,Value Hub,units_sold,Units Sold,2025-07-01,2025-07-31,2025-07,historical,7844170,units,,2025-08-01T08:00:00Z
glow_lab_beauty,Glow Lab Beauty,Beauty,value_hub,Value Hub,units_sold,Units Sold,2025-08-01,2025-08-31,2025-08,historical,7594038,units,,2025-09-01T08:00:00Z
glow_lab_beauty,Glow Lab Beauty,Beauty,value_hub,Value Hub,units_sold,Units Sold,2025-09-01,2025-09-30,2025-09,historical,7217595,units,,2025-10-01T08:00:00Z
glow_lab_beauty,Glow Lab Beauty,Beauty,value_hub,Value Hub,units_sold,Units Sold,2025-10-01,2025-10-31,2025-10,historical,7539422,units,,2025-11-01T08:00:00Z
glow_lab_beauty,Glow Lab Beauty,Beauty,value_hub,Value Hub,units_sold,Units Sold,2025-11-01,2025-11-30,2025-11,historical,7644767,units,,2025-12-01T08:00:00Z
glow_lab_beauty,Glow Lab Beauty,Beauty,value_hub,Value Hub,units_sold,Units Sold,2025-12-01,2025-12-31,2025-12,historical,7588405,units,,2026-01-01T08:00:00Z
glow_lab_beauty,Glow Lab Beauty,Beauty,value_hub,Value Hub,units_sold,Units Sold,2026-01-01,2026-01-31,2026-01,historical,8021438,units,,2026-02-01T08:00:00Z
glow_lab_beauty,Glow Lab Beauty,Beauty,value_hub,Value Hub,units_sold,Units Sold,2026-02-01,2026-02-28,2026-02,historical,8932362,units,,2026-03-01T08:00:00Z
glow_lab_beauty,Glow Lab Beauty,Beauty,value_hub,Value Hub,units_sold,Units Sold,2026-03-01,2026-03-31,2026-03,historical,8456360,units,,2026-04-01T08:00:00Z
glow_lab_beauty,Glow Lab Beauty,Beauty,value_hub,Value Hub,units_sold,Units Sold,2026-04-01,2026-04-30,2026-04,historical,8716178,units,,2026-05-01T08:00:00Z
glow_lab_beauty,Glow Lab Beauty,Beauty,value_hub,Value Hub,units_sold,Units Sold,2026-05-01,2026-05-31,2026-05,historical,9351813,units,,2026-06-01T08:00:00Z
glow_lab_beauty,Glow Lab Beauty,Beauty,value_hub,Value Hub,units_sold,Units Sold,2026-06-01,2026-06-30,2026-06,mtd,1233669,units,2026-06-04T09:00:00Z,2026-06-04T09:05:00Z
glow_lab_beauty,Glow Lab Beauty,Beauty,value_hub,Value Hub,units_sold,Units Sold,2026-06-01,2026-06-30,2026-06,mtd,1296263,units,2026-06-04T13:00:00Z,2026-06-04T13:05:00Z
glow_lab_beauty,Glow Lab Beauty,Beauty,value_hub,Value Hub,units_sold,Units Sold,2026-06-01,2026-06-30,2026-06,mtd,1338049,units,2026-06-04T17:00:00Z,2026-06-04T17:05:00Z
glow_lab_beauty,Glow Lab Beauty,Beauty,value_hub,Value Hub,asp,ASP,2025-05-01,2025-05-31,2025-05,historical,121.70,USD,,2025-06-01T08:00:00Z
glow_lab_beauty,Glow Lab Beauty,Beauty,value_hub,Value Hub,asp,ASP,2025-06-01,2025-06-30,2025-06,historical,118.68,USD,,2025-07-01T08:00:00Z
glow_lab_beauty,Glow Lab Beauty,Beauty,value_hub,Value Hub,asp,ASP,2025-07-01,2025-07-31,2025-07,historical,116.20,USD,,2025-08-01T08:00:00Z
glow_lab_beauty,Glow Lab Beauty,Beauty,value_hub,Value Hub,asp,ASP,2025-08-01,2025-08-31,2025-08,historical,112.44,USD,,2025-09-01T08:00:00Z
glow_lab_beauty,Glow Lab Beauty,Beauty,value_hub,Value Hub,asp,ASP,2025-09-01,2025-09-30,2025-09,historical,110.09,USD,,2025-10-01T08:00:00Z
glow_lab_beauty,Glow Lab Beauty,Beauty,value_hub,Value Hub,asp,ASP,2025-10-01,2025-10-31,2025-10,historical,106.20,USD,,2025-11-01T08:00:00Z
glow_lab_beauty,Glow Lab Beauty,Beauty,value_hub,Value Hub,asp,ASP,2025-11-01,2025-11-30,2025-11,historical,109.74,USD,,2025-12-01T08:00:00Z
glow_lab_beauty,Glow Lab Beauty,Beauty,value_hub,Value Hub,asp,ASP,2025-12-01,2025-12-31,2025-12,historical,114.12,USD,,2026-01-01T08:00:00Z
glow_lab_beauty,Glow Lab Beauty,Beauty,value_hub,Value Hub,asp,ASP,2026-01-01,2026-01-31,2026-01,historical,119.83,USD,,2026-02-01T08:00:00Z
glow_lab_beauty,Glow Lab Beauty,Beauty,value_hub,Value Hub,asp,ASP,2026-02-01,2026-02-28,2026-02,historical,126.50,USD,,2026-03-01T08:00:00Z
glow_lab_beauty,Glow Lab Beauty,Beauty,value_hub,Value Hub,asp,ASP,2026-03-01,2026-03-31,2026-03,historical,135.68,USD,,2026-04-01T08:00:00Z
glow_lab_beauty,Glow Lab Beauty,Beauty,value_hub,Value Hub,asp,ASP,2026-04-01,2026-04-30,2026-04,historical,145.73,USD,,2026-05-01T08:00:00Z
glow_lab_beauty,Glow Lab Beauty,Beauty,value_hub,Value Hub,asp,ASP,2026-05-01,2026-05-31,2026-05,historical,140.59,USD,,2026-06-01T08:00:00Z
glow_lab_beauty,Glow Lab Beauty,Beauty,value_hub,Value Hub,asp,ASP,2026-06-01,2026-06-30,2026-06,mtd,139.09,USD,2026-06-04T09:00:00Z,2026-06-04T09:05:00Z
glow_lab_beauty,Glow Lab Beauty,Beauty,value_hub,Value Hub,asp,ASP,2026-06-01,2026-06-30,2026-06,mtd,139.28,USD,2026-06-04T13:00:00Z,2026-06-04T13:05:00Z
glow_lab_beauty,Glow Lab Beauty,Beauty,value_hub,Value Hub,asp,ASP,2026-06-01,2026-06-30,2026-06,mtd,139.39,USD,2026-06-04T17:00:00Z,2026-06-04T17:05:00Z
fresh_face_co,Fresh Face Co.,Beauty,stylemart,StyleMart,gmv,GMV,2025-05-01,2025-05-31,2025-05,historical,790843818.41,USD,,2025-06-01T08:00:00Z
fresh_face_co,Fresh Face Co.,Beauty,stylemart,StyleMart,gmv,GMV,2025-06-01,2025-06-30,2025-06,historical,721798390.20,USD,,2025-07-01T08:00:00Z
fresh_face_co,Fresh Face Co.,Beauty,stylemart,StyleMart,gmv,GMV,2025-07-01,2025-07-31,2025-07,historical,697811773.38,USD,,2025-08-01T08:00:00Z
fresh_face_co,Fresh Face Co.,Beauty,stylemart,StyleMart,gmv,GMV,2025-08-01,2025-08-31,2025-08,historical,662603768.60,USD,,2025-09-01T08:00:00Z
fresh_face_co,Fresh Face Co.,Beauty,stylemart,StyleMart,gmv,GMV,2025-09-01,2025-09-30,2025-09,historical,654993314.76,USD,,2025-10-01T08:00:00Z
fresh_face_co,Fresh Face Co.,Beauty,stylemart,StyleMart,gmv,GMV,2025-10-01,2025-10-31,2025-10,historical,640840195.77,USD,,2025-11-01T08:00:00Z
fresh_face_co,Fresh Face Co.,Beauty,stylemart,StyleMart,gmv,GMV,2025-11-01,2025-11-30,2025-11,historical,695771419.17,USD,,2025-12-01T08:00:00Z
fresh_face_co,Fresh Face Co.,Beauty,stylemart,StyleMart,gmv,GMV,2025-12-01,2025-12-31,2025-12,historical,721868984.69,USD,,2026-01-01T08:00:00Z
fresh_face_co,Fresh Face Co.,Beauty,stylemart,StyleMart,gmv,GMV,2026-01-01,2026-01-31,2026-01,historical,768841080.30,USD,,2026-02-01T08:00:00Z
fresh_face_co,Fresh Face Co.,Beauty,stylemart,StyleMart,gmv,GMV,2026-02-01,2026-02-28,2026-02,historical,793350924.68,USD,,2026-03-01T08:00:00Z
fresh_face_co,Fresh Face Co.,Beauty,stylemart,StyleMart,gmv,GMV,2026-03-01,2026-03-31,2026-03,historical,786883149.76,USD,,2026-04-01T08:00:00Z
fresh_face_co,Fresh Face Co.,Beauty,stylemart,StyleMart,gmv,GMV,2026-04-01,2026-04-30,2026-04,historical,852757995.96,USD,,2026-05-01T08:00:00Z
fresh_face_co,Fresh Face Co.,Beauty,stylemart,StyleMart,gmv,GMV,2026-05-01,2026-05-31,2026-05,historical,807235213.10,USD,,2026-06-01T08:00:00Z
fresh_face_co,Fresh Face Co.,Beauty,stylemart,StyleMart,gmv,GMV,2026-06-01,2026-06-30,2026-06,mtd,119542819.28,USD,2026-06-04T09:00:00Z,2026-06-04T09:05:00Z
fresh_face_co,Fresh Face Co.,Beauty,stylemart,StyleMart,gmv,GMV,2026-06-01,2026-06-30,2026-06,mtd,121068627.72,USD,2026-06-04T13:00:00Z,2026-06-04T13:05:00Z
fresh_face_co,Fresh Face Co.,Beauty,stylemart,StyleMart,gmv,GMV,2026-06-01,2026-06-30,2026-06,mtd,128758684.03,USD,2026-06-04T17:00:00Z,2026-06-04T17:05:00Z
fresh_face_co,Fresh Face Co.,Beauty,stylemart,StyleMart,units_sold,Units Sold,2025-05-01,2025-05-31,2025-05,historical,10689259,units,,2025-06-01T08:00:00Z
fresh_face_co,Fresh Face Co.,Beauty,stylemart,StyleMart,units_sold,Units Sold,2025-06-01,2025-06-30,2025-06,historical,9641468,units,,2025-07-01T08:00:00Z
fresh_face_co,Fresh Face Co.,Beauty,stylemart,StyleMart,units_sold,Units Sold,2025-07-01,2025-07-31,2025-07,historical,9200402,units,,2025-08-01T08:00:00Z
fresh_face_co,Fresh Face Co.,Beauty,stylemart,StyleMart,units_sold,Units Sold,2025-08-01,2025-08-31,2025-08,historical,8925633,units,,2025-09-01T08:00:00Z
fresh_face_co,Fresh Face Co.,Beauty,stylemart,StyleMart,units_sold,Units Sold,2025-09-01,2025-09-30,2025-09,historical,9428041,units,,2025-10-01T08:00:00Z
fresh_face_co,Fresh Face Co.,Beauty,stylemart,StyleMart,units_sold,Units Sold,2025-10-01,2025-10-31,2025-10,historical,9117948,units,,2025-11-01T08:00:00Z
fresh_face_co,Fresh Face Co.,Beauty,stylemart,StyleMart,units_sold,Units Sold,2025-11-01,2025-11-30,2025-11,historical,9370621,units,,2025-12-01T08:00:00Z
fresh_face_co,Fresh Face Co.,Beauty,stylemart,StyleMart,units_sold,Units Sold,2025-12-01,2025-12-31,2025-12,historical,9086001,units,,2026-01-01T08:00:00Z
fresh_face_co,Fresh Face Co.,Beauty,stylemart,StyleMart,units_sold,Units Sold,2026-01-01,2026-01-31,2026-01,historical,9713562,units,,2026-02-01T08:00:00Z
fresh_face_co,Fresh Face Co.,Beauty,stylemart,StyleMart,units_sold,Units Sold,2026-02-01,2026-02-28,2026-02,historical,10457179,units,,2026-03-01T08:00:00Z
fresh_face_co,Fresh Face Co.,Beauty,stylemart,StyleMart,units_sold,Units Sold,2026-03-01,2026-03-31,2026-03,historical,10376439,units,,2026-04-01T08:00:00Z
fresh_face_co,Fresh Face Co.,Beauty,stylemart,StyleMart,units_sold,Units Sold,2026-04-01,2026-04-30,2026-04,historical,10868173,units,,2026-05-01T08:00:00Z
fresh_face_co,Fresh Face Co.,Beauty,stylemart,StyleMart,units_sold,Units Sold,2026-05-01,2026-05-31,2026-05,historical,10794025,units,,2026-06-01T08:00:00Z
fresh_face_co,Fresh Face Co.,Beauty,stylemart,StyleMart,units_sold,Units Sold,2026-06-01,2026-06-30,2026-06,mtd,1506138,units,2026-06-04T09:00:00Z,2026-06-04T09:05:00Z
fresh_face_co,Fresh Face Co.,Beauty,stylemart,StyleMart,units_sold,Units Sold,2026-06-01,2026-06-30,2026-06,mtd,1547292,units,2026-06-04T13:00:00Z,2026-06-04T13:05:00Z
fresh_face_co,Fresh Face Co.,Beauty,stylemart,StyleMart,units_sold,Units Sold,2026-06-01,2026-06-30,2026-06,mtd,1620650,units,2026-06-04T17:00:00Z,2026-06-04T17:05:00Z
fresh_face_co,Fresh Face Co.,Beauty,stylemart,StyleMart,asp,ASP,2025-05-01,2025-05-31,2025-05,historical,200.48,USD,,2025-06-01T08:00:00Z
fresh_face_co,Fresh Face Co.,Beauty,stylemart,StyleMart,asp,ASP,2025-06-01,2025-06-30,2025-06,historical,188.98,USD,,2025-07-01T08:00:00Z
fresh_face_co,Fresh Face Co.,Beauty,stylemart,StyleMart,asp,ASP,2025-07-01,2025-07-31,2025-07,historical,193.90,USD,,2025-08-01T08:00:00Z
fresh_face_co,Fresh Face Co.,Beauty,stylemart,StyleMart,asp,ASP,2025-08-01,2025-08-31,2025-08,historical,186.55,USD,,2025-09-01T08:00:00Z
fresh_face_co,Fresh Face Co.,Beauty,stylemart,StyleMart,asp,ASP,2025-09-01,2025-09-30,2025-09,historical,191.27,USD,,2025-10-01T08:00:00Z
fresh_face_co,Fresh Face Co.,Beauty,stylemart,StyleMart,asp,ASP,2025-10-01,2025-10-31,2025-10,historical,191.77,USD,,2025-11-01T08:00:00Z
fresh_face_co,Fresh Face Co.,Beauty,stylemart,StyleMart,asp,ASP,2025-11-01,2025-11-30,2025-11,historical,176.51,USD,,2025-12-01T08:00:00Z
fresh_face_co,Fresh Face Co.,Beauty,stylemart,StyleMart,asp,ASP,2025-12-01,2025-12-31,2025-12,historical,185.82,USD,,2026-01-01T08:00:00Z
fresh_face_co,Fresh Face Co.,Beauty,stylemart,StyleMart,asp,ASP,2026-01-01,2026-01-31,2026-01,historical,191.81,USD,,2026-02-01T08:00:00Z
fresh_face_co,Fresh Face Co.,Beauty,stylemart,StyleMart,asp,ASP,2026-02-01,2026-02-28,2026-02,historical,220.09,USD,,2026-03-01T08:00:00Z
fresh_face_co,Fresh Face Co.,Beauty,stylemart,StyleMart,asp,ASP,2026-03-01,2026-03-31,2026-03,historical,228.36,USD,,2026-04-01T08:00:00Z
fresh_face_co,Fresh Face Co.,Beauty,stylemart,StyleMart,asp,ASP,2026-04-01,2026-04-30,2026-04,historical,210.82,USD,,2026-05-01T08:00:00Z
fresh_face_co,Fresh Face Co.,Beauty,stylemart,StyleMart,asp,ASP,2026-05-01,2026-05-31,2026-05,historical,228.54,USD,,2026-06-01T08:00:00Z
fresh_face_co,Fresh Face Co.,Beauty,stylemart,StyleMart,asp,ASP,2026-06-01,2026-06-30,2026-06,mtd,223.33,USD,2026-06-04T09:00:00Z,2026-06-04T09:05:00Z
fresh_face_co,Fresh Face Co.,Beauty,stylemart,StyleMart,asp,ASP,2026-06-01,2026-06-30,2026-06,mtd,225.41,USD,2026-06-04T13:00:00Z,2026-06-04T13:05:00Z
fresh_face_co,Fresh Face Co.,Beauty,stylemart,StyleMart,asp,ASP,2026-06-01,2026-06-30,2026-06,mtd,230.87,USD,2026-06-04T17:00:00Z,2026-06-04T17:05:00Z
fresh_face_co,Fresh Face Co.,Beauty,fresh_cart,Fresh Cart,gmv,GMV,2025-05-01,2025-05-31,2025-05,historical,433969120.38,USD,,2025-06-01T08:00:00Z
fresh_face_co,Fresh Face Co.,Beauty,fresh_cart,Fresh Cart,gmv,GMV,2025-06-01,2025-06-30,2025-06,historical,438762024.12,USD,,2025-07-01T08:00:00Z
fresh_face_co,Fresh Face Co.,Beauty,fresh_cart,Fresh Cart,gmv,GMV,2025-07-01,2025-07-31,2025-07,historical,427911833.89,USD,,2025-08-01T08:00:00Z
fresh_face_co,Fresh Face Co.,Beauty,fresh_cart,Fresh Cart,gmv,GMV,2025-08-01,2025-08-31,2025-08,historical,434775324.65,USD,,2025-09-01T08:00:00Z
fresh_face_co,Fresh Face Co.,Beauty,fresh_cart,Fresh Cart,gmv,GMV,2025-09-01,2025-09-30,2025-09,historical,427633016.80,USD,,2025-10-01T08:00:00Z
fresh_face_co,Fresh Face Co.,Beauty,fresh_cart,Fresh Cart,gmv,GMV,2025-10-01,2025-10-31,2025-10,historical,430943699.14,USD,,2025-11-01T08:00:00Z
fresh_face_co,Fresh Face Co.,Beauty,fresh_cart,Fresh Cart,gmv,GMV,2025-11-01,2025-11-30,2025-11,historical,393984323.84,USD,,2025-12-01T08:00:00Z
fresh_face_co,Fresh Face Co.,Beauty,fresh_cart,Fresh Cart,gmv,GMV,2025-12-01,2025-12-31,2025-12,historical,439515842.80,USD,,2026-01-01T08:00:00Z
fresh_face_co,Fresh Face Co.,Beauty,fresh_cart,Fresh Cart,gmv,GMV,2026-01-01,2026-01-31,2026-01,historical,434178665.30,USD,,2026-02-01T08:00:00Z
fresh_face_co,Fresh Face Co.,Beauty,fresh_cart,Fresh Cart,gmv,GMV,2026-02-01,2026-02-28,2026-02,historical,454709311.89,USD,,2026-03-01T08:00:00Z
fresh_face_co,Fresh Face Co.,Beauty,fresh_cart,Fresh Cart,gmv,GMV,2026-03-01,2026-03-31,2026-03,historical,509302194.37,USD,,2026-04-01T08:00:00Z
fresh_face_co,Fresh Face Co.,Beauty,fresh_cart,Fresh Cart,gmv,GMV,2026-04-01,2026-04-30,2026-04,historical,519151294.82,USD,,2026-05-01T08:00:00Z
fresh_face_co,Fresh Face Co.,Beauty,fresh_cart,Fresh Cart,gmv,GMV,2026-05-01,2026-05-31,2026-05,historical,515728056.36,USD,,2026-06-01T08:00:00Z
fresh_face_co,Fresh Face Co.,Beauty,fresh_cart,Fresh Cart,gmv,GMV,2026-06-01,2026-06-30,2026-06,mtd,71383395.38,USD,2026-06-04T09:00:00Z,2026-06-04T09:05:00Z
fresh_face_co,Fresh Face Co.,Beauty,fresh_cart,Fresh Cart,gmv,GMV,2026-06-01,2026-06-30,2026-06,mtd,75450931.78,USD,2026-06-04T13:00:00Z,2026-06-04T13:05:00Z
fresh_face_co,Fresh Face Co.,Beauty,fresh_cart,Fresh Cart,gmv,GMV,2026-06-01,2026-06-30,2026-06,mtd,78712579.62,USD,2026-06-04T17:00:00Z,2026-06-04T17:05:00Z
fresh_face_co,Fresh Face Co.,Beauty,fresh_cart,Fresh Cart,units_sold,Units Sold,2025-05-01,2025-05-31,2025-05,historical,13919071,units,,2025-06-01T08:00:00Z
fresh_face_co,Fresh Face Co.,Beauty,fresh_cart,Fresh Cart,units_sold,Units Sold,2025-06-01,2025-06-30,2025-06,historical,14364005,units,,2025-07-01T08:00:00Z
fresh_face_co,Fresh Face Co.,Beauty,fresh_cart,Fresh Cart,units_sold,Units Sold,2025-07-01,2025-07-31,2025-07,historical,13128596,units,,2025-08-01T08:00:00Z
fresh_face_co,Fresh Face Co.,Beauty,fresh_cart,Fresh Cart,units_sold,Units Sold,2025-08-01,2025-08-31,2025-08,historical,12861318,units,,2025-09-01T08:00:00Z
fresh_face_co,Fresh Face Co.,Beauty,fresh_cart,Fresh Cart,units_sold,Units Sold,2025-09-01,2025-09-30,2025-09,historical,12635903,units,,2025-10-01T08:00:00Z
fresh_face_co,Fresh Face Co.,Beauty,fresh_cart,Fresh Cart,units_sold,Units Sold,2025-10-01,2025-10-31,2025-10,historical,13195135,units,,2025-11-01T08:00:00Z
fresh_face_co,Fresh Face Co.,Beauty,fresh_cart,Fresh Cart,units_sold,Units Sold,2025-11-01,2025-11-30,2025-11,historical,12448065,units,,2025-12-01T08:00:00Z
fresh_face_co,Fresh Face Co.,Beauty,fresh_cart,Fresh Cart,units_sold,Units Sold,2025-12-01,2025-12-31,2025-12,historical,13864592,units,,2026-01-01T08:00:00Z
fresh_face_co,Fresh Face Co.,Beauty,fresh_cart,Fresh Cart,units_sold,Units Sold,2026-01-01,2026-01-31,2026-01,historical,14504514,units,,2026-02-01T08:00:00Z
fresh_face_co,Fresh Face Co.,Beauty,fresh_cart,Fresh Cart,units_sold,Units Sold,2026-02-01,2026-02-28,2026-02,historical,14536287,units,,2026-03-01T08:00:00Z
fresh_face_co,Fresh Face Co.,Beauty,fresh_cart,Fresh Cart,units_sold,Units Sold,2026-03-01,2026-03-31,2026-03,historical,15716773,units,,2026-04-01T08:00:00Z
fresh_face_co,Fresh Face Co.,Beauty,fresh_cart,Fresh Cart,units_sold,Units Sold,2026-04-01,2026-04-30,2026-04,historical,15499408,units,,2026-05-01T08:00:00Z
fresh_face_co,Fresh Face Co.,Beauty,fresh_cart,Fresh Cart,units_sold,Units Sold,2026-05-01,2026-05-31,2026-05,historical,16027515,units,,2026-06-01T08:00:00Z
fresh_face_co,Fresh Face Co.,Beauty,fresh_cart,Fresh Cart,units_sold,Units Sold,2026-06-01,2026-06-30,2026-06,mtd,2085419,units,2026-06-04T09:00:00Z,2026-06-04T09:05:00Z
fresh_face_co,Fresh Face Co.,Beauty,fresh_cart,Fresh Cart,units_sold,Units Sold,2026-06-01,2026-06-30,2026-06,mtd,2169447,units,2026-06-04T13:00:00Z,2026-06-04T13:05:00Z
fresh_face_co,Fresh Face Co.,Beauty,fresh_cart,Fresh Cart,units_sold,Units Sold,2026-06-01,2026-06-30,2026-06,mtd,2251545,units,2026-06-04T17:00:00Z,2026-06-04T17:05:00Z
fresh_face_co,Fresh Face Co.,Beauty,fresh_cart,Fresh Cart,asp,ASP,2025-05-01,2025-05-31,2025-05,historical,124.14,USD,,2025-06-01T08:00:00Z
fresh_face_co,Fresh Face Co.,Beauty,fresh_cart,Fresh Cart,asp,ASP,2025-06-01,2025-06-30,2025-06,historical,111.37,USD,,2025-07-01T08:00:00Z
fresh_face_co,Fresh Face Co.,Beauty,fresh_cart,Fresh Cart,asp,ASP,2025-07-01,2025-07-31,2025-07,historical,114.97,USD,,2025-08-01T08:00:00Z
fresh_face_co,Fresh Face Co.,Beauty,fresh_cart,Fresh Cart,asp,ASP,2025-08-01,2025-08-31,2025-08,historical,113.79,USD,,2025-09-01T08:00:00Z
fresh_face_co,Fresh Face Co.,Beauty,fresh_cart,Fresh Cart,asp,ASP,2025-09-01,2025-09-30,2025-09,historical,108.44,USD,,2025-10-01T08:00:00Z
fresh_face_co,Fresh Face Co.,Beauty,fresh_cart,Fresh Cart,asp,ASP,2025-10-01,2025-10-31,2025-10,historical,113.14,USD,,2025-11-01T08:00:00Z
fresh_face_co,Fresh Face Co.,Beauty,fresh_cart,Fresh Cart,asp,ASP,2025-11-01,2025-11-30,2025-11,historical,102.91,USD,,2025-12-01T08:00:00Z
fresh_face_co,Fresh Face Co.,Beauty,fresh_cart,Fresh Cart,asp,ASP,2025-12-01,2025-12-31,2025-12,historical,108.69,USD,,2026-01-01T08:00:00Z
fresh_face_co,Fresh Face Co.,Beauty,fresh_cart,Fresh Cart,asp,ASP,2026-01-01,2026-01-31,2026-01,historical,116.37,USD,,2026-02-01T08:00:00Z
fresh_face_co,Fresh Face Co.,Beauty,fresh_cart,Fresh Cart,asp,ASP,2026-02-01,2026-02-28,2026-02,historical,128.58,USD,,2026-03-01T08:00:00Z
fresh_face_co,Fresh Face Co.,Beauty,fresh_cart,Fresh Cart,asp,ASP,2026-03-01,2026-03-31,2026-03,historical,131.73,USD,,2026-04-01T08:00:00Z
fresh_face_co,Fresh Face Co.,Beauty,fresh_cart,Fresh Cart,asp,ASP,2026-04-01,2026-04-30,2026-04,historical,125.12,USD,,2026-05-01T08:00:00Z
fresh_face_co,Fresh Face Co.,Beauty,fresh_cart,Fresh Cart,asp,ASP,2026-05-01,2026-05-31,2026-05,historical,123.40,USD,,2026-06-01T08:00:00Z
fresh_face_co,Fresh Face Co.,Beauty,fresh_cart,Fresh Cart,asp,ASP,2026-06-01,2026-06-30,2026-06,mtd,119.78,USD,2026-06-04T09:00:00Z,2026-06-04T09:05:00Z
fresh_face_co,Fresh Face Co.,Beauty,fresh_cart,Fresh Cart,asp,ASP,2026-06-01,2026-06-30,2026-06,mtd,122.36,USD,2026-06-04T13:00:00Z,2026-06-04T13:05:00Z
fresh_face_co,Fresh Face Co.,Beauty,fresh_cart,Fresh Cart,asp,ASP,2026-06-01,2026-06-30,2026-06,mtd,122.54,USD,2026-06-04T17:00:00Z,2026-06-04T17:05:00Z
fresh_face_co,Fresh Face Co.,Beauty,market_square,Market Square,gmv,GMV,2025-05-01,2025-05-31,2025-05,historical,725901881.26,USD,,2025-06-01T08:00:00Z
fresh_face_co,Fresh Face Co.,Beauty,market_square,Market Square,gmv,GMV,2025-06-01,2025-06-30,2025-06,historical,753374646.05,USD,,2025-07-01T08:00:00Z
fresh_face_co,Fresh Face Co.,Beauty,market_square,Market Square,gmv,GMV,2025-07-01,2025-07-31,2025-07,historical,698485227.12,USD,,2025-08-01T08:00:00Z
fresh_face_co,Fresh Face Co.,Beauty,market_square,Market Square,gmv,GMV,2025-08-01,2025-08-31,2025-08,historical,719530424.71,USD,,2025-09-01T08:00:00Z
fresh_face_co,Fresh Face Co.,Beauty,market_square,Market Square,gmv,GMV,2025-09-01,2025-09-30,2025-09,historical,711422646.91,USD,,2025-10-01T08:00:00Z
fresh_face_co,Fresh Face Co.,Beauty,market_square,Market Square,gmv,GMV,2025-10-01,2025-10-31,2025-10,historical,683902708.57,USD,,2025-11-01T08:00:00Z
fresh_face_co,Fresh Face Co.,Beauty,market_square,Market Square,gmv,GMV,2025-11-01,2025-11-30,2025-11,historical,743836895.03,USD,,2025-12-01T08:00:00Z
fresh_face_co,Fresh Face Co.,Beauty,market_square,Market Square,gmv,GMV,2025-12-01,2025-12-31,2025-12,historical,729627817.74,USD,,2026-01-01T08:00:00Z
fresh_face_co,Fresh Face Co.,Beauty,market_square,Market Square,gmv,GMV,2026-01-01,2026-01-31,2026-01,historical,796678623.18,USD,,2026-02-01T08:00:00Z
fresh_face_co,Fresh Face Co.,Beauty,market_square,Market Square,gmv,GMV,2026-02-01,2026-02-28,2026-02,historical,777724794.43,USD,,2026-03-01T08:00:00Z
fresh_face_co,Fresh Face Co.,Beauty,market_square,Market Square,gmv,GMV,2026-03-01,2026-03-31,2026-03,historical,802132083.02,USD,,2026-04-01T08:00:00Z
fresh_face_co,Fresh Face Co.,Beauty,market_square,Market Square,gmv,GMV,2026-04-01,2026-04-30,2026-04,historical,897079800.97,USD,,2026-05-01T08:00:00Z
fresh_face_co,Fresh Face Co.,Beauty,market_square,Market Square,gmv,GMV,2026-05-01,2026-05-31,2026-05,historical,860891429.14,USD,,2026-06-01T08:00:00Z
fresh_face_co,Fresh Face Co.,Beauty,market_square,Market Square,gmv,GMV,2026-06-01,2026-06-30,2026-06,mtd,114667715.73,USD,2026-06-04T09:00:00Z,2026-06-04T09:05:00Z
fresh_face_co,Fresh Face Co.,Beauty,market_square,Market Square,gmv,GMV,2026-06-01,2026-06-30,2026-06,mtd,118739107.58,USD,2026-06-04T13:00:00Z,2026-06-04T13:05:00Z
fresh_face_co,Fresh Face Co.,Beauty,market_square,Market Square,gmv,GMV,2026-06-01,2026-06-30,2026-06,mtd,123035614.39,USD,2026-06-04T17:00:00Z,2026-06-04T17:05:00Z
fresh_face_co,Fresh Face Co.,Beauty,market_square,Market Square,units_sold,Units Sold,2025-05-01,2025-05-31,2025-05,historical,12804814,units,,2025-06-01T08:00:00Z
fresh_face_co,Fresh Face Co.,Beauty,market_square,Market Square,units_sold,Units Sold,2025-06-01,2025-06-30,2025-06,historical,11821211,units,,2025-07-01T08:00:00Z
fresh_face_co,Fresh Face Co.,Beauty,market_square,Market Square,units_sold,Units Sold,2025-07-01,2025-07-31,2025-07,historical,12088133,units,,2025-08-01T08:00:00Z
fresh_face_co,Fresh Face Co.,Beauty,market_square,Market Square,units_sold,Units Sold,2025-08-01,2025-08-31,2025-08,historical,11210366,units,,2025-09-01T08:00:00Z
fresh_face_co,Fresh Face Co.,Beauty,market_square,Market Square,units_sold,Units Sold,2025-09-01,2025-09-30,2025-09,historical,10779482,units,,2025-10-01T08:00:00Z
fresh_face_co,Fresh Face Co.,Beauty,market_square,Market Square,units_sold,Units Sold,2025-10-01,2025-10-31,2025-10,historical,11311482,units,,2025-11-01T08:00:00Z
fresh_face_co,Fresh Face Co.,Beauty,market_square,Market Square,units_sold,Units Sold,2025-11-01,2025-11-30,2025-11,historical,10673103,units,,2025-12-01T08:00:00Z
fresh_face_co,Fresh Face Co.,Beauty,market_square,Market Square,units_sold,Units Sold,2025-12-01,2025-12-31,2025-12,historical,11796490,units,,2026-01-01T08:00:00Z
fresh_face_co,Fresh Face Co.,Beauty,market_square,Market Square,units_sold,Units Sold,2026-01-01,2026-01-31,2026-01,historical,12478680,units,,2026-02-01T08:00:00Z
fresh_face_co,Fresh Face Co.,Beauty,market_square,Market Square,units_sold,Units Sold,2026-02-01,2026-02-28,2026-02,historical,12826996,units,,2026-03-01T08:00:00Z
fresh_face_co,Fresh Face Co.,Beauty,market_square,Market Square,units_sold,Units Sold,2026-03-01,2026-03-31,2026-03,historical,13440722,units,,2026-04-01T08:00:00Z
fresh_face_co,Fresh Face Co.,Beauty,market_square,Market Square,units_sold,Units Sold,2026-04-01,2026-04-30,2026-04,historical,14227372,units,,2026-05-01T08:00:00Z
fresh_face_co,Fresh Face Co.,Beauty,market_square,Market Square,units_sold,Units Sold,2026-05-01,2026-05-31,2026-05,historical,13885843,units,,2026-06-01T08:00:00Z
fresh_face_co,Fresh Face Co.,Beauty,market_square,Market Square,units_sold,Units Sold,2026-06-01,2026-06-30,2026-06,mtd,2048361,units,2026-06-04T09:00:00Z,2026-06-04T09:05:00Z
fresh_face_co,Fresh Face Co.,Beauty,market_square,Market Square,units_sold,Units Sold,2026-06-01,2026-06-30,2026-06,mtd,2128323,units,2026-06-04T13:00:00Z,2026-06-04T13:05:00Z
fresh_face_co,Fresh Face Co.,Beauty,market_square,Market Square,units_sold,Units Sold,2026-06-01,2026-06-30,2026-06,mtd,2163520,units,2026-06-04T17:00:00Z,2026-06-04T17:05:00Z
fresh_face_co,Fresh Face Co.,Beauty,market_square,Market Square,asp,ASP,2025-05-01,2025-05-31,2025-05,historical,144.56,USD,,2025-06-01T08:00:00Z
fresh_face_co,Fresh Face Co.,Beauty,market_square,Market Square,asp,ASP,2025-06-01,2025-06-30,2025-06,historical,149.23,USD,,2025-07-01T08:00:00Z
fresh_face_co,Fresh Face Co.,Beauty,market_square,Market Square,asp,ASP,2025-07-01,2025-07-31,2025-07,historical,142.75,USD,,2025-08-01T08:00:00Z
fresh_face_co,Fresh Face Co.,Beauty,market_square,Market Square,asp,ASP,2025-08-01,2025-08-31,2025-08,historical,124.83,USD,,2025-09-01T08:00:00Z
fresh_face_co,Fresh Face Co.,Beauty,market_square,Market Square,asp,ASP,2025-09-01,2025-09-30,2025-09,historical,133.01,USD,,2025-10-01T08:00:00Z
fresh_face_co,Fresh Face Co.,Beauty,market_square,Market Square,asp,ASP,2025-10-01,2025-10-31,2025-10,historical,126.48,USD,,2025-11-01T08:00:00Z
fresh_face_co,Fresh Face Co.,Beauty,market_square,Market Square,asp,ASP,2025-11-01,2025-11-30,2025-11,historical,124.91,USD,,2025-12-01T08:00:00Z
fresh_face_co,Fresh Face Co.,Beauty,market_square,Market Square,asp,ASP,2025-12-01,2025-12-31,2025-12,historical,135.43,USD,,2026-01-01T08:00:00Z
fresh_face_co,Fresh Face Co.,Beauty,market_square,Market Square,asp,ASP,2026-01-01,2026-01-31,2026-01,historical,146.62,USD,,2026-02-01T08:00:00Z
fresh_face_co,Fresh Face Co.,Beauty,market_square,Market Square,asp,ASP,2026-02-01,2026-02-28,2026-02,historical,143.69,USD,,2026-03-01T08:00:00Z
fresh_face_co,Fresh Face Co.,Beauty,market_square,Market Square,asp,ASP,2026-03-01,2026-03-31,2026-03,historical,159.05,USD,,2026-04-01T08:00:00Z
fresh_face_co,Fresh Face Co.,Beauty,market_square,Market Square,asp,ASP,2026-04-01,2026-04-30,2026-04,historical,156.61,USD,,2026-05-01T08:00:00Z
fresh_face_co,Fresh Face Co.,Beauty,market_square,Market Square,asp,ASP,2026-05-01,2026-05-31,2026-05,historical,158.87,USD,,2026-06-01T08:00:00Z
fresh_face_co,Fresh Face Co.,Beauty,market_square,Market Square,asp,ASP,2026-06-01,2026-06-30,2026-06,mtd,158.23,USD,2026-06-04T09:00:00Z,2026-06-04T09:05:00Z
fresh_face_co,Fresh Face Co.,Beauty,market_square,Market Square,asp,ASP,2026-06-01,2026-06-30,2026-06,mtd,159.08,USD,2026-06-04T13:00:00Z,2026-06-04T13:05:00Z
fresh_face_co,Fresh Face Co.,Beauty,market_square,Market Square,asp,ASP,2026-06-01,2026-06-30,2026-06,mtd,158.21,USD,2026-06-04T17:00:00Z,2026-06-04T17:05:00Z
northline_apparel,Northline Apparel,Apparel,stylemart,StyleMart,gmv,GMV,2025-05-01,2025-05-31,2025-05,historical,586012191.75,USD,,2025-06-01T08:00:00Z
northline_apparel,Northline Apparel,Apparel,stylemart,StyleMart,gmv,GMV,2025-06-01,2025-06-30,2025-06,historical,545005053.84,USD,,2025-07-01T08:00:00Z
northline_apparel,Northline Apparel,Apparel,stylemart,StyleMart,gmv,GMV,2025-07-01,2025-07-31,2025-07,historical,535346757.16,USD,,2025-08-01T08:00:00Z
northline_apparel,Northline Apparel,Apparel,stylemart,StyleMart,gmv,GMV,2025-08-01,2025-08-31,2025-08,historical,506536850.60,USD,,2025-09-01T08:00:00Z
northline_apparel,Northline Apparel,Apparel,stylemart,StyleMart,gmv,GMV,2025-09-01,2025-09-30,2025-09,historical,491002217.08,USD,,2025-10-01T08:00:00Z
northline_apparel,Northline Apparel,Apparel,stylemart,StyleMart,gmv,GMV,2025-10-01,2025-10-31,2025-10,historical,537430167.47,USD,,2025-11-01T08:00:00Z
northline_apparel,Northline Apparel,Apparel,stylemart,StyleMart,gmv,GMV,2025-11-01,2025-11-30,2025-11,historical,545837032.70,USD,,2025-12-01T08:00:00Z
northline_apparel,Northline Apparel,Apparel,stylemart,StyleMart,gmv,GMV,2025-12-01,2025-12-31,2025-12,historical,561685282.66,USD,,2026-01-01T08:00:00Z
northline_apparel,Northline Apparel,Apparel,stylemart,StyleMart,gmv,GMV,2026-01-01,2026-01-31,2026-01,historical,579948876.20,USD,,2026-02-01T08:00:00Z
northline_apparel,Northline Apparel,Apparel,stylemart,StyleMart,gmv,GMV,2026-02-01,2026-02-28,2026-02,historical,628116897.68,USD,,2026-03-01T08:00:00Z
northline_apparel,Northline Apparel,Apparel,stylemart,StyleMart,gmv,GMV,2026-03-01,2026-03-31,2026-03,historical,624191086.22,USD,,2026-04-01T08:00:00Z
northline_apparel,Northline Apparel,Apparel,stylemart,StyleMart,gmv,GMV,2026-04-01,2026-04-30,2026-04,historical,651493157.30,USD,,2026-05-01T08:00:00Z
northline_apparel,Northline Apparel,Apparel,stylemart,StyleMart,gmv,GMV,2026-05-01,2026-05-31,2026-05,historical,603420513.22,USD,,2026-06-01T08:00:00Z
northline_apparel,Northline Apparel,Apparel,stylemart,StyleMart,gmv,GMV,2026-06-01,2026-06-30,2026-06,mtd,92971889.77,USD,2026-06-04T09:00:00Z,2026-06-04T09:05:00Z
northline_apparel,Northline Apparel,Apparel,stylemart,StyleMart,gmv,GMV,2026-06-01,2026-06-30,2026-06,mtd,95410996.96,USD,2026-06-04T13:00:00Z,2026-06-04T13:05:00Z
northline_apparel,Northline Apparel,Apparel,stylemart,StyleMart,gmv,GMV,2026-06-01,2026-06-30,2026-06,mtd,99674655.91,USD,2026-06-04T17:00:00Z,2026-06-04T17:05:00Z
northline_apparel,Northline Apparel,Apparel,stylemart,StyleMart,units_sold,Units Sold,2025-05-01,2025-05-31,2025-05,historical,9954877,units,,2025-06-01T08:00:00Z
northline_apparel,Northline Apparel,Apparel,stylemart,StyleMart,units_sold,Units Sold,2025-06-01,2025-06-30,2025-06,historical,9987517,units,,2025-07-01T08:00:00Z
northline_apparel,Northline Apparel,Apparel,stylemart,StyleMart,units_sold,Units Sold,2025-07-01,2025-07-31,2025-07,historical,9209628,units,,2025-08-01T08:00:00Z
northline_apparel,Northline Apparel,Apparel,stylemart,StyleMart,units_sold,Units Sold,2025-08-01,2025-08-31,2025-08,historical,8580207,units,,2025-09-01T08:00:00Z
northline_apparel,Northline Apparel,Apparel,stylemart,StyleMart,units_sold,Units Sold,2025-09-01,2025-09-30,2025-09,historical,8789364,units,,2025-10-01T08:00:00Z
northline_apparel,Northline Apparel,Apparel,stylemart,StyleMart,units_sold,Units Sold,2025-10-01,2025-10-31,2025-10,historical,8722308,units,,2025-11-01T08:00:00Z
northline_apparel,Northline Apparel,Apparel,stylemart,StyleMart,units_sold,Units Sold,2025-11-01,2025-11-30,2025-11,historical,8636965,units,,2025-12-01T08:00:00Z
northline_apparel,Northline Apparel,Apparel,stylemart,StyleMart,units_sold,Units Sold,2025-12-01,2025-12-31,2025-12,historical,8806624,units,,2026-01-01T08:00:00Z
northline_apparel,Northline Apparel,Apparel,stylemart,StyleMart,units_sold,Units Sold,2026-01-01,2026-01-31,2026-01,historical,9099210,units,,2026-02-01T08:00:00Z
northline_apparel,Northline Apparel,Apparel,stylemart,StyleMart,units_sold,Units Sold,2026-02-01,2026-02-28,2026-02,historical,10048226,units,,2026-03-01T08:00:00Z
northline_apparel,Northline Apparel,Apparel,stylemart,StyleMart,units_sold,Units Sold,2026-03-01,2026-03-31,2026-03,historical,11089939,units,,2026-04-01T08:00:00Z
northline_apparel,Northline Apparel,Apparel,stylemart,StyleMart,units_sold,Units Sold,2026-04-01,2026-04-30,2026-04,historical,10219072,units,,2026-05-01T08:00:00Z
northline_apparel,Northline Apparel,Apparel,stylemart,StyleMart,units_sold,Units Sold,2026-05-01,2026-05-31,2026-05,historical,10321486,units,,2026-06-01T08:00:00Z
northline_apparel,Northline Apparel,Apparel,stylemart,StyleMart,units_sold,Units Sold,2026-06-01,2026-06-30,2026-06,mtd,1498690,units,2026-06-04T09:00:00Z,2026-06-04T09:05:00Z
northline_apparel,Northline Apparel,Apparel,stylemart,StyleMart,units_sold,Units Sold,2026-06-01,2026-06-30,2026-06,mtd,1548637,units,2026-06-04T13:00:00Z,2026-06-04T13:05:00Z
northline_apparel,Northline Apparel,Apparel,stylemart,StyleMart,units_sold,Units Sold,2026-06-01,2026-06-30,2026-06,mtd,1629159,units,2026-06-04T17:00:00Z,2026-06-04T17:05:00Z
northline_apparel,Northline Apparel,Apparel,stylemart,StyleMart,asp,ASP,2025-05-01,2025-05-31,2025-05,historical,195.54,USD,,2025-06-01T08:00:00Z
northline_apparel,Northline Apparel,Apparel,stylemart,StyleMart,asp,ASP,2025-06-01,2025-06-30,2025-06,historical,191.06,USD,,2025-07-01T08:00:00Z
northline_apparel,Northline Apparel,Apparel,stylemart,StyleMart,asp,ASP,2025-07-01,2025-07-31,2025-07,historical,185.17,USD,,2025-08-01T08:00:00Z
northline_apparel,Northline Apparel,Apparel,stylemart,StyleMart,asp,ASP,2025-08-01,2025-08-31,2025-08,historical,175.66,USD,,2025-09-01T08:00:00Z
northline_apparel,Northline Apparel,Apparel,stylemart,StyleMart,asp,ASP,2025-09-01,2025-09-30,2025-09,historical,176.34,USD,,2025-10-01T08:00:00Z
northline_apparel,Northline Apparel,Apparel,stylemart,StyleMart,asp,ASP,2025-10-01,2025-10-31,2025-10,historical,169.40,USD,,2025-11-01T08:00:00Z
northline_apparel,Northline Apparel,Apparel,stylemart,StyleMart,asp,ASP,2025-11-01,2025-11-30,2025-11,historical,175.75,USD,,2025-12-01T08:00:00Z
northline_apparel,Northline Apparel,Apparel,stylemart,StyleMart,asp,ASP,2025-12-01,2025-12-31,2025-12,historical,195.83,USD,,2026-01-01T08:00:00Z
northline_apparel,Northline Apparel,Apparel,stylemart,StyleMart,asp,ASP,2026-01-01,2026-01-31,2026-01,historical,193.20,USD,,2026-02-01T08:00:00Z
northline_apparel,Northline Apparel,Apparel,stylemart,StyleMart,asp,ASP,2026-02-01,2026-02-28,2026-02,historical,199.70,USD,,2026-03-01T08:00:00Z
northline_apparel,Northline Apparel,Apparel,stylemart,StyleMart,asp,ASP,2026-03-01,2026-03-31,2026-03,historical,222.99,USD,,2026-04-01T08:00:00Z
northline_apparel,Northline Apparel,Apparel,stylemart,StyleMart,asp,ASP,2026-04-01,2026-04-30,2026-04,historical,218.22,USD,,2026-05-01T08:00:00Z
northline_apparel,Northline Apparel,Apparel,stylemart,StyleMart,asp,ASP,2026-05-01,2026-05-31,2026-05,historical,225.07,USD,,2026-06-01T08:00:00Z
northline_apparel,Northline Apparel,Apparel,stylemart,StyleMart,asp,ASP,2026-06-01,2026-06-30,2026-06,mtd,219.83,USD,2026-06-04T09:00:00Z,2026-06-04T09:05:00Z
northline_apparel,Northline Apparel,Apparel,stylemart,StyleMart,asp,ASP,2026-06-01,2026-06-30,2026-06,mtd,223.60,USD,2026-06-04T13:00:00Z,2026-06-04T13:05:00Z
northline_apparel,Northline Apparel,Apparel,stylemart,StyleMart,asp,ASP,2026-06-01,2026-06-30,2026-06,mtd,224.87,USD,2026-06-04T17:00:00Z,2026-06-04T17:05:00Z
northline_apparel,Northline Apparel,Apparel,market_square,Market Square,gmv,GMV,2025-05-01,2025-05-31,2025-05,historical,766065574.20,USD,,2025-06-01T08:00:00Z
northline_apparel,Northline Apparel,Apparel,market_square,Market Square,gmv,GMV,2025-06-01,2025-06-30,2025-06,historical,772922082.82,USD,,2025-07-01T08:00:00Z
northline_apparel,Northline Apparel,Apparel,market_square,Market Square,gmv,GMV,2025-07-01,2025-07-31,2025-07,historical,736107677.13,USD,,2025-08-01T08:00:00Z
northline_apparel,Northline Apparel,Apparel,market_square,Market Square,gmv,GMV,2025-08-01,2025-08-31,2025-08,historical,707655791.90,USD,,2025-09-01T08:00:00Z
northline_apparel,Northline Apparel,Apparel,market_square,Market Square,gmv,GMV,2025-09-01,2025-09-30,2025-09,historical,685625864.67,USD,,2025-10-01T08:00:00Z
northline_apparel,Northline Apparel,Apparel,market_square,Market Square,gmv,GMV,2025-10-01,2025-10-31,2025-10,historical,651139164.73,USD,,2025-11-01T08:00:00Z
northline_apparel,Northline Apparel,Apparel,market_square,Market Square,gmv,GMV,2025-11-01,2025-11-30,2025-11,historical,703842021.68,USD,,2025-12-01T08:00:00Z
northline_apparel,Northline Apparel,Apparel,market_square,Market Square,gmv,GMV,2025-12-01,2025-12-31,2025-12,historical,718830739.13,USD,,2026-01-01T08:00:00Z
northline_apparel,Northline Apparel,Apparel,market_square,Market Square,gmv,GMV,2026-01-01,2026-01-31,2026-01,historical,741531203.87,USD,,2026-02-01T08:00:00Z
northline_apparel,Northline Apparel,Apparel,market_square,Market Square,gmv,GMV,2026-02-01,2026-02-28,2026-02,historical,836592023.76,USD,,2026-03-01T08:00:00Z
northline_apparel,Northline Apparel,Apparel,market_square,Market Square,gmv,GMV,2026-03-01,2026-03-31,2026-03,historical,835174108.62,USD,,2026-04-01T08:00:00Z
northline_apparel,Northline Apparel,Apparel,market_square,Market Square,gmv,GMV,2026-04-01,2026-04-30,2026-04,historical,863701752.87,USD,,2026-05-01T08:00:00Z
northline_apparel,Northline Apparel,Apparel,market_square,Market Square,gmv,GMV,2026-05-01,2026-05-31,2026-05,historical,880531940.43,USD,,2026-06-01T08:00:00Z
northline_apparel,Northline Apparel,Apparel,market_square,Market Square,gmv,GMV,2026-06-01,2026-06-30,2026-06,mtd,117326929.21,USD,2026-06-04T09:00:00Z,2026-06-04T09:05:00Z
northline_apparel,Northline Apparel,Apparel,market_square,Market Square,gmv,GMV,2026-06-01,2026-06-30,2026-06,mtd,122548870.23,USD,2026-06-04T13:00:00Z,2026-06-04T13:05:00Z
northline_apparel,Northline Apparel,Apparel,market_square,Market Square,gmv,GMV,2026-06-01,2026-06-30,2026-06,mtd,128303355.72,USD,2026-06-04T17:00:00Z,2026-06-04T17:05:00Z
northline_apparel,Northline Apparel,Apparel,market_square,Market Square,units_sold,Units Sold,2025-05-01,2025-05-31,2025-05,historical,13847689,units,,2025-06-01T08:00:00Z
northline_apparel,Northline Apparel,Apparel,market_square,Market Square,units_sold,Units Sold,2025-06-01,2025-06-30,2025-06,historical,14377199,units,,2025-07-01T08:00:00Z
northline_apparel,Northline Apparel,Apparel,market_square,Market Square,units_sold,Units Sold,2025-07-01,2025-07-31,2025-07,historical,12624760,units,,2025-08-01T08:00:00Z
northline_apparel,Northline Apparel,Apparel,market_square,Market Square,units_sold,Units Sold,2025-08-01,2025-08-31,2025-08,historical,13414546,units,,2025-09-01T08:00:00Z
northline_apparel,Northline Apparel,Apparel,market_square,Market Square,units_sold,Units Sold,2025-09-01,2025-09-30,2025-09,historical,12160314,units,,2025-10-01T08:00:00Z
northline_apparel,Northline Apparel,Apparel,market_square,Market Square,units_sold,Units Sold,2025-10-01,2025-10-31,2025-10,historical,13042550,units,,2025-11-01T08:00:00Z
northline_apparel,Northline Apparel,Apparel,market_square,Market Square,units_sold,Units Sold,2025-11-01,2025-11-30,2025-11,historical,13143743,units,,2025-12-01T08:00:00Z
northline_apparel,Northline Apparel,Apparel,market_square,Market Square,units_sold,Units Sold,2025-12-01,2025-12-31,2025-12,historical,13026459,units,,2026-01-01T08:00:00Z
northline_apparel,Northline Apparel,Apparel,market_square,Market Square,units_sold,Units Sold,2026-01-01,2026-01-31,2026-01,historical,14592466,units,,2026-02-01T08:00:00Z
northline_apparel,Northline Apparel,Apparel,market_square,Market Square,units_sold,Units Sold,2026-02-01,2026-02-28,2026-02,historical,14290028,units,,2026-03-01T08:00:00Z
northline_apparel,Northline Apparel,Apparel,market_square,Market Square,units_sold,Units Sold,2026-03-01,2026-03-31,2026-03,historical,14528231,units,,2026-04-01T08:00:00Z
northline_apparel,Northline Apparel,Apparel,market_square,Market Square,units_sold,Units Sold,2026-04-01,2026-04-30,2026-04,historical,15785601,units,,2026-05-01T08:00:00Z
northline_apparel,Northline Apparel,Apparel,market_square,Market Square,units_sold,Units Sold,2026-05-01,2026-05-31,2026-05,historical,14510568,units,,2026-06-01T08:00:00Z
northline_apparel,Northline Apparel,Apparel,market_square,Market Square,units_sold,Units Sold,2026-06-01,2026-06-30,2026-06,mtd,2087107,units,2026-06-04T09:00:00Z,2026-06-04T09:05:00Z
northline_apparel,Northline Apparel,Apparel,market_square,Market Square,units_sold,Units Sold,2026-06-01,2026-06-30,2026-06,mtd,2175411,units,2026-06-04T13:00:00Z,2026-06-04T13:05:00Z
northline_apparel,Northline Apparel,Apparel,market_square,Market Square,units_sold,Units Sold,2026-06-01,2026-06-30,2026-06,mtd,2226262,units,2026-06-04T17:00:00Z,2026-06-04T17:05:00Z
northline_apparel,Northline Apparel,Apparel,market_square,Market Square,asp,ASP,2025-05-01,2025-05-31,2025-05,historical,217.66,USD,,2025-06-01T08:00:00Z
northline_apparel,Northline Apparel,Apparel,market_square,Market Square,asp,ASP,2025-06-01,2025-06-30,2025-06,historical,203.71,USD,,2025-07-01T08:00:00Z
northline_apparel,Northline Apparel,Apparel,market_square,Market Square,asp,ASP,2025-07-01,2025-07-31,2025-07,historical,184.63,USD,,2025-08-01T08:00:00Z
northline_apparel,Northline Apparel,Apparel,market_square,Market Square,asp,ASP,2025-08-01,2025-08-31,2025-08,historical,183.53,USD,,2025-09-01T08:00:00Z
northline_apparel,Northline Apparel,Apparel,market_square,Market Square,asp,ASP,2025-09-01,2025-09-30,2025-09,historical,187.60,USD,,2025-10-01T08:00:00Z
northline_apparel,Northline Apparel,Apparel,market_square,Market Square,asp,ASP,2025-10-01,2025-10-31,2025-10,historical,190.42,USD,,2025-11-01T08:00:00Z
northline_apparel,Northline Apparel,Apparel,market_square,Market Square,asp,ASP,2025-11-01,2025-11-30,2025-11,historical,178.41,USD,,2025-12-01T08:00:00Z
northline_apparel,Northline Apparel,Apparel,market_square,Market Square,asp,ASP,2025-12-01,2025-12-31,2025-12,historical,192.38,USD,,2026-01-01T08:00:00Z
northline_apparel,Northline Apparel,Apparel,market_square,Market Square,asp,ASP,2026-01-01,2026-01-31,2026-01,historical,218.62,USD,,2026-02-01T08:00:00Z
northline_apparel,Northline Apparel,Apparel,market_square,Market Square,asp,ASP,2026-02-01,2026-02-28,2026-02,historical,207.91,USD,,2026-03-01T08:00:00Z
northline_apparel,Northline Apparel,Apparel,market_square,Market Square,asp,ASP,2026-03-01,2026-03-31,2026-03,historical,234.28,USD,,2026-04-01T08:00:00Z
northline_apparel,Northline Apparel,Apparel,market_square,Market Square,asp,ASP,2026-04-01,2026-04-30,2026-04,historical,227.80,USD,,2026-05-01T08:00:00Z
northline_apparel,Northline Apparel,Apparel,market_square,Market Square,asp,ASP,2026-05-01,2026-05-31,2026-05,historical,217.98,USD,,2026-06-01T08:00:00Z
northline_apparel,Northline Apparel,Apparel,market_square,Market Square,asp,ASP,2026-06-01,2026-06-30,2026-06,mtd,213.48,USD,2026-06-04T09:00:00Z,2026-06-04T09:05:00Z
northline_apparel,Northline Apparel,Apparel,market_square,Market Square,asp,ASP,2026-06-01,2026-06-30,2026-06,mtd,214.33,USD,2026-06-04T13:00:00Z,2026-06-04T13:05:00Z
northline_apparel,Northline Apparel,Apparel,market_square,Market Square,asp,ASP,2026-06-01,2026-06-30,2026-06,mtd,219.43,USD,2026-06-04T17:00:00Z,2026-06-04T17:05:00Z
northline_apparel,Northline Apparel,Apparel,value_hub,Value Hub,gmv,GMV,2025-05-01,2025-05-31,2025-05,historical,583428716.65,USD,,2025-06-01T08:00:00Z
northline_apparel,Northline Apparel,Apparel,value_hub,Value Hub,gmv,GMV,2025-06-01,2025-06-30,2025-06,historical,594796971.26,USD,,2025-07-01T08:00:00Z
northline_apparel,Northline Apparel,Apparel,value_hub,Value Hub,gmv,GMV,2025-07-01,2025-07-31,2025-07,historical,558980793.39,USD,,2025-08-01T08:00:00Z
northline_apparel,Northline Apparel,Apparel,value_hub,Value Hub,gmv,GMV,2025-08-01,2025-08-31,2025-08,historical,548333335.83,USD,,2025-09-01T08:00:00Z
northline_apparel,Northline Apparel,Apparel,value_hub,Value Hub,gmv,GMV,2025-09-01,2025-09-30,2025-09,historical,557508906.47,USD,,2025-10-01T08:00:00Z
northline_apparel,Northline Apparel,Apparel,value_hub,Value Hub,gmv,GMV,2025-10-01,2025-10-31,2025-10,historical,510017285.38,USD,,2025-11-01T08:00:00Z
northline_apparel,Northline Apparel,Apparel,value_hub,Value Hub,gmv,GMV,2025-11-01,2025-11-30,2025-11,historical,547809819.94,USD,,2025-12-01T08:00:00Z
northline_apparel,Northline Apparel,Apparel,value_hub,Value Hub,gmv,GMV,2025-12-01,2025-12-31,2025-12,historical,529081978.74,USD,,2026-01-01T08:00:00Z
northline_apparel,Northline Apparel,Apparel,value_hub,Value Hub,gmv,GMV,2026-01-01,2026-01-31,2026-01,historical,556395833.80,USD,,2026-02-01T08:00:00Z
northline_apparel,Northline Apparel,Apparel,value_hub,Value Hub,gmv,GMV,2026-02-01,2026-02-28,2026-02,historical,596111095.39,USD,,2026-03-01T08:00:00Z
northline_apparel,Northline Apparel,Apparel,value_hub,Value Hub,gmv,GMV,2026-03-01,2026-03-31,2026-03,historical,652849657.14,USD,,2026-04-01T08:00:00Z
northline_apparel,Northline Apparel,Apparel,value_hub,Value Hub,gmv,GMV,2026-04-01,2026-04-30,2026-04,historical,612226995.11,USD,,2026-05-01T08:00:00Z
northline_apparel,Northline Apparel,Apparel,value_hub,Value Hub,gmv,GMV,2026-05-01,2026-05-31,2026-05,historical,671872487.76,USD,,2026-06-01T08:00:00Z
northline_apparel,Northline Apparel,Apparel,value_hub,Value Hub,gmv,GMV,2026-06-01,2026-06-30,2026-06,mtd,94412348.85,USD,2026-06-04T09:00:00Z,2026-06-04T09:05:00Z
northline_apparel,Northline Apparel,Apparel,value_hub,Value Hub,gmv,GMV,2026-06-01,2026-06-30,2026-06,mtd,99336148.27,USD,2026-06-04T13:00:00Z,2026-06-04T13:05:00Z
northline_apparel,Northline Apparel,Apparel,value_hub,Value Hub,gmv,GMV,2026-06-01,2026-06-30,2026-06,mtd,103159777.28,USD,2026-06-04T17:00:00Z,2026-06-04T17:05:00Z
northline_apparel,Northline Apparel,Apparel,value_hub,Value Hub,units_sold,Units Sold,2025-05-01,2025-05-31,2025-05,historical,10467672,units,,2025-06-01T08:00:00Z
northline_apparel,Northline Apparel,Apparel,value_hub,Value Hub,units_sold,Units Sold,2025-06-01,2025-06-30,2025-06,historical,10235938,units,,2025-07-01T08:00:00Z
northline_apparel,Northline Apparel,Apparel,value_hub,Value Hub,units_sold,Units Sold,2025-07-01,2025-07-31,2025-07,historical,10166972,units,,2025-08-01T08:00:00Z
northline_apparel,Northline Apparel,Apparel,value_hub,Value Hub,units_sold,Units Sold,2025-08-01,2025-08-31,2025-08,historical,10096929,units,,2025-09-01T08:00:00Z
northline_apparel,Northline Apparel,Apparel,value_hub,Value Hub,units_sold,Units Sold,2025-09-01,2025-09-30,2025-09,historical,9388232,units,,2025-10-01T08:00:00Z
northline_apparel,Northline Apparel,Apparel,value_hub,Value Hub,units_sold,Units Sold,2025-10-01,2025-10-31,2025-10,historical,9736989,units,,2025-11-01T08:00:00Z
northline_apparel,Northline Apparel,Apparel,value_hub,Value Hub,units_sold,Units Sold,2025-11-01,2025-11-30,2025-11,historical,10110297,units,,2025-12-01T08:00:00Z
northline_apparel,Northline Apparel,Apparel,value_hub,Value Hub,units_sold,Units Sold,2025-12-01,2025-12-31,2025-12,historical,10683162,units,,2026-01-01T08:00:00Z
northline_apparel,Northline Apparel,Apparel,value_hub,Value Hub,units_sold,Units Sold,2026-01-01,2026-01-31,2026-01,historical,10660091,units,,2026-02-01T08:00:00Z
northline_apparel,Northline Apparel,Apparel,value_hub,Value Hub,units_sold,Units Sold,2026-02-01,2026-02-28,2026-02,historical,11334454,units,,2026-03-01T08:00:00Z
northline_apparel,Northline Apparel,Apparel,value_hub,Value Hub,units_sold,Units Sold,2026-03-01,2026-03-31,2026-03,historical,11738141,units,,2026-04-01T08:00:00Z
northline_apparel,Northline Apparel,Apparel,value_hub,Value Hub,units_sold,Units Sold,2026-04-01,2026-04-30,2026-04,historical,12325273,units,,2026-05-01T08:00:00Z
northline_apparel,Northline Apparel,Apparel,value_hub,Value Hub,units_sold,Units Sold,2026-05-01,2026-05-31,2026-05,historical,11538173,units,,2026-06-01T08:00:00Z
northline_apparel,Northline Apparel,Apparel,value_hub,Value Hub,units_sold,Units Sold,2026-06-01,2026-06-30,2026-06,mtd,1672332,units,2026-06-04T09:00:00Z,2026-06-04T09:05:00Z
northline_apparel,Northline Apparel,Apparel,value_hub,Value Hub,units_sold,Units Sold,2026-06-01,2026-06-30,2026-06,mtd,1716671,units,2026-06-04T13:00:00Z,2026-06-04T13:05:00Z
northline_apparel,Northline Apparel,Apparel,value_hub,Value Hub,units_sold,Units Sold,2026-06-01,2026-06-30,2026-06,mtd,1786688,units,2026-06-04T17:00:00Z,2026-06-04T17:05:00Z
northline_apparel,Northline Apparel,Apparel,value_hub,Value Hub,asp,ASP,2025-05-01,2025-05-31,2025-05,historical,157.88,USD,,2025-06-01T08:00:00Z
northline_apparel,Northline Apparel,Apparel,value_hub,Value Hub,asp,ASP,2025-06-01,2025-06-30,2025-06,historical,144.15,USD,,2025-07-01T08:00:00Z
northline_apparel,Northline Apparel,Apparel,value_hub,Value Hub,asp,ASP,2025-07-01,2025-07-31,2025-07,historical,134.55,USD,,2025-08-01T08:00:00Z
northline_apparel,Northline Apparel,Apparel,value_hub,Value Hub,asp,ASP,2025-08-01,2025-08-31,2025-08,historical,139.90,USD,,2025-09-01T08:00:00Z
northline_apparel,Northline Apparel,Apparel,value_hub,Value Hub,asp,ASP,2025-09-01,2025-09-30,2025-09,historical,128.62,USD,,2025-10-01T08:00:00Z
northline_apparel,Northline Apparel,Apparel,value_hub,Value Hub,asp,ASP,2025-10-01,2025-10-31,2025-10,historical,133.65,USD,,2025-11-01T08:00:00Z
northline_apparel,Northline Apparel,Apparel,value_hub,Value Hub,asp,ASP,2025-11-01,2025-11-30,2025-11,historical,129.81,USD,,2025-12-01T08:00:00Z
northline_apparel,Northline Apparel,Apparel,value_hub,Value Hub,asp,ASP,2025-12-01,2025-12-31,2025-12,historical,139.74,USD,,2026-01-01T08:00:00Z
northline_apparel,Northline Apparel,Apparel,value_hub,Value Hub,asp,ASP,2026-01-01,2026-01-31,2026-01,historical,156.26,USD,,2026-02-01T08:00:00Z
northline_apparel,Northline Apparel,Apparel,value_hub,Value Hub,asp,ASP,2026-02-01,2026-02-28,2026-02,historical,158.69,USD,,2026-03-01T08:00:00Z
northline_apparel,Northline Apparel,Apparel,value_hub,Value Hub,asp,ASP,2026-03-01,2026-03-31,2026-03,historical,166.47,USD,,2026-04-01T08:00:00Z
northline_apparel,Northline Apparel,Apparel,value_hub,Value Hub,asp,ASP,2026-04-01,2026-04-30,2026-04,historical,167.33,USD,,2026-05-01T08:00:00Z
northline_apparel,Northline Apparel,Apparel,value_hub,Value Hub,asp,ASP,2026-05-01,2026-05-31,2026-05,historical,172.56,USD,,2026-06-01T08:00:00Z
northline_apparel,Northline Apparel,Apparel,value_hub,Value Hub,asp,ASP,2026-06-01,2026-06-30,2026-06,mtd,167.89,USD,2026-06-04T09:00:00Z,2026-06-04T09:05:00Z
northline_apparel,Northline Apparel,Apparel,value_hub,Value Hub,asp,ASP,2026-06-01,2026-06-30,2026-06,mtd,173.22,USD,2026-06-04T13:00:00Z,2026-06-04T13:05:00Z
northline_apparel,Northline Apparel,Apparel,value_hub,Value Hub,asp,ASP,2026-06-01,2026-06-30,2026-06,mtd,172.99,USD,2026-06-04T17:00:00Z,2026-06-04T17:05:00Z
everyday_threads,Everyday Threads,Apparel,value_hub,Value Hub,gmv,GMV,2025-05-01,2025-05-31,2025-05,historical,625309124.54,USD,,2025-06-01T08:00:00Z
everyday_threads,Everyday Threads,Apparel,value_hub,Value Hub,gmv,GMV,2025-06-01,2025-06-30,2025-06,historical,579431390.45,USD,,2025-07-01T08:00:00Z
everyday_threads,Everyday Threads,Apparel,value_hub,Value Hub,gmv,GMV,2025-07-01,2025-07-31,2025-07,historical,609208916.02,USD,,2025-08-01T08:00:00Z
everyday_threads,Everyday Threads,Apparel,value_hub,Value Hub,gmv,GMV,2025-08-01,2025-08-31,2025-08,historical,589457381.92,USD,,2025-09-01T08:00:00Z
everyday_threads,Everyday Threads,Apparel,value_hub,Value Hub,gmv,GMV,2025-09-01,2025-09-30,2025-09,historical,573610992.15,USD,,2025-10-01T08:00:00Z
everyday_threads,Everyday Threads,Apparel,value_hub,Value Hub,gmv,GMV,2025-10-01,2025-10-31,2025-10,historical,553883165.48,USD,,2025-11-01T08:00:00Z
everyday_threads,Everyday Threads,Apparel,value_hub,Value Hub,gmv,GMV,2025-11-01,2025-11-30,2025-11,historical,548818245.53,USD,,2025-12-01T08:00:00Z
everyday_threads,Everyday Threads,Apparel,value_hub,Value Hub,gmv,GMV,2025-12-01,2025-12-31,2025-12,historical,617958073.87,USD,,2026-01-01T08:00:00Z
everyday_threads,Everyday Threads,Apparel,value_hub,Value Hub,gmv,GMV,2026-01-01,2026-01-31,2026-01,historical,626433115.99,USD,,2026-02-01T08:00:00Z
everyday_threads,Everyday Threads,Apparel,value_hub,Value Hub,gmv,GMV,2026-02-01,2026-02-28,2026-02,historical,663982586.58,USD,,2026-03-01T08:00:00Z
everyday_threads,Everyday Threads,Apparel,value_hub,Value Hub,gmv,GMV,2026-03-01,2026-03-31,2026-03,historical,697163585.06,USD,,2026-04-01T08:00:00Z
everyday_threads,Everyday Threads,Apparel,value_hub,Value Hub,gmv,GMV,2026-04-01,2026-04-30,2026-04,historical,701445226.95,USD,,2026-05-01T08:00:00Z
everyday_threads,Everyday Threads,Apparel,value_hub,Value Hub,gmv,GMV,2026-05-01,2026-05-31,2026-05,historical,665599365.58,USD,,2026-06-01T08:00:00Z
everyday_threads,Everyday Threads,Apparel,value_hub,Value Hub,gmv,GMV,2026-06-01,2026-06-30,2026-06,mtd,95078671.96,USD,2026-06-04T09:00:00Z,2026-06-04T09:05:00Z
everyday_threads,Everyday Threads,Apparel,value_hub,Value Hub,gmv,GMV,2026-06-01,2026-06-30,2026-06,mtd,98039513.27,USD,2026-06-04T13:00:00Z,2026-06-04T13:05:00Z
everyday_threads,Everyday Threads,Apparel,value_hub,Value Hub,gmv,GMV,2026-06-01,2026-06-30,2026-06,mtd,101485095.97,USD,2026-06-04T17:00:00Z,2026-06-04T17:05:00Z
everyday_threads,Everyday Threads,Apparel,value_hub,Value Hub,units_sold,Units Sold,2025-05-01,2025-05-31,2025-05,historical,18024539,units,,2025-06-01T08:00:00Z
everyday_threads,Everyday Threads,Apparel,value_hub,Value Hub,units_sold,Units Sold,2025-06-01,2025-06-30,2025-06,historical,15783263,units,,2025-07-01T08:00:00Z
everyday_threads,Everyday Threads,Apparel,value_hub,Value Hub,units_sold,Units Sold,2025-07-01,2025-07-31,2025-07,historical,16457997,units,,2025-08-01T08:00:00Z
everyday_threads,Everyday Threads,Apparel,value_hub,Value Hub,units_sold,Units Sold,2025-08-01,2025-08-31,2025-08,historical,14993504,units,,2025-09-01T08:00:00Z
everyday_threads,Everyday Threads,Apparel,value_hub,Value Hub,units_sold,Units Sold,2025-09-01,2025-09-30,2025-09,historical,15691661,units,,2025-10-01T08:00:00Z
everyday_threads,Everyday Threads,Apparel,value_hub,Value Hub,units_sold,Units Sold,2025-10-01,2025-10-31,2025-10,historical,15599793,units,,2025-11-01T08:00:00Z
everyday_threads,Everyday Threads,Apparel,value_hub,Value Hub,units_sold,Units Sold,2025-11-01,2025-11-30,2025-11,historical,16099475,units,,2025-12-01T08:00:00Z
everyday_threads,Everyday Threads,Apparel,value_hub,Value Hub,units_sold,Units Sold,2025-12-01,2025-12-31,2025-12,historical,15502169,units,,2026-01-01T08:00:00Z
everyday_threads,Everyday Threads,Apparel,value_hub,Value Hub,units_sold,Units Sold,2026-01-01,2026-01-31,2026-01,historical,16387137,units,,2026-02-01T08:00:00Z
everyday_threads,Everyday Threads,Apparel,value_hub,Value Hub,units_sold,Units Sold,2026-02-01,2026-02-28,2026-02,historical,17151672,units,,2026-03-01T08:00:00Z
everyday_threads,Everyday Threads,Apparel,value_hub,Value Hub,units_sold,Units Sold,2026-03-01,2026-03-31,2026-03,historical,17816963,units,,2026-04-01T08:00:00Z
everyday_threads,Everyday Threads,Apparel,value_hub,Value Hub,units_sold,Units Sold,2026-04-01,2026-04-30,2026-04,historical,19891969,units,,2026-05-01T08:00:00Z
everyday_threads,Everyday Threads,Apparel,value_hub,Value Hub,units_sold,Units Sold,2026-05-01,2026-05-31,2026-05,historical,19449162,units,,2026-06-01T08:00:00Z
everyday_threads,Everyday Threads,Apparel,value_hub,Value Hub,units_sold,Units Sold,2026-06-01,2026-06-30,2026-06,mtd,2820516,units,2026-06-04T09:00:00Z,2026-06-04T09:05:00Z
everyday_threads,Everyday Threads,Apparel,value_hub,Value Hub,units_sold,Units Sold,2026-06-01,2026-06-30,2026-06,mtd,2914942,units,2026-06-04T13:00:00Z,2026-06-04T13:05:00Z
everyday_threads,Everyday Threads,Apparel,value_hub,Value Hub,units_sold,Units Sold,2026-06-01,2026-06-30,2026-06,mtd,3062413,units,2026-06-04T17:00:00Z,2026-06-04T17:05:00Z
everyday_threads,Everyday Threads,Apparel,value_hub,Value Hub,asp,ASP,2025-05-01,2025-05-31,2025-05,historical,161.30,USD,,2025-06-01T08:00:00Z
everyday_threads,Everyday Threads,Apparel,value_hub,Value Hub,asp,ASP,2025-06-01,2025-06-30,2025-06,historical,164.87,USD,,2025-07-01T08:00:00Z
everyday_threads,Everyday Threads,Apparel,value_hub,Value Hub,asp,ASP,2025-07-01,2025-07-31,2025-07,historical,147.19,USD,,2025-08-01T08:00:00Z
everyday_threads,Everyday Threads,Apparel,value_hub,Value Hub,asp,ASP,2025-08-01,2025-08-31,2025-08,historical,157.85,USD,,2025-09-01T08:00:00Z
everyday_threads,Everyday Threads,Apparel,value_hub,Value Hub,asp,ASP,2025-09-01,2025-09-30,2025-09,historical,138.20,USD,,2025-10-01T08:00:00Z
everyday_threads,Everyday Threads,Apparel,value_hub,Value Hub,asp,ASP,2025-10-01,2025-10-31,2025-10,historical,147.69,USD,,2025-11-01T08:00:00Z
everyday_threads,Everyday Threads,Apparel,value_hub,Value Hub,asp,ASP,2025-11-01,2025-11-30,2025-11,historical,157.00,USD,,2025-12-01T08:00:00Z
everyday_threads,Everyday Threads,Apparel,value_hub,Value Hub,asp,ASP,2025-12-01,2025-12-31,2025-12,historical,155.27,USD,,2026-01-01T08:00:00Z
everyday_threads,Everyday Threads,Apparel,value_hub,Value Hub,asp,ASP,2026-01-01,2026-01-31,2026-01,historical,161.43,USD,,2026-02-01T08:00:00Z
everyday_threads,Everyday Threads,Apparel,value_hub,Value Hub,asp,ASP,2026-02-01,2026-02-28,2026-02,historical,164.05,USD,,2026-03-01T08:00:00Z
everyday_threads,Everyday Threads,Apparel,value_hub,Value Hub,asp,ASP,2026-03-01,2026-03-31,2026-03,historical,182.24,USD,,2026-04-01T08:00:00Z
everyday_threads,Everyday Threads,Apparel,value_hub,Value Hub,asp,ASP,2026-04-01,2026-04-30,2026-04,historical,171.47,USD,,2026-05-01T08:00:00Z
everyday_threads,Everyday Threads,Apparel,value_hub,Value Hub,asp,ASP,2026-05-01,2026-05-31,2026-05,historical,186.29,USD,,2026-06-01T08:00:00Z
everyday_threads,Everyday Threads,Apparel,value_hub,Value Hub,asp,ASP,2026-06-01,2026-06-30,2026-06,mtd,183.25,USD,2026-06-04T09:00:00Z,2026-06-04T09:05:00Z
everyday_threads,Everyday Threads,Apparel,value_hub,Value Hub,asp,ASP,2026-06-01,2026-06-30,2026-06,mtd,185.96,USD,2026-06-04T13:00:00Z,2026-06-04T13:05:00Z
everyday_threads,Everyday Threads,Apparel,value_hub,Value Hub,asp,ASP,2026-06-01,2026-06-30,2026-06,mtd,186.70,USD,2026-06-04T17:00:00Z,2026-06-04T17:05:00Z
everyday_threads,Everyday Threads,Apparel,stylemart,StyleMart,gmv,GMV,2025-05-01,2025-05-31,2025-05,historical,582276220.47,USD,,2025-06-01T08:00:00Z
everyday_threads,Everyday Threads,Apparel,stylemart,StyleMart,gmv,GMV,2025-06-01,2025-06-30,2025-06,historical,528692320.93,USD,,2025-07-01T08:00:00Z
everyday_threads,Everyday Threads,Apparel,stylemart,StyleMart,gmv,GMV,2025-07-01,2025-07-31,2025-07,historical,521306050.66,USD,,2025-08-01T08:00:00Z
everyday_threads,Everyday Threads,Apparel,stylemart,StyleMart,gmv,GMV,2025-08-01,2025-08-31,2025-08,historical,517166055.29,USD,,2025-09-01T08:00:00Z
everyday_threads,Everyday Threads,Apparel,stylemart,StyleMart,gmv,GMV,2025-09-01,2025-09-30,2025-09,historical,487127055.37,USD,,2025-10-01T08:00:00Z
everyday_threads,Everyday Threads,Apparel,stylemart,StyleMart,gmv,GMV,2025-10-01,2025-10-31,2025-10,historical,491510219.20,USD,,2025-11-01T08:00:00Z
everyday_threads,Everyday Threads,Apparel,stylemart,StyleMart,gmv,GMV,2025-11-01,2025-11-30,2025-11,historical,547914205.78,USD,,2025-12-01T08:00:00Z
everyday_threads,Everyday Threads,Apparel,stylemart,StyleMart,gmv,GMV,2025-12-01,2025-12-31,2025-12,historical,575254777.81,USD,,2026-01-01T08:00:00Z
everyday_threads,Everyday Threads,Apparel,stylemart,StyleMart,gmv,GMV,2026-01-01,2026-01-31,2026-01,historical,609830637.28,USD,,2026-02-01T08:00:00Z
everyday_threads,Everyday Threads,Apparel,stylemart,StyleMart,gmv,GMV,2026-02-01,2026-02-28,2026-02,historical,571847725.62,USD,,2026-03-01T08:00:00Z
everyday_threads,Everyday Threads,Apparel,stylemart,StyleMart,gmv,GMV,2026-03-01,2026-03-31,2026-03,historical,654829543.26,USD,,2026-04-01T08:00:00Z
everyday_threads,Everyday Threads,Apparel,stylemart,StyleMart,gmv,GMV,2026-04-01,2026-04-30,2026-04,historical,623867531.67,USD,,2026-05-01T08:00:00Z
everyday_threads,Everyday Threads,Apparel,stylemart,StyleMart,gmv,GMV,2026-05-01,2026-05-31,2026-05,historical,651287124.41,USD,,2026-06-01T08:00:00Z
everyday_threads,Everyday Threads,Apparel,stylemart,StyleMart,gmv,GMV,2026-06-01,2026-06-30,2026-06,mtd,87076410.06,USD,2026-06-04T09:00:00Z,2026-06-04T09:05:00Z
everyday_threads,Everyday Threads,Apparel,stylemart,StyleMart,gmv,GMV,2026-06-01,2026-06-30,2026-06,mtd,90370119.88,USD,2026-06-04T13:00:00Z,2026-06-04T13:05:00Z
everyday_threads,Everyday Threads,Apparel,stylemart,StyleMart,gmv,GMV,2026-06-01,2026-06-30,2026-06,mtd,92355679.78,USD,2026-06-04T17:00:00Z,2026-06-04T17:05:00Z
everyday_threads,Everyday Threads,Apparel,stylemart,StyleMart,units_sold,Units Sold,2025-05-01,2025-05-31,2025-05,historical,15493174,units,,2025-06-01T08:00:00Z
everyday_threads,Everyday Threads,Apparel,stylemart,StyleMart,units_sold,Units Sold,2025-06-01,2025-06-30,2025-06,historical,14469549,units,,2025-07-01T08:00:00Z
everyday_threads,Everyday Threads,Apparel,stylemart,StyleMart,units_sold,Units Sold,2025-07-01,2025-07-31,2025-07,historical,13961647,units,,2025-08-01T08:00:00Z
everyday_threads,Everyday Threads,Apparel,stylemart,StyleMart,units_sold,Units Sold,2025-08-01,2025-08-31,2025-08,historical,15198869,units,,2025-09-01T08:00:00Z
everyday_threads,Everyday Threads,Apparel,stylemart,StyleMart,units_sold,Units Sold,2025-09-01,2025-09-30,2025-09,historical,14409791,units,,2025-10-01T08:00:00Z
everyday_threads,Everyday Threads,Apparel,stylemart,StyleMart,units_sold,Units Sold,2025-10-01,2025-10-31,2025-10,historical,13893711,units,,2025-11-01T08:00:00Z
everyday_threads,Everyday Threads,Apparel,stylemart,StyleMart,units_sold,Units Sold,2025-11-01,2025-11-30,2025-11,historical,14548049,units,,2025-12-01T08:00:00Z
everyday_threads,Everyday Threads,Apparel,stylemart,StyleMart,units_sold,Units Sold,2025-12-01,2025-12-31,2025-12,historical,15554056,units,,2026-01-01T08:00:00Z
everyday_threads,Everyday Threads,Apparel,stylemart,StyleMart,units_sold,Units Sold,2026-01-01,2026-01-31,2026-01,historical,15259570,units,,2026-02-01T08:00:00Z
everyday_threads,Everyday Threads,Apparel,stylemart,StyleMart,units_sold,Units Sold,2026-02-01,2026-02-28,2026-02,historical,16990232,units,,2026-03-01T08:00:00Z
everyday_threads,Everyday Threads,Apparel,stylemart,StyleMart,units_sold,Units Sold,2026-03-01,2026-03-31,2026-03,historical,16951711,units,,2026-04-01T08:00:00Z
everyday_threads,Everyday Threads,Apparel,stylemart,StyleMart,units_sold,Units Sold,2026-04-01,2026-04-30,2026-04,historical,17038434,units,,2026-05-01T08:00:00Z
everyday_threads,Everyday Threads,Apparel,stylemart,StyleMart,units_sold,Units Sold,2026-05-01,2026-05-31,2026-05,historical,17319025,units,,2026-06-01T08:00:00Z
everyday_threads,Everyday Threads,Apparel,stylemart,StyleMart,units_sold,Units Sold,2026-06-01,2026-06-30,2026-06,mtd,2420591,units,2026-06-04T09:00:00Z,2026-06-04T09:05:00Z
everyday_threads,Everyday Threads,Apparel,stylemart,StyleMart,units_sold,Units Sold,2026-06-01,2026-06-30,2026-06,mtd,2503571,units,2026-06-04T13:00:00Z,2026-06-04T13:05:00Z
everyday_threads,Everyday Threads,Apparel,stylemart,StyleMart,units_sold,Units Sold,2026-06-01,2026-06-30,2026-06,mtd,2581715,units,2026-06-04T17:00:00Z,2026-06-04T17:05:00Z
everyday_threads,Everyday Threads,Apparel,stylemart,StyleMart,asp,ASP,2025-05-01,2025-05-31,2025-05,historical,201.63,USD,,2025-06-01T08:00:00Z
everyday_threads,Everyday Threads,Apparel,stylemart,StyleMart,asp,ASP,2025-06-01,2025-06-30,2025-06,historical,195.46,USD,,2025-07-01T08:00:00Z
everyday_threads,Everyday Threads,Apparel,stylemart,StyleMart,asp,ASP,2025-07-01,2025-07-31,2025-07,historical,190.54,USD,,2025-08-01T08:00:00Z
everyday_threads,Everyday Threads,Apparel,stylemart,StyleMart,asp,ASP,2025-08-01,2025-08-31,2025-08,historical,183.17,USD,,2025-09-01T08:00:00Z
everyday_threads,Everyday Threads,Apparel,stylemart,StyleMart,asp,ASP,2025-09-01,2025-09-30,2025-09,historical,177.07,USD,,2025-10-01T08:00:00Z
everyday_threads,Everyday Threads,Apparel,stylemart,StyleMart,asp,ASP,2025-10-01,2025-10-31,2025-10,historical,187.03,USD,,2025-11-01T08:00:00Z
everyday_threads,Everyday Threads,Apparel,stylemart,StyleMart,asp,ASP,2025-11-01,2025-11-30,2025-11,historical,181.60,USD,,2025-12-01T08:00:00Z
everyday_threads,Everyday Threads,Apparel,stylemart,StyleMart,asp,ASP,2025-12-01,2025-12-31,2025-12,historical,198.53,USD,,2026-01-01T08:00:00Z
everyday_threads,Everyday Threads,Apparel,stylemart,StyleMart,asp,ASP,2026-01-01,2026-01-31,2026-01,historical,196.17,USD,,2026-02-01T08:00:00Z
everyday_threads,Everyday Threads,Apparel,stylemart,StyleMart,asp,ASP,2026-02-01,2026-02-28,2026-02,historical,203.17,USD,,2026-03-01T08:00:00Z
everyday_threads,Everyday Threads,Apparel,stylemart,StyleMart,asp,ASP,2026-03-01,2026-03-31,2026-03,historical,227.01,USD,,2026-04-01T08:00:00Z
everyday_threads,Everyday Threads,Apparel,stylemart,StyleMart,asp,ASP,2026-04-01,2026-04-30,2026-04,historical,235.30,USD,,2026-05-01T08:00:00Z
everyday_threads,Everyday Threads,Apparel,stylemart,StyleMart,asp,ASP,2026-05-01,2026-05-31,2026-05,historical,221.22,USD,,2026-06-01T08:00:00Z
everyday_threads,Everyday Threads,Apparel,stylemart,StyleMart,asp,ASP,2026-06-01,2026-06-30,2026-06,mtd,219.71,USD,2026-06-04T09:00:00Z,2026-06-04T09:05:00Z
everyday_threads,Everyday Threads,Apparel,stylemart,StyleMart,asp,ASP,2026-06-01,2026-06-30,2026-06,mtd,216.05,USD,2026-06-04T13:00:00Z,2026-06-04T13:05:00Z
everyday_threads,Everyday Threads,Apparel,stylemart,StyleMart,asp,ASP,2026-06-01,2026-06-30,2026-06,mtd,219.43,USD,2026-06-04T17:00:00Z,2026-06-04T17:05:00Z
everyday_threads,Everyday Threads,Apparel,market_square,Market Square,gmv,GMV,2025-05-01,2025-05-31,2025-05,historical,580972921.20,USD,,2025-06-01T08:00:00Z
everyday_threads,Everyday Threads,Apparel,market_square,Market Square,gmv,GMV,2025-06-01,2025-06-30,2025-06,historical,552743434.67,USD,,2025-07-01T08:00:00Z
everyday_threads,Everyday Threads,Apparel,market_square,Market Square,gmv,GMV,2025-07-01,2025-07-31,2025-07,historical,570333989.52,USD,,2025-08-01T08:00:00Z
everyday_threads,Everyday Threads,Apparel,market_square,Market Square,gmv,GMV,2025-08-01,2025-08-31,2025-08,historical,531694477.14,USD,,2025-09-01T08:00:00Z
everyday_threads,Everyday Threads,Apparel,market_square,Market Square,gmv,GMV,2025-09-01,2025-09-30,2025-09,historical,497116494.49,USD,,2025-10-01T08:00:00Z
everyday_threads,Everyday Threads,Apparel,market_square,Market Square,gmv,GMV,2025-10-01,2025-10-31,2025-10,historical,542686551.83,USD,,2025-11-01T08:00:00Z
everyday_threads,Everyday Threads,Apparel,market_square,Market Square,gmv,GMV,2025-11-01,2025-11-30,2025-11,historical,517005197.05,USD,,2025-12-01T08:00:00Z
everyday_threads,Everyday Threads,Apparel,market_square,Market Square,gmv,GMV,2025-12-01,2025-12-31,2025-12,historical,544918556.66,USD,,2026-01-01T08:00:00Z
everyday_threads,Everyday Threads,Apparel,market_square,Market Square,gmv,GMV,2026-01-01,2026-01-31,2026-01,historical,550195342.74,USD,,2026-02-01T08:00:00Z
everyday_threads,Everyday Threads,Apparel,market_square,Market Square,gmv,GMV,2026-02-01,2026-02-28,2026-02,historical,572907027.39,USD,,2026-03-01T08:00:00Z
everyday_threads,Everyday Threads,Apparel,market_square,Market Square,gmv,GMV,2026-03-01,2026-03-31,2026-03,historical,652178588.95,USD,,2026-04-01T08:00:00Z
everyday_threads,Everyday Threads,Apparel,market_square,Market Square,gmv,GMV,2026-04-01,2026-04-30,2026-04,historical,643076053.34,USD,,2026-05-01T08:00:00Z
everyday_threads,Everyday Threads,Apparel,market_square,Market Square,gmv,GMV,2026-05-01,2026-05-31,2026-05,historical,641893562.98,USD,,2026-06-01T08:00:00Z
everyday_threads,Everyday Threads,Apparel,market_square,Market Square,gmv,GMV,2026-06-01,2026-06-30,2026-06,mtd,90616945.45,USD,2026-06-04T09:00:00Z,2026-06-04T09:05:00Z
everyday_threads,Everyday Threads,Apparel,market_square,Market Square,gmv,GMV,2026-06-01,2026-06-30,2026-06,mtd,94793730.97,USD,2026-06-04T13:00:00Z,2026-06-04T13:05:00Z
everyday_threads,Everyday Threads,Apparel,market_square,Market Square,gmv,GMV,2026-06-01,2026-06-30,2026-06,mtd,99043591.44,USD,2026-06-04T17:00:00Z,2026-06-04T17:05:00Z
everyday_threads,Everyday Threads,Apparel,market_square,Market Square,units_sold,Units Sold,2025-05-01,2025-05-31,2025-05,historical,12736841,units,,2025-06-01T08:00:00Z
everyday_threads,Everyday Threads,Apparel,market_square,Market Square,units_sold,Units Sold,2025-06-01,2025-06-30,2025-06,historical,12265173,units,,2025-07-01T08:00:00Z
everyday_threads,Everyday Threads,Apparel,market_square,Market Square,units_sold,Units Sold,2025-07-01,2025-07-31,2025-07,historical,12458260,units,,2025-08-01T08:00:00Z
everyday_threads,Everyday Threads,Apparel,market_square,Market Square,units_sold,Units Sold,2025-08-01,2025-08-31,2025-08,historical,12493569,units,,2025-09-01T08:00:00Z
everyday_threads,Everyday Threads,Apparel,market_square,Market Square,units_sold,Units Sold,2025-09-01,2025-09-30,2025-09,historical,11986512,units,,2025-10-01T08:00:00Z
everyday_threads,Everyday Threads,Apparel,market_square,Market Square,units_sold,Units Sold,2025-10-01,2025-10-31,2025-10,historical,12341336,units,,2025-11-01T08:00:00Z
everyday_threads,Everyday Threads,Apparel,market_square,Market Square,units_sold,Units Sold,2025-11-01,2025-11-30,2025-11,historical,11331968,units,,2025-12-01T08:00:00Z
everyday_threads,Everyday Threads,Apparel,market_square,Market Square,units_sold,Units Sold,2025-12-01,2025-12-31,2025-12,historical,12313077,units,,2026-01-01T08:00:00Z
everyday_threads,Everyday Threads,Apparel,market_square,Market Square,units_sold,Units Sold,2026-01-01,2026-01-31,2026-01,historical,13089875,units,,2026-02-01T08:00:00Z
everyday_threads,Everyday Threads,Apparel,market_square,Market Square,units_sold,Units Sold,2026-02-01,2026-02-28,2026-02,historical,12886748,units,,2026-03-01T08:00:00Z
everyday_threads,Everyday Threads,Apparel,market_square,Market Square,units_sold,Units Sold,2026-03-01,2026-03-31,2026-03,historical,14111622,units,,2026-04-01T08:00:00Z
everyday_threads,Everyday Threads,Apparel,market_square,Market Square,units_sold,Units Sold,2026-04-01,2026-04-30,2026-04,historical,13886775,units,,2026-05-01T08:00:00Z
everyday_threads,Everyday Threads,Apparel,market_square,Market Square,units_sold,Units Sold,2026-05-01,2026-05-31,2026-05,historical,14393407,units,,2026-06-01T08:00:00Z
everyday_threads,Everyday Threads,Apparel,market_square,Market Square,units_sold,Units Sold,2026-06-01,2026-06-30,2026-06,mtd,2040833,units,2026-06-04T09:00:00Z,2026-06-04T09:05:00Z
everyday_threads,Everyday Threads,Apparel,market_square,Market Square,units_sold,Units Sold,2026-06-01,2026-06-30,2026-06,mtd,2109241,units,2026-06-04T13:00:00Z,2026-06-04T13:05:00Z
everyday_threads,Everyday Threads,Apparel,market_square,Market Square,units_sold,Units Sold,2026-06-01,2026-06-30,2026-06,mtd,2171276,units,2026-06-04T17:00:00Z,2026-06-04T17:05:00Z
everyday_threads,Everyday Threads,Apparel,market_square,Market Square,asp,ASP,2025-05-01,2025-05-31,2025-05,historical,191.47,USD,,2025-06-01T08:00:00Z
everyday_threads,Everyday Threads,Apparel,market_square,Market Square,asp,ASP,2025-06-01,2025-06-30,2025-06,historical,192.40,USD,,2025-07-01T08:00:00Z
everyday_threads,Everyday Threads,Apparel,market_square,Market Square,asp,ASP,2025-07-01,2025-07-31,2025-07,historical,185.12,USD,,2025-08-01T08:00:00Z
everyday_threads,Everyday Threads,Apparel,market_square,Market Square,asp,ASP,2025-08-01,2025-08-31,2025-08,historical,177.70,USD,,2025-09-01T08:00:00Z
everyday_threads,Everyday Threads,Apparel,market_square,Market Square,asp,ASP,2025-09-01,2025-09-30,2025-09,historical,169.84,USD,,2025-10-01T08:00:00Z
everyday_threads,Everyday Threads,Apparel,market_square,Market Square,asp,ASP,2025-10-01,2025-10-31,2025-10,historical,172.11,USD,,2025-11-01T08:00:00Z
everyday_threads,Everyday Threads,Apparel,market_square,Market Square,asp,ASP,2025-11-01,2025-11-30,2025-11,historical,178.95,USD,,2025-12-01T08:00:00Z
everyday_threads,Everyday Threads,Apparel,market_square,Market Square,asp,ASP,2025-12-01,2025-12-31,2025-12,historical,189.17,USD,,2026-01-01T08:00:00Z
everyday_threads,Everyday Threads,Apparel,market_square,Market Square,asp,ASP,2026-01-01,2026-01-31,2026-01,historical,187.09,USD,,2026-02-01T08:00:00Z
everyday_threads,Everyday Threads,Apparel,market_square,Market Square,asp,ASP,2026-02-01,2026-02-28,2026-02,historical,192.20,USD,,2026-03-01T08:00:00Z
everyday_threads,Everyday Threads,Apparel,market_square,Market Square,asp,ASP,2026-03-01,2026-03-31,2026-03,historical,221.60,USD,,2026-04-01T08:00:00Z
everyday_threads,Everyday Threads,Apparel,market_square,Market Square,asp,ASP,2026-04-01,2026-04-30,2026-04,historical,210.89,USD,,2026-05-01T08:00:00Z
everyday_threads,Everyday Threads,Apparel,market_square,Market Square,asp,ASP,2026-05-01,2026-05-31,2026-05,historical,203.39,USD,,2026-06-01T08:00:00Z
everyday_threads,Everyday Threads,Apparel,market_square,Market Square,asp,ASP,2026-06-01,2026-06-30,2026-06,mtd,198.11,USD,2026-06-04T09:00:00Z,2026-06-04T09:05:00Z
everyday_threads,Everyday Threads,Apparel,market_square,Market Square,asp,ASP,2026-06-01,2026-06-30,2026-06,mtd,200.39,USD,2026-06-04T13:00:00Z,2026-06-04T13:05:00Z
everyday_threads,Everyday Threads,Apparel,market_square,Market Square,asp,ASP,2026-06-01,2026-06-30,2026-06,mtd,203.85,USD,2026-06-04T17:00:00Z,2026-06-04T17:05:00Z
nest_home_goods,Nest Home Goods,Home,home_lane,Home Lane,gmv,GMV,2025-05-01,2025-05-31,2025-05,historical,547116262.42,USD,,2025-06-01T08:00:00Z
nest_home_goods,Nest Home Goods,Home,home_lane,Home Lane,gmv,GMV,2025-06-01,2025-06-30,2025-06,historical,556229957.60,USD,,2025-07-01T08:00:00Z
nest_home_goods,Nest Home Goods,Home,home_lane,Home Lane,gmv,GMV,2025-07-01,2025-07-31,2025-07,historical,518036730.71,USD,,2025-08-01T08:00:00Z
nest_home_goods,Nest Home Goods,Home,home_lane,Home Lane,gmv,GMV,2025-08-01,2025-08-31,2025-08,historical,532246668.38,USD,,2025-09-01T08:00:00Z
nest_home_goods,Nest Home Goods,Home,home_lane,Home Lane,gmv,GMV,2025-09-01,2025-09-30,2025-09,historical,489466512.53,USD,,2025-10-01T08:00:00Z
nest_home_goods,Nest Home Goods,Home,home_lane,Home Lane,gmv,GMV,2025-10-01,2025-10-31,2025-10,historical,511550623.41,USD,,2025-11-01T08:00:00Z
nest_home_goods,Nest Home Goods,Home,home_lane,Home Lane,gmv,GMV,2025-11-01,2025-11-30,2025-11,historical,497852781.42,USD,,2025-12-01T08:00:00Z
nest_home_goods,Nest Home Goods,Home,home_lane,Home Lane,gmv,GMV,2025-12-01,2025-12-31,2025-12,historical,537060891.54,USD,,2026-01-01T08:00:00Z
nest_home_goods,Nest Home Goods,Home,home_lane,Home Lane,gmv,GMV,2026-01-01,2026-01-31,2026-01,historical,556493025.25,USD,,2026-02-01T08:00:00Z
nest_home_goods,Nest Home Goods,Home,home_lane,Home Lane,gmv,GMV,2026-02-01,2026-02-28,2026-02,historical,613558744.91,USD,,2026-03-01T08:00:00Z
nest_home_goods,Nest Home Goods,Home,home_lane,Home Lane,gmv,GMV,2026-03-01,2026-03-31,2026-03,historical,637866261.48,USD,,2026-04-01T08:00:00Z
nest_home_goods,Nest Home Goods,Home,home_lane,Home Lane,gmv,GMV,2026-04-01,2026-04-30,2026-04,historical,654113465.88,USD,,2026-05-01T08:00:00Z
nest_home_goods,Nest Home Goods,Home,home_lane,Home Lane,gmv,GMV,2026-05-01,2026-05-31,2026-05,historical,607997215.02,USD,,2026-06-01T08:00:00Z
nest_home_goods,Nest Home Goods,Home,home_lane,Home Lane,gmv,GMV,2026-06-01,2026-06-30,2026-06,mtd,92084546.68,USD,2026-06-04T09:00:00Z,2026-06-04T09:05:00Z
nest_home_goods,Nest Home Goods,Home,home_lane,Home Lane,gmv,GMV,2026-06-01,2026-06-30,2026-06,mtd,96216675.32,USD,2026-06-04T13:00:00Z,2026-06-04T13:05:00Z
nest_home_goods,Nest Home Goods,Home,home_lane,Home Lane,gmv,GMV,2026-06-01,2026-06-30,2026-06,mtd,98304347.40,USD,2026-06-04T17:00:00Z,2026-06-04T17:05:00Z
nest_home_goods,Nest Home Goods,Home,home_lane,Home Lane,units_sold,Units Sold,2025-05-01,2025-05-31,2025-05,historical,9576801,units,,2025-06-01T08:00:00Z
nest_home_goods,Nest Home Goods,Home,home_lane,Home Lane,units_sold,Units Sold,2025-06-01,2025-06-30,2025-06,historical,9715338,units,,2025-07-01T08:00:00Z
nest_home_goods,Nest Home Goods,Home,home_lane,Home Lane,units_sold,Units Sold,2025-07-01,2025-07-31,2025-07,historical,9439226,units,,2025-08-01T08:00:00Z
nest_home_goods,Nest Home Goods,Home,home_lane,Home Lane,units_sold,Units Sold,2025-08-01,2025-08-31,2025-08,historical,9743577,units,,2025-09-01T08:00:00Z
nest_home_goods,Nest Home Goods,Home,home_lane,Home Lane,units_sold,Units Sold,2025-09-01,2025-09-30,2025-09,historical,8957647,units,,2025-10-01T08:00:00Z
nest_home_goods,Nest Home Goods,Home,home_lane,Home Lane,units_sold,Units Sold,2025-10-01,2025-10-31,2025-10,historical,8693622,units,,2025-11-01T08:00:00Z
nest_home_goods,Nest Home Goods,Home,home_lane,Home Lane,units_sold,Units Sold,2025-11-01,2025-11-30,2025-11,historical,8826017,units,,2025-12-01T08:00:00Z
nest_home_goods,Nest Home Goods,Home,home_lane,Home Lane,units_sold,Units Sold,2025-12-01,2025-12-31,2025-12,historical,9616220,units,,2026-01-01T08:00:00Z
nest_home_goods,Nest Home Goods,Home,home_lane,Home Lane,units_sold,Units Sold,2026-01-01,2026-01-31,2026-01,historical,9948733,units,,2026-02-01T08:00:00Z
nest_home_goods,Nest Home Goods,Home,home_lane,Home Lane,units_sold,Units Sold,2026-02-01,2026-02-28,2026-02,historical,10291044,units,,2026-03-01T08:00:00Z
nest_home_goods,Nest Home Goods,Home,home_lane,Home Lane,units_sold,Units Sold,2026-03-01,2026-03-31,2026-03,historical,11216976,units,,2026-04-01T08:00:00Z
nest_home_goods,Nest Home Goods,Home,home_lane,Home Lane,units_sold,Units Sold,2026-04-01,2026-04-30,2026-04,historical,10889492,units,,2026-05-01T08:00:00Z
nest_home_goods,Nest Home Goods,Home,home_lane,Home Lane,units_sold,Units Sold,2026-05-01,2026-05-31,2026-05,historical,11298734,units,,2026-06-01T08:00:00Z
nest_home_goods,Nest Home Goods,Home,home_lane,Home Lane,units_sold,Units Sold,2026-06-01,2026-06-30,2026-06,mtd,1550820,units,2026-06-04T09:00:00Z,2026-06-04T09:05:00Z
nest_home_goods,Nest Home Goods,Home,home_lane,Home Lane,units_sold,Units Sold,2026-06-01,2026-06-30,2026-06,mtd,1595443,units,2026-06-04T13:00:00Z,2026-06-04T13:05:00Z
nest_home_goods,Nest Home Goods,Home,home_lane,Home Lane,units_sold,Units Sold,2026-06-01,2026-06-30,2026-06,mtd,1699549,units,2026-06-04T17:00:00Z,2026-06-04T17:05:00Z
nest_home_goods,Nest Home Goods,Home,home_lane,Home Lane,asp,ASP,2025-05-01,2025-05-31,2025-05,historical,135.60,USD,,2025-06-01T08:00:00Z
nest_home_goods,Nest Home Goods,Home,home_lane,Home Lane,asp,ASP,2025-06-01,2025-06-30,2025-06,historical,129.62,USD,,2025-07-01T08:00:00Z
nest_home_goods,Nest Home Goods,Home,home_lane,Home Lane,asp,ASP,2025-07-01,2025-07-31,2025-07,historical,121.43,USD,,2025-08-01T08:00:00Z
nest_home_goods,Nest Home Goods,Home,home_lane,Home Lane,asp,ASP,2025-08-01,2025-08-31,2025-08,historical,120.17,USD,,2025-09-01T08:00:00Z
nest_home_goods,Nest Home Goods,Home,home_lane,Home Lane,asp,ASP,2025-09-01,2025-09-30,2025-09,historical,120.03,USD,,2025-10-01T08:00:00Z
nest_home_goods,Nest Home Goods,Home,home_lane,Home Lane,asp,ASP,2025-10-01,2025-10-31,2025-10,historical,117.77,USD,,2025-11-01T08:00:00Z
nest_home_goods,Nest Home Goods,Home,home_lane,Home Lane,asp,ASP,2025-11-01,2025-11-30,2025-11,historical,130.92,USD,,2025-12-01T08:00:00Z
nest_home_goods,Nest Home Goods,Home,home_lane,Home Lane,asp,ASP,2025-12-01,2025-12-31,2025-12,historical,129.73,USD,,2026-01-01T08:00:00Z
nest_home_goods,Nest Home Goods,Home,home_lane,Home Lane,asp,ASP,2026-01-01,2026-01-31,2026-01,historical,138.27,USD,,2026-02-01T08:00:00Z
nest_home_goods,Nest Home Goods,Home,home_lane,Home Lane,asp,ASP,2026-02-01,2026-02-28,2026-02,historical,149.49,USD,,2026-03-01T08:00:00Z
nest_home_goods,Nest Home Goods,Home,home_lane,Home Lane,asp,ASP,2026-03-01,2026-03-31,2026-03,historical,140.25,USD,,2026-04-01T08:00:00Z
nest_home_goods,Nest Home Goods,Home,home_lane,Home Lane,asp,ASP,2026-04-01,2026-04-30,2026-04,historical,141.86,USD,,2026-05-01T08:00:00Z
nest_home_goods,Nest Home Goods,Home,home_lane,Home Lane,asp,ASP,2026-05-01,2026-05-31,2026-05,historical,149.32,USD,,2026-06-01T08:00:00Z
nest_home_goods,Nest Home Goods,Home,home_lane,Home Lane,asp,ASP,2026-06-01,2026-06-30,2026-06,mtd,148.75,USD,2026-06-04T09:00:00Z,2026-06-04T09:05:00Z
nest_home_goods,Nest Home Goods,Home,home_lane,Home Lane,asp,ASP,2026-06-01,2026-06-30,2026-06,mtd,148.41,USD,2026-06-04T13:00:00Z,2026-06-04T13:05:00Z
nest_home_goods,Nest Home Goods,Home,home_lane,Home Lane,asp,ASP,2026-06-01,2026-06-30,2026-06,mtd,147.95,USD,2026-06-04T17:00:00Z,2026-06-04T17:05:00Z
nest_home_goods,Nest Home Goods,Home,market_square,Market Square,gmv,GMV,2025-05-01,2025-05-31,2025-05,historical,710933283.55,USD,,2025-06-01T08:00:00Z
nest_home_goods,Nest Home Goods,Home,market_square,Market Square,gmv,GMV,2025-06-01,2025-06-30,2025-06,historical,644586587.99,USD,,2025-07-01T08:00:00Z
nest_home_goods,Nest Home Goods,Home,market_square,Market Square,gmv,GMV,2025-07-01,2025-07-31,2025-07,historical,610158303.56,USD,,2025-08-01T08:00:00Z
nest_home_goods,Nest Home Goods,Home,market_square,Market Square,gmv,GMV,2025-08-01,2025-08-31,2025-08,historical,632337949.88,USD,,2025-09-01T08:00:00Z
nest_home_goods,Nest Home Goods,Home,market_square,Market Square,gmv,GMV,2025-09-01,2025-09-30,2025-09,historical,616872148.30,USD,,2025-10-01T08:00:00Z
nest_home_goods,Nest Home Goods,Home,market_square,Market Square,gmv,GMV,2025-10-01,2025-10-31,2025-10,historical,579000100.51,USD,,2025-11-01T08:00:00Z
nest_home_goods,Nest Home Goods,Home,market_square,Market Square,gmv,GMV,2025-11-01,2025-11-30,2025-11,historical,624345440.92,USD,,2025-12-01T08:00:00Z
nest_home_goods,Nest Home Goods,Home,market_square,Market Square,gmv,GMV,2025-12-01,2025-12-31,2025-12,historical,672915703.25,USD,,2026-01-01T08:00:00Z
nest_home_goods,Nest Home Goods,Home,market_square,Market Square,gmv,GMV,2026-01-01,2026-01-31,2026-01,historical,661078619.72,USD,,2026-02-01T08:00:00Z
nest_home_goods,Nest Home Goods,Home,market_square,Market Square,gmv,GMV,2026-02-01,2026-02-28,2026-02,historical,737700745.26,USD,,2026-03-01T08:00:00Z
nest_home_goods,Nest Home Goods,Home,market_square,Market Square,gmv,GMV,2026-03-01,2026-03-31,2026-03,historical,724532685.31,USD,,2026-04-01T08:00:00Z
nest_home_goods,Nest Home Goods,Home,market_square,Market Square,gmv,GMV,2026-04-01,2026-04-30,2026-04,historical,770034084.58,USD,,2026-05-01T08:00:00Z
nest_home_goods,Nest Home Goods,Home,market_square,Market Square,gmv,GMV,2026-05-01,2026-05-31,2026-05,historical,772376533.50,USD,,2026-06-01T08:00:00Z
nest_home_goods,Nest Home Goods,Home,market_square,Market Square,gmv,GMV,2026-06-01,2026-06-30,2026-06,mtd,112354468.40,USD,2026-06-04T09:00:00Z,2026-06-04T09:05:00Z
nest_home_goods,Nest Home Goods,Home,market_square,Market Square,gmv,GMV,2026-06-01,2026-06-30,2026-06,mtd,115932227.13,USD,2026-06-04T13:00:00Z,2026-06-04T13:05:00Z
nest_home_goods,Nest Home Goods,Home,market_square,Market Square,gmv,GMV,2026-06-01,2026-06-30,2026-06,mtd,120119797.49,USD,2026-06-04T17:00:00Z,2026-06-04T17:05:00Z
nest_home_goods,Nest Home Goods,Home,market_square,Market Square,units_sold,Units Sold,2025-05-01,2025-05-31,2025-05,historical,11914149,units,,2025-06-01T08:00:00Z
nest_home_goods,Nest Home Goods,Home,market_square,Market Square,units_sold,Units Sold,2025-06-01,2025-06-30,2025-06,historical,12218642,units,,2025-07-01T08:00:00Z
nest_home_goods,Nest Home Goods,Home,market_square,Market Square,units_sold,Units Sold,2025-07-01,2025-07-31,2025-07,historical,11434237,units,,2025-08-01T08:00:00Z
nest_home_goods,Nest Home Goods,Home,market_square,Market Square,units_sold,Units Sold,2025-08-01,2025-08-31,2025-08,historical,11180386,units,,2025-09-01T08:00:00Z
nest_home_goods,Nest Home Goods,Home,market_square,Market Square,units_sold,Units Sold,2025-09-01,2025-09-30,2025-09,historical,10537033,units,,2025-10-01T08:00:00Z
nest_home_goods,Nest Home Goods,Home,market_square,Market Square,units_sold,Units Sold,2025-10-01,2025-10-31,2025-10,historical,11628696,units,,2025-11-01T08:00:00Z
nest_home_goods,Nest Home Goods,Home,market_square,Market Square,units_sold,Units Sold,2025-11-01,2025-11-30,2025-11,historical,11057862,units,,2025-12-01T08:00:00Z
nest_home_goods,Nest Home Goods,Home,market_square,Market Square,units_sold,Units Sold,2025-12-01,2025-12-31,2025-12,historical,11161435,units,,2026-01-01T08:00:00Z
nest_home_goods,Nest Home Goods,Home,market_square,Market Square,units_sold,Units Sold,2026-01-01,2026-01-31,2026-01,historical,11837886,units,,2026-02-01T08:00:00Z
nest_home_goods,Nest Home Goods,Home,market_square,Market Square,units_sold,Units Sold,2026-02-01,2026-02-28,2026-02,historical,12766653,units,,2026-03-01T08:00:00Z
nest_home_goods,Nest Home Goods,Home,market_square,Market Square,units_sold,Units Sold,2026-03-01,2026-03-31,2026-03,historical,13268604,units,,2026-04-01T08:00:00Z
nest_home_goods,Nest Home Goods,Home,market_square,Market Square,units_sold,Units Sold,2026-04-01,2026-04-30,2026-04,historical,13542360,units,,2026-05-01T08:00:00Z
nest_home_goods,Nest Home Goods,Home,market_square,Market Square,units_sold,Units Sold,2026-05-01,2026-05-31,2026-05,historical,13187466,units,,2026-06-01T08:00:00Z
nest_home_goods,Nest Home Goods,Home,market_square,Market Square,units_sold,Units Sold,2026-06-01,2026-06-30,2026-06,mtd,2038537,units,2026-06-04T09:00:00Z,2026-06-04T09:05:00Z
nest_home_goods,Nest Home Goods,Home,market_square,Market Square,units_sold,Units Sold,2026-06-01,2026-06-30,2026-06,mtd,2101789,units,2026-06-04T13:00:00Z,2026-06-04T13:05:00Z
nest_home_goods,Nest Home Goods,Home,market_square,Market Square,units_sold,Units Sold,2026-06-01,2026-06-30,2026-06,mtd,2212384,units,2026-06-04T17:00:00Z,2026-06-04T17:05:00Z
nest_home_goods,Nest Home Goods,Home,market_square,Market Square,asp,ASP,2025-05-01,2025-05-31,2025-05,historical,107.38,USD,,2025-06-01T08:00:00Z
nest_home_goods,Nest Home Goods,Home,market_square,Market Square,asp,ASP,2025-06-01,2025-06-30,2025-06,historical,106.70,USD,,2025-07-01T08:00:00Z
nest_home_goods,Nest Home Goods,Home,market_square,Market Square,asp,ASP,2025-07-01,2025-07-31,2025-07,historical,105.64,USD,,2025-08-01T08:00:00Z
nest_home_goods,Nest Home Goods,Home,market_square,Market Square,asp,ASP,2025-08-01,2025-08-31,2025-08,historical,103.81,USD,,2025-09-01T08:00:00Z
nest_home_goods,Nest Home Goods,Home,market_square,Market Square,asp,ASP,2025-09-01,2025-09-30,2025-09,historical,96.99,USD,,2025-10-01T08:00:00Z
nest_home_goods,Nest Home Goods,Home,market_square,Market Square,asp,ASP,2025-10-01,2025-10-31,2025-10,historical,98.87,USD,,2025-11-01T08:00:00Z
nest_home_goods,Nest Home Goods,Home,market_square,Market Square,asp,ASP,2025-11-01,2025-11-30,2025-11,historical,108.56,USD,,2025-12-01T08:00:00Z
nest_home_goods,Nest Home Goods,Home,market_square,Market Square,asp,ASP,2025-12-01,2025-12-31,2025-12,historical,112.92,USD,,2026-01-01T08:00:00Z
nest_home_goods,Nest Home Goods,Home,market_square,Market Square,asp,ASP,2026-01-01,2026-01-31,2026-01,historical,113.43,USD,,2026-02-01T08:00:00Z
nest_home_goods,Nest Home Goods,Home,market_square,Market Square,asp,ASP,2026-02-01,2026-02-28,2026-02,historical,114.02,USD,,2026-03-01T08:00:00Z
nest_home_goods,Nest Home Goods,Home,market_square,Market Square,asp,ASP,2026-03-01,2026-03-31,2026-03,historical,123.70,USD,,2026-04-01T08:00:00Z
nest_home_goods,Nest Home Goods,Home,market_square,Market Square,asp,ASP,2026-04-01,2026-04-30,2026-04,historical,119.47,USD,,2026-05-01T08:00:00Z
nest_home_goods,Nest Home Goods,Home,market_square,Market Square,asp,ASP,2026-05-01,2026-05-31,2026-05,historical,128.17,USD,,2026-06-01T08:00:00Z
nest_home_goods,Nest Home Goods,Home,market_square,Market Square,asp,ASP,2026-06-01,2026-06-30,2026-06,mtd,126.25,USD,2026-06-04T09:00:00Z,2026-06-04T09:05:00Z
nest_home_goods,Nest Home Goods,Home,market_square,Market Square,asp,ASP,2026-06-01,2026-06-30,2026-06,mtd,128.50,USD,2026-06-04T13:00:00Z,2026-06-04T13:05:00Z
nest_home_goods,Nest Home Goods,Home,market_square,Market Square,asp,ASP,2026-06-01,2026-06-30,2026-06,mtd,129.26,USD,2026-06-04T17:00:00Z,2026-06-04T17:05:00Z
nest_home_goods,Nest Home Goods,Home,value_hub,Value Hub,gmv,GMV,2025-05-01,2025-05-31,2025-05,historical,421690581.11,USD,,2025-06-01T08:00:00Z
nest_home_goods,Nest Home Goods,Home,value_hub,Value Hub,gmv,GMV,2025-06-01,2025-06-30,2025-06,historical,401019492.11,USD,,2025-07-01T08:00:00Z
nest_home_goods,Nest Home Goods,Home,value_hub,Value Hub,gmv,GMV,2025-07-01,2025-07-31,2025-07,historical,387733603.84,USD,,2025-08-01T08:00:00Z
nest_home_goods,Nest Home Goods,Home,value_hub,Value Hub,gmv,GMV,2025-08-01,2025-08-31,2025-08,historical,352764588.34,USD,,2025-09-01T08:00:00Z
nest_home_goods,Nest Home Goods,Home,value_hub,Value Hub,gmv,GMV,2025-09-01,2025-09-30,2025-09,historical,378290331.33,USD,,2025-10-01T08:00:00Z
nest_home_goods,Nest Home Goods,Home,value_hub,Value Hub,gmv,GMV,2025-10-01,2025-10-31,2025-10,historical,361073445.73,USD,,2025-11-01T08:00:00Z
nest_home_goods,Nest Home Goods,Home,value_hub,Value Hub,gmv,GMV,2025-11-01,2025-11-30,2025-11,historical,346161654.00,USD,,2025-12-01T08:00:00Z
nest_home_goods,Nest Home Goods,Home,value_hub,Value Hub,gmv,GMV,2025-12-01,2025-12-31,2025-12,historical,397361719.08,USD,,2026-01-01T08:00:00Z
nest_home_goods,Nest Home Goods,Home,value_hub,Value Hub,gmv,GMV,2026-01-01,2026-01-31,2026-01,historical,379529683.29,USD,,2026-02-01T08:00:00Z
nest_home_goods,Nest Home Goods,Home,value_hub,Value Hub,gmv,GMV,2026-02-01,2026-02-28,2026-02,historical,430714337.54,USD,,2026-03-01T08:00:00Z
nest_home_goods,Nest Home Goods,Home,value_hub,Value Hub,gmv,GMV,2026-03-01,2026-03-31,2026-03,historical,419266713.18,USD,,2026-04-01T08:00:00Z
nest_home_goods,Nest Home Goods,Home,value_hub,Value Hub,gmv,GMV,2026-04-01,2026-04-30,2026-04,historical,458366694.08,USD,,2026-05-01T08:00:00Z
nest_home_goods,Nest Home Goods,Home,value_hub,Value Hub,gmv,GMV,2026-05-01,2026-05-31,2026-05,historical,430493257.59,USD,,2026-06-01T08:00:00Z
nest_home_goods,Nest Home Goods,Home,value_hub,Value Hub,gmv,GMV,2026-06-01,2026-06-30,2026-06,mtd,58733270.03,USD,2026-06-04T09:00:00Z,2026-06-04T09:05:00Z
nest_home_goods,Nest Home Goods,Home,value_hub,Value Hub,gmv,GMV,2026-06-01,2026-06-30,2026-06,mtd,61718196.86,USD,2026-06-04T13:00:00Z,2026-06-04T13:05:00Z
nest_home_goods,Nest Home Goods,Home,value_hub,Value Hub,gmv,GMV,2026-06-01,2026-06-30,2026-06,mtd,64672080.75,USD,2026-06-04T17:00:00Z,2026-06-04T17:05:00Z
nest_home_goods,Nest Home Goods,Home,value_hub,Value Hub,units_sold,Units Sold,2025-05-01,2025-05-31,2025-05,historical,14101349,units,,2025-06-01T08:00:00Z
nest_home_goods,Nest Home Goods,Home,value_hub,Value Hub,units_sold,Units Sold,2025-06-01,2025-06-30,2025-06,historical,14902060,units,,2025-07-01T08:00:00Z
nest_home_goods,Nest Home Goods,Home,value_hub,Value Hub,units_sold,Units Sold,2025-07-01,2025-07-31,2025-07,historical,13642259,units,,2025-08-01T08:00:00Z
nest_home_goods,Nest Home Goods,Home,value_hub,Value Hub,units_sold,Units Sold,2025-08-01,2025-08-31,2025-08,historical,14025208,units,,2025-09-01T08:00:00Z
nest_home_goods,Nest Home Goods,Home,value_hub,Value Hub,units_sold,Units Sold,2025-09-01,2025-09-30,2025-09,historical,13416306,units,,2025-10-01T08:00:00Z
nest_home_goods,Nest Home Goods,Home,value_hub,Value Hub,units_sold,Units Sold,2025-10-01,2025-10-31,2025-10,historical,12948335,units,,2025-11-01T08:00:00Z
nest_home_goods,Nest Home Goods,Home,value_hub,Value Hub,units_sold,Units Sold,2025-11-01,2025-11-30,2025-11,historical,13440769,units,,2025-12-01T08:00:00Z
nest_home_goods,Nest Home Goods,Home,value_hub,Value Hub,units_sold,Units Sold,2025-12-01,2025-12-31,2025-12,historical,14105614,units,,2026-01-01T08:00:00Z
nest_home_goods,Nest Home Goods,Home,value_hub,Value Hub,units_sold,Units Sold,2026-01-01,2026-01-31,2026-01,historical,15137039,units,,2026-02-01T08:00:00Z
nest_home_goods,Nest Home Goods,Home,value_hub,Value Hub,units_sold,Units Sold,2026-02-01,2026-02-28,2026-02,historical,16290215,units,,2026-03-01T08:00:00Z
nest_home_goods,Nest Home Goods,Home,value_hub,Value Hub,units_sold,Units Sold,2026-03-01,2026-03-31,2026-03,historical,15304612,units,,2026-04-01T08:00:00Z
nest_home_goods,Nest Home Goods,Home,value_hub,Value Hub,units_sold,Units Sold,2026-04-01,2026-04-30,2026-04,historical,16350438,units,,2026-05-01T08:00:00Z
nest_home_goods,Nest Home Goods,Home,value_hub,Value Hub,units_sold,Units Sold,2026-05-01,2026-05-31,2026-05,historical,16924569,units,,2026-06-01T08:00:00Z
nest_home_goods,Nest Home Goods,Home,value_hub,Value Hub,units_sold,Units Sold,2026-06-01,2026-06-30,2026-06,mtd,2323308,units,2026-06-04T09:00:00Z,2026-06-04T09:05:00Z
nest_home_goods,Nest Home Goods,Home,value_hub,Value Hub,units_sold,Units Sold,2026-06-01,2026-06-30,2026-06,mtd,2377134,units,2026-06-04T13:00:00Z,2026-06-04T13:05:00Z
nest_home_goods,Nest Home Goods,Home,value_hub,Value Hub,units_sold,Units Sold,2026-06-01,2026-06-30,2026-06,mtd,2490838,units,2026-06-04T17:00:00Z,2026-06-04T17:05:00Z
nest_home_goods,Nest Home Goods,Home,value_hub,Value Hub,asp,ASP,2025-05-01,2025-05-31,2025-05,historical,171.39,USD,,2025-06-01T08:00:00Z
nest_home_goods,Nest Home Goods,Home,value_hub,Value Hub,asp,ASP,2025-06-01,2025-06-30,2025-06,historical,169.76,USD,,2025-07-01T08:00:00Z
nest_home_goods,Nest Home Goods,Home,value_hub,Value Hub,asp,ASP,2025-07-01,2025-07-31,2025-07,historical,150.75,USD,,2025-08-01T08:00:00Z
nest_home_goods,Nest Home Goods,Home,value_hub,Value Hub,asp,ASP,2025-08-01,2025-08-31,2025-08,historical,158.18,USD,,2025-09-01T08:00:00Z
nest_home_goods,Nest Home Goods,Home,value_hub,Value Hub,asp,ASP,2025-09-01,2025-09-30,2025-09,historical,147.90,USD,,2025-10-01T08:00:00Z
nest_home_goods,Nest Home Goods,Home,value_hub,Value Hub,asp,ASP,2025-10-01,2025-10-31,2025-10,historical,140.29,USD,,2025-11-01T08:00:00Z
nest_home_goods,Nest Home Goods,Home,value_hub,Value Hub,asp,ASP,2025-11-01,2025-11-30,2025-11,historical,146.18,USD,,2025-12-01T08:00:00Z
nest_home_goods,Nest Home Goods,Home,value_hub,Value Hub,asp,ASP,2025-12-01,2025-12-31,2025-12,historical,152.14,USD,,2026-01-01T08:00:00Z
nest_home_goods,Nest Home Goods,Home,value_hub,Value Hub,asp,ASP,2026-01-01,2026-01-31,2026-01,historical,174.24,USD,,2026-02-01T08:00:00Z
nest_home_goods,Nest Home Goods,Home,value_hub,Value Hub,asp,ASP,2026-02-01,2026-02-28,2026-02,historical,164.96,USD,,2026-03-01T08:00:00Z
nest_home_goods,Nest Home Goods,Home,value_hub,Value Hub,asp,ASP,2026-03-01,2026-03-31,2026-03,historical,175.81,USD,,2026-04-01T08:00:00Z
nest_home_goods,Nest Home Goods,Home,value_hub,Value Hub,asp,ASP,2026-04-01,2026-04-30,2026-04,historical,180.53,USD,,2026-05-01T08:00:00Z
nest_home_goods,Nest Home Goods,Home,value_hub,Value Hub,asp,ASP,2026-05-01,2026-05-31,2026-05,historical,175.62,USD,,2026-06-01T08:00:00Z
nest_home_goods,Nest Home Goods,Home,value_hub,Value Hub,asp,ASP,2026-06-01,2026-06-30,2026-06,mtd,170.48,USD,2026-06-04T09:00:00Z,2026-06-04T09:05:00Z
nest_home_goods,Nest Home Goods,Home,value_hub,Value Hub,asp,ASP,2026-06-01,2026-06-30,2026-06,mtd,171.58,USD,2026-06-04T13:00:00Z,2026-06-04T13:05:00Z
nest_home_goods,Nest Home Goods,Home,value_hub,Value Hub,asp,ASP,2026-06-01,2026-06-30,2026-06,mtd,172.54,USD,2026-06-04T17:00:00Z,2026-06-04T17:05:00Z
modern_table,Modern Table,Home,home_lane,Home Lane,gmv,GMV,2025-05-01,2025-05-31,2025-05,historical,739806901.63,USD,,2025-06-01T08:00:00Z
modern_table,Modern Table,Home,home_lane,Home Lane,gmv,GMV,2025-06-01,2025-06-30,2025-06,historical,808435829.53,USD,,2025-07-01T08:00:00Z
modern_table,Modern Table,Home,home_lane,Home Lane,gmv,GMV,2025-07-01,2025-07-31,2025-07,historical,700745214.89,USD,,2025-08-01T08:00:00Z
modern_table,Modern Table,Home,home_lane,Home Lane,gmv,GMV,2025-08-01,2025-08-31,2025-08,historical,744799205.37,USD,,2025-09-01T08:00:00Z
modern_table,Modern Table,Home,home_lane,Home Lane,gmv,GMV,2025-09-01,2025-09-30,2025-09,historical,729466942.72,USD,,2025-10-01T08:00:00Z
modern_table,Modern Table,Home,home_lane,Home Lane,gmv,GMV,2025-10-01,2025-10-31,2025-10,historical,662097309.61,USD,,2025-11-01T08:00:00Z
modern_table,Modern Table,Home,home_lane,Home Lane,gmv,GMV,2025-11-01,2025-11-30,2025-11,historical,730966878.07,USD,,2025-12-01T08:00:00Z
modern_table,Modern Table,Home,home_lane,Home Lane,gmv,GMV,2025-12-01,2025-12-31,2025-12,historical,747086886.39,USD,,2026-01-01T08:00:00Z
modern_table,Modern Table,Home,home_lane,Home Lane,gmv,GMV,2026-01-01,2026-01-31,2026-01,historical,740533550.34,USD,,2026-02-01T08:00:00Z
modern_table,Modern Table,Home,home_lane,Home Lane,gmv,GMV,2026-02-01,2026-02-28,2026-02,historical,760803722.36,USD,,2026-03-01T08:00:00Z
modern_table,Modern Table,Home,home_lane,Home Lane,gmv,GMV,2026-03-01,2026-03-31,2026-03,historical,872207831.56,USD,,2026-04-01T08:00:00Z
modern_table,Modern Table,Home,home_lane,Home Lane,gmv,GMV,2026-04-01,2026-04-30,2026-04,historical,873306338.80,USD,,2026-05-01T08:00:00Z
modern_table,Modern Table,Home,home_lane,Home Lane,gmv,GMV,2026-05-01,2026-05-31,2026-05,historical,883629053.94,USD,,2026-06-01T08:00:00Z
modern_table,Modern Table,Home,home_lane,Home Lane,gmv,GMV,2026-06-01,2026-06-30,2026-06,mtd,121280363.54,USD,2026-06-04T09:00:00Z,2026-06-04T09:05:00Z
modern_table,Modern Table,Home,home_lane,Home Lane,gmv,GMV,2026-06-01,2026-06-30,2026-06,mtd,125311646.65,USD,2026-06-04T13:00:00Z,2026-06-04T13:05:00Z
modern_table,Modern Table,Home,home_lane,Home Lane,gmv,GMV,2026-06-01,2026-06-30,2026-06,mtd,130991348.48,USD,2026-06-04T17:00:00Z,2026-06-04T17:05:00Z
modern_table,Modern Table,Home,home_lane,Home Lane,units_sold,Units Sold,2025-05-01,2025-05-31,2025-05,historical,9483593,units,,2025-06-01T08:00:00Z
modern_table,Modern Table,Home,home_lane,Home Lane,units_sold,Units Sold,2025-06-01,2025-06-30,2025-06,historical,9201316,units,,2025-07-01T08:00:00Z
modern_table,Modern Table,Home,home_lane,Home Lane,units_sold,Units Sold,2025-07-01,2025-07-31,2025-07,historical,9259747,units,,2025-08-01T08:00:00Z
modern_table,Modern Table,Home,home_lane,Home Lane,units_sold,Units Sold,2025-08-01,2025-08-31,2025-08,historical,8457751,units,,2025-09-01T08:00:00Z
modern_table,Modern Table,Home,home_lane,Home Lane,units_sold,Units Sold,2025-09-01,2025-09-30,2025-09,historical,8532559,units,,2025-10-01T08:00:00Z
modern_table,Modern Table,Home,home_lane,Home Lane,units_sold,Units Sold,2025-10-01,2025-10-31,2025-10,historical,8335765,units,,2025-11-01T08:00:00Z
modern_table,Modern Table,Home,home_lane,Home Lane,units_sold,Units Sold,2025-11-01,2025-11-30,2025-11,historical,8201876,units,,2025-12-01T08:00:00Z
modern_table,Modern Table,Home,home_lane,Home Lane,units_sold,Units Sold,2025-12-01,2025-12-31,2025-12,historical,8433544,units,,2026-01-01T08:00:00Z
modern_table,Modern Table,Home,home_lane,Home Lane,units_sold,Units Sold,2026-01-01,2026-01-31,2026-01,historical,9233579,units,,2026-02-01T08:00:00Z
modern_table,Modern Table,Home,home_lane,Home Lane,units_sold,Units Sold,2026-02-01,2026-02-28,2026-02,historical,10143067,units,,2026-03-01T08:00:00Z
modern_table,Modern Table,Home,home_lane,Home Lane,units_sold,Units Sold,2026-03-01,2026-03-31,2026-03,historical,10215176,units,,2026-04-01T08:00:00Z
modern_table,Modern Table,Home,home_lane,Home Lane,units_sold,Units Sold,2026-04-01,2026-04-30,2026-04,historical,10648038,units,,2026-05-01T08:00:00Z
modern_table,Modern Table,Home,home_lane,Home Lane,units_sold,Units Sold,2026-05-01,2026-05-31,2026-05,historical,9681882,units,,2026-06-01T08:00:00Z
modern_table,Modern Table,Home,home_lane,Home Lane,units_sold,Units Sold,2026-06-01,2026-06-30,2026-06,mtd,1533779,units,2026-06-04T09:00:00Z,2026-06-04T09:05:00Z
modern_table,Modern Table,Home,home_lane,Home Lane,units_sold,Units Sold,2026-06-01,2026-06-30,2026-06,mtd,1586191,units,2026-06-04T13:00:00Z,2026-06-04T13:05:00Z
modern_table,Modern Table,Home,home_lane,Home Lane,units_sold,Units Sold,2026-06-01,2026-06-30,2026-06,mtd,1648654,units,2026-06-04T17:00:00Z,2026-06-04T17:05:00Z
modern_table,Modern Table,Home,home_lane,Home Lane,asp,ASP,2025-05-01,2025-05-31,2025-05,historical,128.97,USD,,2025-06-01T08:00:00Z
modern_table,Modern Table,Home,home_lane,Home Lane,asp,ASP,2025-06-01,2025-06-30,2025-06,historical,129.91,USD,,2025-07-01T08:00:00Z
modern_table,Modern Table,Home,home_lane,Home Lane,asp,ASP,2025-07-01,2025-07-31,2025-07,historical,120.48,USD,,2025-08-01T08:00:00Z
modern_table,Modern Table,Home,home_lane,Home Lane,asp,ASP,2025-08-01,2025-08-31,2025-08,historical,115.96,USD,,2025-09-01T08:00:00Z
modern_table,Modern Table,Home,home_lane,Home Lane,asp,ASP,2025-09-01,2025-09-30,2025-09,historical,110.46,USD,,2025-10-01T08:00:00Z
modern_table,Modern Table,Home,home_lane,Home Lane,asp,ASP,2025-10-01,2025-10-31,2025-10,historical,111.65,USD,,2025-11-01T08:00:00Z
modern_table,Modern Table,Home,home_lane,Home Lane,asp,ASP,2025-11-01,2025-11-30,2025-11,historical,111.15,USD,,2025-12-01T08:00:00Z
modern_table,Modern Table,Home,home_lane,Home Lane,asp,ASP,2025-12-01,2025-12-31,2025-12,historical,124.75,USD,,2026-01-01T08:00:00Z
modern_table,Modern Table,Home,home_lane,Home Lane,asp,ASP,2026-01-01,2026-01-31,2026-01,historical,127.12,USD,,2026-02-01T08:00:00Z
modern_table,Modern Table,Home,home_lane,Home Lane,asp,ASP,2026-02-01,2026-02-28,2026-02,historical,132.57,USD,,2026-03-01T08:00:00Z
modern_table,Modern Table,Home,home_lane,Home Lane,asp,ASP,2026-03-01,2026-03-31,2026-03,historical,141.20,USD,,2026-04-01T08:00:00Z
modern_table,Modern Table,Home,home_lane,Home Lane,asp,ASP,2026-04-01,2026-04-30,2026-04,historical,146.81,USD,,2026-05-01T08:00:00Z
modern_table,Modern Table,Home,home_lane,Home Lane,asp,ASP,2026-05-01,2026-05-31,2026-05,historical,142.28,USD,,2026-06-01T08:00:00Z
modern_table,Modern Table,Home,home_lane,Home Lane,asp,ASP,2026-06-01,2026-06-30,2026-06,mtd,140.71,USD,2026-06-04T09:00:00Z,2026-06-04T09:05:00Z
modern_table,Modern Table,Home,home_lane,Home Lane,asp,ASP,2026-06-01,2026-06-30,2026-06,mtd,139.69,USD,2026-06-04T13:00:00Z,2026-06-04T13:05:00Z
modern_table,Modern Table,Home,home_lane,Home Lane,asp,ASP,2026-06-01,2026-06-30,2026-06,mtd,143.80,USD,2026-06-04T17:00:00Z,2026-06-04T17:05:00Z
modern_table,Modern Table,Home,market_square,Market Square,gmv,GMV,2025-05-01,2025-05-31,2025-05,historical,702127077.13,USD,,2025-06-01T08:00:00Z
modern_table,Modern Table,Home,market_square,Market Square,gmv,GMV,2025-06-01,2025-06-30,2025-06,historical,733679576.79,USD,,2025-07-01T08:00:00Z
modern_table,Modern Table,Home,market_square,Market Square,gmv,GMV,2025-07-01,2025-07-31,2025-07,historical,640432043.10,USD,,2025-08-01T08:00:00Z
modern_table,Modern Table,Home,market_square,Market Square,gmv,GMV,2025-08-01,2025-08-31,2025-08,historical,623231369.48,USD,,2025-09-01T08:00:00Z
modern_table,Modern Table,Home,market_square,Market Square,gmv,GMV,2025-09-01,2025-09-30,2025-09,historical,640929160.60,USD,,2025-10-01T08:00:00Z
modern_table,Modern Table,Home,market_square,Market Square,gmv,GMV,2025-10-01,2025-10-31,2025-10,historical,623797013.99,USD,,2025-11-01T08:00:00Z
modern_table,Modern Table,Home,market_square,Market Square,gmv,GMV,2025-11-01,2025-11-30,2025-11,historical,650030693.72,USD,,2025-12-01T08:00:00Z
modern_table,Modern Table,Home,market_square,Market Square,gmv,GMV,2025-12-01,2025-12-31,2025-12,historical,699938051.05,USD,,2026-01-01T08:00:00Z
modern_table,Modern Table,Home,market_square,Market Square,gmv,GMV,2026-01-01,2026-01-31,2026-01,historical,715043209.34,USD,,2026-02-01T08:00:00Z
modern_table,Modern Table,Home,market_square,Market Square,gmv,GMV,2026-02-01,2026-02-28,2026-02,historical,770260895.64,USD,,2026-03-01T08:00:00Z
modern_table,Modern Table,Home,market_square,Market Square,gmv,GMV,2026-03-01,2026-03-31,2026-03,historical,759895702.24,USD,,2026-04-01T08:00:00Z
modern_table,Modern Table,Home,market_square,Market Square,gmv,GMV,2026-04-01,2026-04-30,2026-04,historical,734443355.29,USD,,2026-05-01T08:00:00Z
modern_table,Modern Table,Home,market_square,Market Square,gmv,GMV,2026-05-01,2026-05-31,2026-05,historical,761446622.37,USD,,2026-06-01T08:00:00Z
modern_table,Modern Table,Home,market_square,Market Square,gmv,GMV,2026-06-01,2026-06-30,2026-06,mtd,115177235.95,USD,2026-06-04T09:00:00Z,2026-06-04T09:05:00Z
modern_table,Modern Table,Home,market_square,Market Square,gmv,GMV,2026-06-01,2026-06-30,2026-06,mtd,119965695.71,USD,2026-06-04T13:00:00Z,2026-06-04T13:05:00Z
modern_table,Modern Table,Home,market_square,Market Square,gmv,GMV,2026-06-01,2026-06-30,2026-06,mtd,123460602.00,USD,2026-06-04T17:00:00Z,2026-06-04T17:05:00Z
modern_table,Modern Table,Home,market_square,Market Square,units_sold,Units Sold,2025-05-01,2025-05-31,2025-05,historical,16748430,units,,2025-06-01T08:00:00Z
modern_table,Modern Table,Home,market_square,Market Square,units_sold,Units Sold,2025-06-01,2025-06-30,2025-06,historical,15351542,units,,2025-07-01T08:00:00Z
modern_table,Modern Table,Home,market_square,Market Square,units_sold,Units Sold,2025-07-01,2025-07-31,2025-07,historical,15267697,units,,2025-08-01T08:00:00Z
modern_table,Modern Table,Home,market_square,Market Square,units_sold,Units Sold,2025-08-01,2025-08-31,2025-08,historical,14154235,units,,2025-09-01T08:00:00Z
modern_table,Modern Table,Home,market_square,Market Square,units_sold,Units Sold,2025-09-01,2025-09-30,2025-09,historical,14344572,units,,2025-10-01T08:00:00Z
modern_table,Modern Table,Home,market_square,Market Square,units_sold,Units Sold,2025-10-01,2025-10-31,2025-10,historical,13872496,units,,2025-11-01T08:00:00Z
modern_table,Modern Table,Home,market_square,Market Square,units_sold,Units Sold,2025-11-01,2025-11-30,2025-11,historical,14349567,units,,2025-12-01T08:00:00Z
modern_table,Modern Table,Home,market_square,Market Square,units_sold,Units Sold,2025-12-01,2025-12-31,2025-12,historical,14085405,units,,2026-01-01T08:00:00Z
modern_table,Modern Table,Home,market_square,Market Square,units_sold,Units Sold,2026-01-01,2026-01-31,2026-01,historical,15290906,units,,2026-02-01T08:00:00Z
modern_table,Modern Table,Home,market_square,Market Square,units_sold,Units Sold,2026-02-01,2026-02-28,2026-02,historical,16562178,units,,2026-03-01T08:00:00Z
modern_table,Modern Table,Home,market_square,Market Square,units_sold,Units Sold,2026-03-01,2026-03-31,2026-03,historical,17160909,units,,2026-04-01T08:00:00Z
modern_table,Modern Table,Home,market_square,Market Square,units_sold,Units Sold,2026-04-01,2026-04-30,2026-04,historical,18102156,units,,2026-05-01T08:00:00Z
modern_table,Modern Table,Home,market_square,Market Square,units_sold,Units Sold,2026-05-01,2026-05-31,2026-05,historical,16284140,units,,2026-06-01T08:00:00Z
modern_table,Modern Table,Home,market_square,Market Square,units_sold,Units Sold,2026-06-01,2026-06-30,2026-06,mtd,2575698,units,2026-06-04T09:00:00Z,2026-06-04T09:05:00Z
modern_table,Modern Table,Home,market_square,Market Square,units_sold,Units Sold,2026-06-01,2026-06-30,2026-06,mtd,2686004,units,2026-06-04T13:00:00Z,2026-06-04T13:05:00Z
modern_table,Modern Table,Home,market_square,Market Square,units_sold,Units Sold,2026-06-01,2026-06-30,2026-06,mtd,2732925,units,2026-06-04T17:00:00Z,2026-06-04T17:05:00Z
modern_table,Modern Table,Home,market_square,Market Square,asp,ASP,2025-05-01,2025-05-31,2025-05,historical,164.03,USD,,2025-06-01T08:00:00Z
modern_table,Modern Table,Home,market_square,Market Square,asp,ASP,2025-06-01,2025-06-30,2025-06,historical,157.95,USD,,2025-07-01T08:00:00Z
modern_table,Modern Table,Home,market_square,Market Square,asp,ASP,2025-07-01,2025-07-31,2025-07,historical,147.39,USD,,2025-08-01T08:00:00Z
modern_table,Modern Table,Home,market_square,Market Square,asp,ASP,2025-08-01,2025-08-31,2025-08,historical,142.13,USD,,2025-09-01T08:00:00Z
modern_table,Modern Table,Home,market_square,Market Square,asp,ASP,2025-09-01,2025-09-30,2025-09,historical,153.99,USD,,2025-10-01T08:00:00Z
modern_table,Modern Table,Home,market_square,Market Square,asp,ASP,2025-10-01,2025-10-31,2025-10,historical,144.65,USD,,2025-11-01T08:00:00Z
modern_table,Modern Table,Home,market_square,Market Square,asp,ASP,2025-11-01,2025-11-30,2025-11,historical,151.28,USD,,2025-12-01T08:00:00Z
modern_table,Modern Table,Home,market_square,Market Square,asp,ASP,2025-12-01,2025-12-31,2025-12,historical,150.04,USD,,2026-01-01T08:00:00Z
modern_table,Modern Table,Home,market_square,Market Square,asp,ASP,2026-01-01,2026-01-31,2026-01,historical,154.16,USD,,2026-02-01T08:00:00Z
modern_table,Modern Table,Home,market_square,Market Square,asp,ASP,2026-02-01,2026-02-28,2026-02,historical,159.67,USD,,2026-03-01T08:00:00Z
modern_table,Modern Table,Home,market_square,Market Square,asp,ASP,2026-03-01,2026-03-31,2026-03,historical,171.58,USD,,2026-04-01T08:00:00Z
modern_table,Modern Table,Home,market_square,Market Square,asp,ASP,2026-04-01,2026-04-30,2026-04,historical,187.68,USD,,2026-05-01T08:00:00Z
modern_table,Modern Table,Home,market_square,Market Square,asp,ASP,2026-05-01,2026-05-31,2026-05,historical,170.56,USD,,2026-06-01T08:00:00Z
modern_table,Modern Table,Home,market_square,Market Square,asp,ASP,2026-06-01,2026-06-30,2026-06,mtd,166.99,USD,2026-06-04T09:00:00Z,2026-06-04T09:05:00Z
modern_table,Modern Table,Home,market_square,Market Square,asp,ASP,2026-06-01,2026-06-30,2026-06,mtd,166.69,USD,2026-06-04T13:00:00Z,2026-06-04T13:05:00Z
modern_table,Modern Table,Home,market_square,Market Square,asp,ASP,2026-06-01,2026-06-30,2026-06,mtd,168.28,USD,2026-06-04T17:00:00Z,2026-06-04T17:05:00Z
modern_table,Modern Table,Home,stylemart,StyleMart,gmv,GMV,2025-05-01,2025-05-31,2025-05,historical,587085365.28,USD,,2025-06-01T08:00:00Z
modern_table,Modern Table,Home,stylemart,StyleMart,gmv,GMV,2025-06-01,2025-06-30,2025-06,historical,559319860.81,USD,,2025-07-01T08:00:00Z
modern_table,Modern Table,Home,stylemart,StyleMart,gmv,GMV,2025-07-01,2025-07-31,2025-07,historical,570114190.67,USD,,2025-08-01T08:00:00Z
modern_table,Modern Table,Home,stylemart,StyleMart,gmv,GMV,2025-08-01,2025-08-31,2025-08,historical,559856624.99,USD,,2025-09-01T08:00:00Z
modern_table,Modern Table,Home,stylemart,StyleMart,gmv,GMV,2025-09-01,2025-09-30,2025-09,historical,524139731.76,USD,,2025-10-01T08:00:00Z
modern_table,Modern Table,Home,stylemart,StyleMart,gmv,GMV,2025-10-01,2025-10-31,2025-10,historical,527747027.18,USD,,2025-11-01T08:00:00Z
modern_table,Modern Table,Home,stylemart,StyleMart,gmv,GMV,2025-11-01,2025-11-30,2025-11,historical,535458186.13,USD,,2025-12-01T08:00:00Z
modern_table,Modern Table,Home,stylemart,StyleMart,gmv,GMV,2025-12-01,2025-12-31,2025-12,historical,560695158.71,USD,,2026-01-01T08:00:00Z
modern_table,Modern Table,Home,stylemart,StyleMart,gmv,GMV,2026-01-01,2026-01-31,2026-01,historical,583261523.74,USD,,2026-02-01T08:00:00Z
modern_table,Modern Table,Home,stylemart,StyleMart,gmv,GMV,2026-02-01,2026-02-28,2026-02,historical,577713634.94,USD,,2026-03-01T08:00:00Z
modern_table,Modern Table,Home,stylemart,StyleMart,gmv,GMV,2026-03-01,2026-03-31,2026-03,historical,636852550.16,USD,,2026-04-01T08:00:00Z
modern_table,Modern Table,Home,stylemart,StyleMart,gmv,GMV,2026-04-01,2026-04-30,2026-04,historical,617174682.71,USD,,2026-05-01T08:00:00Z
modern_table,Modern Table,Home,stylemart,StyleMart,gmv,GMV,2026-05-01,2026-05-31,2026-05,historical,653649799.73,USD,,2026-06-01T08:00:00Z
modern_table,Modern Table,Home,stylemart,StyleMart,gmv,GMV,2026-06-01,2026-06-30,2026-06,mtd,92393088.45,USD,2026-06-04T09:00:00Z,2026-06-04T09:05:00Z
modern_table,Modern Table,Home,stylemart,StyleMart,gmv,GMV,2026-06-01,2026-06-30,2026-06,mtd,96491564.52,USD,2026-06-04T13:00:00Z,2026-06-04T13:05:00Z
modern_table,Modern Table,Home,stylemart,StyleMart,gmv,GMV,2026-06-01,2026-06-30,2026-06,mtd,99478619.60,USD,2026-06-04T17:00:00Z,2026-06-04T17:05:00Z
modern_table,Modern Table,Home,stylemart,StyleMart,units_sold,Units Sold,2025-05-01,2025-05-31,2025-05,historical,9916388,units,,2025-06-01T08:00:00Z
modern_table,Modern Table,Home,stylemart,StyleMart,units_sold,Units Sold,2025-06-01,2025-06-30,2025-06,historical,10146009,units,,2025-07-01T08:00:00Z
modern_table,Modern Table,Home,stylemart,StyleMart,units_sold,Units Sold,2025-07-01,2025-07-31,2025-07,historical,9268905,units,,2025-08-01T08:00:00Z
modern_table,Modern Table,Home,stylemart,StyleMart,units_sold,Units Sold,2025-08-01,2025-08-31,2025-08,historical,9408049,units,,2025-09-01T08:00:00Z
modern_table,Modern Table,Home,stylemart,StyleMart,units_sold,Units Sold,2025-09-01,2025-09-30,2025-09,historical,9083320,units,,2025-10-01T08:00:00Z
modern_table,Modern Table,Home,stylemart,StyleMart,units_sold,Units Sold,2025-10-01,2025-10-31,2025-10,historical,9649645,units,,2025-11-01T08:00:00Z
modern_table,Modern Table,Home,stylemart,StyleMart,units_sold,Units Sold,2025-11-01,2025-11-30,2025-11,historical,9136644,units,,2025-12-01T08:00:00Z
modern_table,Modern Table,Home,stylemart,StyleMart,units_sold,Units Sold,2025-12-01,2025-12-31,2025-12,historical,10098665,units,,2026-01-01T08:00:00Z
modern_table,Modern Table,Home,stylemart,StyleMart,units_sold,Units Sold,2026-01-01,2026-01-31,2026-01,historical,9996367,units,,2026-02-01T08:00:00Z
modern_table,Modern Table,Home,stylemart,StyleMart,units_sold,Units Sold,2026-02-01,2026-02-28,2026-02,historical,10958174,units,,2026-03-01T08:00:00Z
modern_table,Modern Table,Home,stylemart,StyleMart,units_sold,Units Sold,2026-03-01,2026-03-31,2026-03,historical,10492138,units,,2026-04-01T08:00:00Z
modern_table,Modern Table,Home,stylemart,StyleMart,units_sold,Units Sold,2026-04-01,2026-04-30,2026-04,historical,11056532,units,,2026-05-01T08:00:00Z
modern_table,Modern Table,Home,stylemart,StyleMart,units_sold,Units Sold,2026-05-01,2026-05-31,2026-05,historical,10821663,units,,2026-06-01T08:00:00Z
modern_table,Modern Table,Home,stylemart,StyleMart,units_sold,Units Sold,2026-06-01,2026-06-30,2026-06,mtd,1512687,units,2026-06-04T09:00:00Z,2026-06-04T09:05:00Z
modern_table,Modern Table,Home,stylemart,StyleMart,units_sold,Units Sold,2026-06-01,2026-06-30,2026-06,mtd,1575750,units,2026-06-04T13:00:00Z,2026-06-04T13:05:00Z
modern_table,Modern Table,Home,stylemart,StyleMart,units_sold,Units Sold,2026-06-01,2026-06-30,2026-06,mtd,1604192,units,2026-06-04T17:00:00Z,2026-06-04T17:05:00Z
modern_table,Modern Table,Home,stylemart,StyleMart,asp,ASP,2025-05-01,2025-05-31,2025-05,historical,147.44,USD,,2025-06-01T08:00:00Z
modern_table,Modern Table,Home,stylemart,StyleMart,asp,ASP,2025-06-01,2025-06-30,2025-06,historical,144.37,USD,,2025-07-01T08:00:00Z
modern_table,Modern Table,Home,stylemart,StyleMart,asp,ASP,2025-07-01,2025-07-31,2025-07,historical,140.97,USD,,2025-08-01T08:00:00Z
modern_table,Modern Table,Home,stylemart,StyleMart,asp,ASP,2025-08-01,2025-08-31,2025-08,historical,136.25,USD,,2025-09-01T08:00:00Z
modern_table,Modern Table,Home,stylemart,StyleMart,asp,ASP,2025-09-01,2025-09-30,2025-09,historical,121.46,USD,,2025-10-01T08:00:00Z
modern_table,Modern Table,Home,stylemart,StyleMart,asp,ASP,2025-10-01,2025-10-31,2025-10,historical,128.32,USD,,2025-11-01T08:00:00Z
modern_table,Modern Table,Home,stylemart,StyleMart,asp,ASP,2025-11-01,2025-11-30,2025-11,historical,124.19,USD,,2025-12-01T08:00:00Z
modern_table,Modern Table,Home,stylemart,StyleMart,asp,ASP,2025-12-01,2025-12-31,2025-12,historical,142.45,USD,,2026-01-01T08:00:00Z
modern_table,Modern Table,Home,stylemart,StyleMart,asp,ASP,2026-01-01,2026-01-31,2026-01,historical,144.30,USD,,2026-02-01T08:00:00Z
modern_table,Modern Table,Home,stylemart,StyleMart,asp,ASP,2026-02-01,2026-02-28,2026-02,historical,155.86,USD,,2026-03-01T08:00:00Z
modern_table,Modern Table,Home,stylemart,StyleMart,asp,ASP,2026-03-01,2026-03-31,2026-03,historical,153.84,USD,,2026-04-01T08:00:00Z
modern_table,Modern Table,Home,stylemart,StyleMart,asp,ASP,2026-04-01,2026-04-30,2026-04,historical,156.47,USD,,2026-05-01T08:00:00Z
modern_table,Modern Table,Home,stylemart,StyleMart,asp,ASP,2026-05-01,2026-05-31,2026-05,historical,157.67,USD,,2026-06-01T08:00:00Z
modern_table,Modern Table,Home,stylemart,StyleMart,asp,ASP,2026-06-01,2026-06-30,2026-06,mtd,155.66,USD,2026-06-04T09:00:00Z,2026-06-04T09:05:00Z
modern_table,Modern Table,Home,stylemart,StyleMart,asp,ASP,2026-06-01,2026-06-30,2026-06,mtd,154.37,USD,2026-06-04T13:00:00Z,2026-06-04T13:05:00Z
modern_table,Modern Table,Home,stylemart,StyleMart,asp,ASP,2026-06-01,2026-06-30,2026-06,mtd,155.53,USD,2026-06-04T17:00:00Z,2026-06-04T17:05:00Z
trailfit_gear,TrailFit Gear,Fitness,active_outfitters,Active Outfitters,gmv,GMV,2025-05-01,2025-05-31,2025-05,historical,655362216.24,USD,,2025-06-01T08:00:00Z
trailfit_gear,TrailFit Gear,Fitness,active_outfitters,Active Outfitters,gmv,GMV,2025-06-01,2025-06-30,2025-06,historical,671816964.54,USD,,2025-07-01T08:00:00Z
trailfit_gear,TrailFit Gear,Fitness,active_outfitters,Active Outfitters,gmv,GMV,2025-07-01,2025-07-31,2025-07,historical,637832894.90,USD,,2025-08-01T08:00:00Z
trailfit_gear,TrailFit Gear,Fitness,active_outfitters,Active Outfitters,gmv,GMV,2025-08-01,2025-08-31,2025-08,historical,620477412.16,USD,,2025-09-01T08:00:00Z
trailfit_gear,TrailFit Gear,Fitness,active_outfitters,Active Outfitters,gmv,GMV,2025-09-01,2025-09-30,2025-09,historical,575593753.59,USD,,2025-10-01T08:00:00Z
trailfit_gear,TrailFit Gear,Fitness,active_outfitters,Active Outfitters,gmv,GMV,2025-10-01,2025-10-31,2025-10,historical,619653317.25,USD,,2025-11-01T08:00:00Z
trailfit_gear,TrailFit Gear,Fitness,active_outfitters,Active Outfitters,gmv,GMV,2025-11-01,2025-11-30,2025-11,historical,629827887.07,USD,,2025-12-01T08:00:00Z
trailfit_gear,TrailFit Gear,Fitness,active_outfitters,Active Outfitters,gmv,GMV,2025-12-01,2025-12-31,2025-12,historical,634943877.35,USD,,2026-01-01T08:00:00Z
trailfit_gear,TrailFit Gear,Fitness,active_outfitters,Active Outfitters,gmv,GMV,2026-01-01,2026-01-31,2026-01,historical,649553797.84,USD,,2026-02-01T08:00:00Z
trailfit_gear,TrailFit Gear,Fitness,active_outfitters,Active Outfitters,gmv,GMV,2026-02-01,2026-02-28,2026-02,historical,704830673.19,USD,,2026-03-01T08:00:00Z
trailfit_gear,TrailFit Gear,Fitness,active_outfitters,Active Outfitters,gmv,GMV,2026-03-01,2026-03-31,2026-03,historical,674660754.93,USD,,2026-04-01T08:00:00Z
trailfit_gear,TrailFit Gear,Fitness,active_outfitters,Active Outfitters,gmv,GMV,2026-04-01,2026-04-30,2026-04,historical,708185178.31,USD,,2026-05-01T08:00:00Z
trailfit_gear,TrailFit Gear,Fitness,active_outfitters,Active Outfitters,gmv,GMV,2026-05-01,2026-05-31,2026-05,historical,731712469.96,USD,,2026-06-01T08:00:00Z
trailfit_gear,TrailFit Gear,Fitness,active_outfitters,Active Outfitters,gmv,GMV,2026-06-01,2026-06-30,2026-06,mtd,104978573.99,USD,2026-06-04T09:00:00Z,2026-06-04T09:05:00Z
trailfit_gear,TrailFit Gear,Fitness,active_outfitters,Active Outfitters,gmv,GMV,2026-06-01,2026-06-30,2026-06,mtd,111445728.99,USD,2026-06-04T13:00:00Z,2026-06-04T13:05:00Z
trailfit_gear,TrailFit Gear,Fitness,active_outfitters,Active Outfitters,gmv,GMV,2026-06-01,2026-06-30,2026-06,mtd,112700368.67,USD,2026-06-04T17:00:00Z,2026-06-04T17:05:00Z
trailfit_gear,TrailFit Gear,Fitness,active_outfitters,Active Outfitters,units_sold,Units Sold,2025-05-01,2025-05-31,2025-05,historical,13219999,units,,2025-06-01T08:00:00Z
trailfit_gear,TrailFit Gear,Fitness,active_outfitters,Active Outfitters,units_sold,Units Sold,2025-06-01,2025-06-30,2025-06,historical,13700803,units,,2025-07-01T08:00:00Z
trailfit_gear,TrailFit Gear,Fitness,active_outfitters,Active Outfitters,units_sold,Units Sold,2025-07-01,2025-07-31,2025-07,historical,12179606,units,,2025-08-01T08:00:00Z
trailfit_gear,TrailFit Gear,Fitness,active_outfitters,Active Outfitters,units_sold,Units Sold,2025-08-01,2025-08-31,2025-08,historical,12336671,units,,2025-09-01T08:00:00Z
trailfit_gear,TrailFit Gear,Fitness,active_outfitters,Active Outfitters,units_sold,Units Sold,2025-09-01,2025-09-30,2025-09,historical,11268958,units,,2025-10-01T08:00:00Z
trailfit_gear,TrailFit Gear,Fitness,active_outfitters,Active Outfitters,units_sold,Units Sold,2025-10-01,2025-10-31,2025-10,historical,11286925,units,,2025-11-01T08:00:00Z
trailfit_gear,TrailFit Gear,Fitness,active_outfitters,Active Outfitters,units_sold,Units Sold,2025-11-01,2025-11-30,2025-11,historical,12428889,units,,2025-12-01T08:00:00Z
trailfit_gear,TrailFit Gear,Fitness,active_outfitters,Active Outfitters,units_sold,Units Sold,2025-12-01,2025-12-31,2025-12,historical,11906649,units,,2026-01-01T08:00:00Z
trailfit_gear,TrailFit Gear,Fitness,active_outfitters,Active Outfitters,units_sold,Units Sold,2026-01-01,2026-01-31,2026-01,historical,12950733,units,,2026-02-01T08:00:00Z
trailfit_gear,TrailFit Gear,Fitness,active_outfitters,Active Outfitters,units_sold,Units Sold,2026-02-01,2026-02-28,2026-02,historical,13638698,units,,2026-03-01T08:00:00Z
trailfit_gear,TrailFit Gear,Fitness,active_outfitters,Active Outfitters,units_sold,Units Sold,2026-03-01,2026-03-31,2026-03,historical,14655126,units,,2026-04-01T08:00:00Z
trailfit_gear,TrailFit Gear,Fitness,active_outfitters,Active Outfitters,units_sold,Units Sold,2026-04-01,2026-04-30,2026-04,historical,14608060,units,,2026-05-01T08:00:00Z
trailfit_gear,TrailFit Gear,Fitness,active_outfitters,Active Outfitters,units_sold,Units Sold,2026-05-01,2026-05-31,2026-05,historical,14310691,units,,2026-06-01T08:00:00Z
trailfit_gear,TrailFit Gear,Fitness,active_outfitters,Active Outfitters,units_sold,Units Sold,2026-06-01,2026-06-30,2026-06,mtd,2191261,units,2026-06-04T09:00:00Z,2026-06-04T09:05:00Z
trailfit_gear,TrailFit Gear,Fitness,active_outfitters,Active Outfitters,units_sold,Units Sold,2026-06-01,2026-06-30,2026-06,mtd,2288523,units,2026-06-04T13:00:00Z,2026-06-04T13:05:00Z
trailfit_gear,TrailFit Gear,Fitness,active_outfitters,Active Outfitters,units_sold,Units Sold,2026-06-01,2026-06-30,2026-06,mtd,2366140,units,2026-06-04T17:00:00Z,2026-06-04T17:05:00Z
trailfit_gear,TrailFit Gear,Fitness,active_outfitters,Active Outfitters,asp,ASP,2025-05-01,2025-05-31,2025-05,historical,170.99,USD,,2025-06-01T08:00:00Z
trailfit_gear,TrailFit Gear,Fitness,active_outfitters,Active Outfitters,asp,ASP,2025-06-01,2025-06-30,2025-06,historical,168.82,USD,,2025-07-01T08:00:00Z
trailfit_gear,TrailFit Gear,Fitness,active_outfitters,Active Outfitters,asp,ASP,2025-07-01,2025-07-31,2025-07,historical,155.41,USD,,2025-08-01T08:00:00Z
trailfit_gear,TrailFit Gear,Fitness,active_outfitters,Active Outfitters,asp,ASP,2025-08-01,2025-08-31,2025-08,historical,153.18,USD,,2025-09-01T08:00:00Z
trailfit_gear,TrailFit Gear,Fitness,active_outfitters,Active Outfitters,asp,ASP,2025-09-01,2025-09-30,2025-09,historical,154.27,USD,,2025-10-01T08:00:00Z
trailfit_gear,TrailFit Gear,Fitness,active_outfitters,Active Outfitters,asp,ASP,2025-10-01,2025-10-31,2025-10,historical,154.76,USD,,2025-11-01T08:00:00Z
trailfit_gear,TrailFit Gear,Fitness,active_outfitters,Active Outfitters,asp,ASP,2025-11-01,2025-11-30,2025-11,historical,155.21,USD,,2025-12-01T08:00:00Z
trailfit_gear,TrailFit Gear,Fitness,active_outfitters,Active Outfitters,asp,ASP,2025-12-01,2025-12-31,2025-12,historical,163.45,USD,,2026-01-01T08:00:00Z
trailfit_gear,TrailFit Gear,Fitness,active_outfitters,Active Outfitters,asp,ASP,2026-01-01,2026-01-31,2026-01,historical,167.06,USD,,2026-02-01T08:00:00Z
trailfit_gear,TrailFit Gear,Fitness,active_outfitters,Active Outfitters,asp,ASP,2026-02-01,2026-02-28,2026-02,historical,167.50,USD,,2026-03-01T08:00:00Z
trailfit_gear,TrailFit Gear,Fitness,active_outfitters,Active Outfitters,asp,ASP,2026-03-01,2026-03-31,2026-03,historical,180.35,USD,,2026-04-01T08:00:00Z
trailfit_gear,TrailFit Gear,Fitness,active_outfitters,Active Outfitters,asp,ASP,2026-04-01,2026-04-30,2026-04,historical,190.23,USD,,2026-05-01T08:00:00Z
trailfit_gear,TrailFit Gear,Fitness,active_outfitters,Active Outfitters,asp,ASP,2026-05-01,2026-05-31,2026-05,historical,190.01,USD,,2026-06-01T08:00:00Z
trailfit_gear,TrailFit Gear,Fitness,active_outfitters,Active Outfitters,asp,ASP,2026-06-01,2026-06-30,2026-06,mtd,188.67,USD,2026-06-04T09:00:00Z,2026-06-04T09:05:00Z
trailfit_gear,TrailFit Gear,Fitness,active_outfitters,Active Outfitters,asp,ASP,2026-06-01,2026-06-30,2026-06,mtd,187.25,USD,2026-06-04T13:00:00Z,2026-06-04T13:05:00Z
trailfit_gear,TrailFit Gear,Fitness,active_outfitters,Active Outfitters,asp,ASP,2026-06-01,2026-06-30,2026-06,mtd,191.47,USD,2026-06-04T17:00:00Z,2026-06-04T17:05:00Z
trailfit_gear,TrailFit Gear,Fitness,sole_city,Sole City,gmv,GMV,2025-05-01,2025-05-31,2025-05,historical,360958380.93,USD,,2025-06-01T08:00:00Z
trailfit_gear,TrailFit Gear,Fitness,sole_city,Sole City,gmv,GMV,2025-06-01,2025-06-30,2025-06,historical,356269862.42,USD,,2025-07-01T08:00:00Z
trailfit_gear,TrailFit Gear,Fitness,sole_city,Sole City,gmv,GMV,2025-07-01,2025-07-31,2025-07,historical,380031030.33,USD,,2025-08-01T08:00:00Z
trailfit_gear,TrailFit Gear,Fitness,sole_city,Sole City,gmv,GMV,2025-08-01,2025-08-31,2025-08,historical,341926376.79,USD,,2025-09-01T08:00:00Z
trailfit_gear,TrailFit Gear,Fitness,sole_city,Sole City,gmv,GMV,2025-09-01,2025-09-30,2025-09,historical,362427291.35,USD,,2025-10-01T08:00:00Z
trailfit_gear,TrailFit Gear,Fitness,sole_city,Sole City,gmv,GMV,2025-10-01,2025-10-31,2025-10,historical,355344784.84,USD,,2025-11-01T08:00:00Z
trailfit_gear,TrailFit Gear,Fitness,sole_city,Sole City,gmv,GMV,2025-11-01,2025-11-30,2025-11,historical,340509349.31,USD,,2025-12-01T08:00:00Z
trailfit_gear,TrailFit Gear,Fitness,sole_city,Sole City,gmv,GMV,2025-12-01,2025-12-31,2025-12,historical,379791108.06,USD,,2026-01-01T08:00:00Z
trailfit_gear,TrailFit Gear,Fitness,sole_city,Sole City,gmv,GMV,2026-01-01,2026-01-31,2026-01,historical,382211105.61,USD,,2026-02-01T08:00:00Z
trailfit_gear,TrailFit Gear,Fitness,sole_city,Sole City,gmv,GMV,2026-02-01,2026-02-28,2026-02,historical,411778321.80,USD,,2026-03-01T08:00:00Z
trailfit_gear,TrailFit Gear,Fitness,sole_city,Sole City,gmv,GMV,2026-03-01,2026-03-31,2026-03,historical,428143858.83,USD,,2026-04-01T08:00:00Z
trailfit_gear,TrailFit Gear,Fitness,sole_city,Sole City,gmv,GMV,2026-04-01,2026-04-30,2026-04,historical,401230919.53,USD,,2026-05-01T08:00:00Z
trailfit_gear,TrailFit Gear,Fitness,sole_city,Sole City,gmv,GMV,2026-05-01,2026-05-31,2026-05,historical,444191921.18,USD,,2026-06-01T08:00:00Z
trailfit_gear,TrailFit Gear,Fitness,sole_city,Sole City,gmv,GMV,2026-06-01,2026-06-30,2026-06,mtd,58699135.90,USD,2026-06-04T09:00:00Z,2026-06-04T09:05:00Z
trailfit_gear,TrailFit Gear,Fitness,sole_city,Sole City,gmv,GMV,2026-06-01,2026-06-30,2026-06,mtd,60145821.69,USD,2026-06-04T13:00:00Z,2026-06-04T13:05:00Z
trailfit_gear,TrailFit Gear,Fitness,sole_city,Sole City,gmv,GMV,2026-06-01,2026-06-30,2026-06,mtd,62076742.30,USD,2026-06-04T17:00:00Z,2026-06-04T17:05:00Z
trailfit_gear,TrailFit Gear,Fitness,sole_city,Sole City,units_sold,Units Sold,2025-05-01,2025-05-31,2025-05,historical,9303598,units,,2025-06-01T08:00:00Z
trailfit_gear,TrailFit Gear,Fitness,sole_city,Sole City,units_sold,Units Sold,2025-06-01,2025-06-30,2025-06,historical,8952995,units,,2025-07-01T08:00:00Z
trailfit_gear,TrailFit Gear,Fitness,sole_city,Sole City,units_sold,Units Sold,2025-07-01,2025-07-31,2025-07,historical,9101996,units,,2025-08-01T08:00:00Z
trailfit_gear,TrailFit Gear,Fitness,sole_city,Sole City,units_sold,Units Sold,2025-08-01,2025-08-31,2025-08,historical,8360788,units,,2025-09-01T08:00:00Z
trailfit_gear,TrailFit Gear,Fitness,sole_city,Sole City,units_sold,Units Sold,2025-09-01,2025-09-30,2025-09,historical,8245615,units,,2025-10-01T08:00:00Z
trailfit_gear,TrailFit Gear,Fitness,sole_city,Sole City,units_sold,Units Sold,2025-10-01,2025-10-31,2025-10,historical,8299467,units,,2025-11-01T08:00:00Z
trailfit_gear,TrailFit Gear,Fitness,sole_city,Sole City,units_sold,Units Sold,2025-11-01,2025-11-30,2025-11,historical,8443370,units,,2025-12-01T08:00:00Z
trailfit_gear,TrailFit Gear,Fitness,sole_city,Sole City,units_sold,Units Sold,2025-12-01,2025-12-31,2025-12,historical,9274444,units,,2026-01-01T08:00:00Z
trailfit_gear,TrailFit Gear,Fitness,sole_city,Sole City,units_sold,Units Sold,2026-01-01,2026-01-31,2026-01,historical,9068707,units,,2026-02-01T08:00:00Z
trailfit_gear,TrailFit Gear,Fitness,sole_city,Sole City,units_sold,Units Sold,2026-02-01,2026-02-28,2026-02,historical,9474316,units,,2026-03-01T08:00:00Z
trailfit_gear,TrailFit Gear,Fitness,sole_city,Sole City,units_sold,Units Sold,2026-03-01,2026-03-31,2026-03,historical,10541081,units,,2026-04-01T08:00:00Z
trailfit_gear,TrailFit Gear,Fitness,sole_city,Sole City,units_sold,Units Sold,2026-04-01,2026-04-30,2026-04,historical,10615782,units,,2026-05-01T08:00:00Z
trailfit_gear,TrailFit Gear,Fitness,sole_city,Sole City,units_sold,Units Sold,2026-05-01,2026-05-31,2026-05,historical,10480863,units,,2026-06-01T08:00:00Z
trailfit_gear,TrailFit Gear,Fitness,sole_city,Sole City,units_sold,Units Sold,2026-06-01,2026-06-30,2026-06,mtd,1464773,units,2026-06-04T09:00:00Z,2026-06-04T09:05:00Z
trailfit_gear,TrailFit Gear,Fitness,sole_city,Sole City,units_sold,Units Sold,2026-06-01,2026-06-30,2026-06,mtd,1528492,units,2026-06-04T13:00:00Z,2026-06-04T13:05:00Z
trailfit_gear,TrailFit Gear,Fitness,sole_city,Sole City,units_sold,Units Sold,2026-06-01,2026-06-30,2026-06,mtd,1570079,units,2026-06-04T17:00:00Z,2026-06-04T17:05:00Z
trailfit_gear,TrailFit Gear,Fitness,sole_city,Sole City,asp,ASP,2025-05-01,2025-05-31,2025-05,historical,107.42,USD,,2025-06-01T08:00:00Z
trailfit_gear,TrailFit Gear,Fitness,sole_city,Sole City,asp,ASP,2025-06-01,2025-06-30,2025-06,historical,105.20,USD,,2025-07-01T08:00:00Z
trailfit_gear,TrailFit Gear,Fitness,sole_city,Sole City,asp,ASP,2025-07-01,2025-07-31,2025-07,historical,113.83,USD,,2025-08-01T08:00:00Z
trailfit_gear,TrailFit Gear,Fitness,sole_city,Sole City,asp,ASP,2025-08-01,2025-08-31,2025-08,historical,103.79,USD,,2025-09-01T08:00:00Z
trailfit_gear,TrailFit Gear,Fitness,sole_city,Sole City,asp,ASP,2025-09-01,2025-09-30,2025-09,historical,103.37,USD,,2025-10-01T08:00:00Z
trailfit_gear,TrailFit Gear,Fitness,sole_city,Sole City,asp,ASP,2025-10-01,2025-10-31,2025-10,historical,107.26,USD,,2025-11-01T08:00:00Z
trailfit_gear,TrailFit Gear,Fitness,sole_city,Sole City,asp,ASP,2025-11-01,2025-11-30,2025-11,historical,104.68,USD,,2025-12-01T08:00:00Z
trailfit_gear,TrailFit Gear,Fitness,sole_city,Sole City,asp,ASP,2025-12-01,2025-12-31,2025-12,historical,104.00,USD,,2026-01-01T08:00:00Z
trailfit_gear,TrailFit Gear,Fitness,sole_city,Sole City,asp,ASP,2026-01-01,2026-01-31,2026-01,historical,113.07,USD,,2026-02-01T08:00:00Z
trailfit_gear,TrailFit Gear,Fitness,sole_city,Sole City,asp,ASP,2026-02-01,2026-02-28,2026-02,historical,114.43,USD,,2026-03-01T08:00:00Z
trailfit_gear,TrailFit Gear,Fitness,sole_city,Sole City,asp,ASP,2026-03-01,2026-03-31,2026-03,historical,118.51,USD,,2026-04-01T08:00:00Z
trailfit_gear,TrailFit Gear,Fitness,sole_city,Sole City,asp,ASP,2026-04-01,2026-04-30,2026-04,historical,130.89,USD,,2026-05-01T08:00:00Z
trailfit_gear,TrailFit Gear,Fitness,sole_city,Sole City,asp,ASP,2026-05-01,2026-05-31,2026-05,historical,130.49,USD,,2026-06-01T08:00:00Z
trailfit_gear,TrailFit Gear,Fitness,sole_city,Sole City,asp,ASP,2026-06-01,2026-06-30,2026-06,mtd,128.26,USD,2026-06-04T09:00:00Z,2026-06-04T09:05:00Z
trailfit_gear,TrailFit Gear,Fitness,sole_city,Sole City,asp,ASP,2026-06-01,2026-06-30,2026-06,mtd,129.78,USD,2026-06-04T13:00:00Z,2026-06-04T13:05:00Z
trailfit_gear,TrailFit Gear,Fitness,sole_city,Sole City,asp,ASP,2026-06-01,2026-06-30,2026-06,mtd,130.91,USD,2026-06-04T17:00:00Z,2026-06-04T17:05:00Z
trailfit_gear,TrailFit Gear,Fitness,market_square,Market Square,gmv,GMV,2025-05-01,2025-05-31,2025-05,historical,394989408.40,USD,,2025-06-01T08:00:00Z
trailfit_gear,TrailFit Gear,Fitness,market_square,Market Square,gmv,GMV,2025-06-01,2025-06-30,2025-06,historical,395350797.84,USD,,2025-07-01T08:00:00Z
trailfit_gear,TrailFit Gear,Fitness,market_square,Market Square,gmv,GMV,2025-07-01,2025-07-31,2025-07,historical,369266511.65,USD,,2025-08-01T08:00:00Z
trailfit_gear,TrailFit Gear,Fitness,market_square,Market Square,gmv,GMV,2025-08-01,2025-08-31,2025-08,historical,349688601.74,USD,,2025-09-01T08:00:00Z
trailfit_gear,TrailFit Gear,Fitness,market_square,Market Square,gmv,GMV,2025-09-01,2025-09-30,2025-09,historical,368693421.08,USD,,2025-10-01T08:00:00Z
trailfit_gear,TrailFit Gear,Fitness,market_square,Market Square,gmv,GMV,2025-10-01,2025-10-31,2025-10,historical,373303638.03,USD,,2025-11-01T08:00:00Z
trailfit_gear,TrailFit Gear,Fitness,market_square,Market Square,gmv,GMV,2025-11-01,2025-11-30,2025-11,historical,367357711.99,USD,,2025-12-01T08:00:00Z
trailfit_gear,TrailFit Gear,Fitness,market_square,Market Square,gmv,GMV,2025-12-01,2025-12-31,2025-12,historical,357528421.09,USD,,2026-01-01T08:00:00Z
trailfit_gear,TrailFit Gear,Fitness,market_square,Market Square,gmv,GMV,2026-01-01,2026-01-31,2026-01,historical,387513176.61,USD,,2026-02-01T08:00:00Z
trailfit_gear,TrailFit Gear,Fitness,market_square,Market Square,gmv,GMV,2026-02-01,2026-02-28,2026-02,historical,393635268.72,USD,,2026-03-01T08:00:00Z
trailfit_gear,TrailFit Gear,Fitness,market_square,Market Square,gmv,GMV,2026-03-01,2026-03-31,2026-03,historical,417833687.28,USD,,2026-04-01T08:00:00Z
trailfit_gear,TrailFit Gear,Fitness,market_square,Market Square,gmv,GMV,2026-04-01,2026-04-30,2026-04,historical,455215573.82,USD,,2026-05-01T08:00:00Z
trailfit_gear,TrailFit Gear,Fitness,market_square,Market Square,gmv,GMV,2026-05-01,2026-05-31,2026-05,historical,438284755.15,USD,,2026-06-01T08:00:00Z
trailfit_gear,TrailFit Gear,Fitness,market_square,Market Square,gmv,GMV,2026-06-01,2026-06-30,2026-06,mtd,61542260.09,USD,2026-06-04T09:00:00Z,2026-06-04T09:05:00Z
trailfit_gear,TrailFit Gear,Fitness,market_square,Market Square,gmv,GMV,2026-06-01,2026-06-30,2026-06,mtd,63576442.97,USD,2026-06-04T13:00:00Z,2026-06-04T13:05:00Z
trailfit_gear,TrailFit Gear,Fitness,market_square,Market Square,gmv,GMV,2026-06-01,2026-06-30,2026-06,mtd,66494158.18,USD,2026-06-04T17:00:00Z,2026-06-04T17:05:00Z
trailfit_gear,TrailFit Gear,Fitness,market_square,Market Square,units_sold,Units Sold,2025-05-01,2025-05-31,2025-05,historical,16173481,units,,2025-06-01T08:00:00Z
trailfit_gear,TrailFit Gear,Fitness,market_square,Market Square,units_sold,Units Sold,2025-06-01,2025-06-30,2025-06,historical,17235091,units,,2025-07-01T08:00:00Z
trailfit_gear,TrailFit Gear,Fitness,market_square,Market Square,units_sold,Units Sold,2025-07-01,2025-07-31,2025-07,historical,17154431,units,,2025-08-01T08:00:00Z
trailfit_gear,TrailFit Gear,Fitness,market_square,Market Square,units_sold,Units Sold,2025-08-01,2025-08-31,2025-08,historical,15347200,units,,2025-09-01T08:00:00Z
trailfit_gear,TrailFit Gear,Fitness,market_square,Market Square,units_sold,Units Sold,2025-09-01,2025-09-30,2025-09,historical,14527174,units,,2025-10-01T08:00:00Z
trailfit_gear,TrailFit Gear,Fitness,market_square,Market Square,units_sold,Units Sold,2025-10-01,2025-10-31,2025-10,historical,15534983,units,,2025-11-01T08:00:00Z
trailfit_gear,TrailFit Gear,Fitness,market_square,Market Square,units_sold,Units Sold,2025-11-01,2025-11-30,2025-11,historical,15150124,units,,2025-12-01T08:00:00Z
trailfit_gear,TrailFit Gear,Fitness,market_square,Market Square,units_sold,Units Sold,2025-12-01,2025-12-31,2025-12,historical,15410121,units,,2026-01-01T08:00:00Z
trailfit_gear,TrailFit Gear,Fitness,market_square,Market Square,units_sold,Units Sold,2026-01-01,2026-01-31,2026-01,historical,16110342,units,,2026-02-01T08:00:00Z
trailfit_gear,TrailFit Gear,Fitness,market_square,Market Square,units_sold,Units Sold,2026-02-01,2026-02-28,2026-02,historical,17956626,units,,2026-03-01T08:00:00Z
trailfit_gear,TrailFit Gear,Fitness,market_square,Market Square,units_sold,Units Sold,2026-03-01,2026-03-31,2026-03,historical,19527805,units,,2026-04-01T08:00:00Z
trailfit_gear,TrailFit Gear,Fitness,market_square,Market Square,units_sold,Units Sold,2026-04-01,2026-04-30,2026-04,historical,19001762,units,,2026-05-01T08:00:00Z
trailfit_gear,TrailFit Gear,Fitness,market_square,Market Square,units_sold,Units Sold,2026-05-01,2026-05-31,2026-05,historical,19593021,units,,2026-06-01T08:00:00Z
trailfit_gear,TrailFit Gear,Fitness,market_square,Market Square,units_sold,Units Sold,2026-06-01,2026-06-30,2026-06,mtd,2621919,units,2026-06-04T09:00:00Z,2026-06-04T09:05:00Z
trailfit_gear,TrailFit Gear,Fitness,market_square,Market Square,units_sold,Units Sold,2026-06-01,2026-06-30,2026-06,mtd,2740237,units,2026-06-04T13:00:00Z,2026-06-04T13:05:00Z
trailfit_gear,TrailFit Gear,Fitness,market_square,Market Square,units_sold,Units Sold,2026-06-01,2026-06-30,2026-06,mtd,2814062,units,2026-06-04T17:00:00Z,2026-06-04T17:05:00Z
trailfit_gear,TrailFit Gear,Fitness,market_square,Market Square,asp,ASP,2025-05-01,2025-05-31,2025-05,historical,99.81,USD,,2025-06-01T08:00:00Z
trailfit_gear,TrailFit Gear,Fitness,market_square,Market Square,asp,ASP,2025-06-01,2025-06-30,2025-06,historical,101.07,USD,,2025-07-01T08:00:00Z
trailfit_gear,TrailFit Gear,Fitness,market_square,Market Square,asp,ASP,2025-07-01,2025-07-31,2025-07,historical,94.85,USD,,2025-08-01T08:00:00Z
trailfit_gear,TrailFit Gear,Fitness,market_square,Market Square,asp,ASP,2025-08-01,2025-08-31,2025-08,historical,86.31,USD,,2025-09-01T08:00:00Z
trailfit_gear,TrailFit Gear,Fitness,market_square,Market Square,asp,ASP,2025-09-01,2025-09-30,2025-09,historical,88.19,USD,,2025-10-01T08:00:00Z
trailfit_gear,TrailFit Gear,Fitness,market_square,Market Square,asp,ASP,2025-10-01,2025-10-31,2025-10,historical,89.28,USD,,2025-11-01T08:00:00Z
trailfit_gear,TrailFit Gear,Fitness,market_square,Market Square,asp,ASP,2025-11-01,2025-11-30,2025-11,historical,88.57,USD,,2025-12-01T08:00:00Z
trailfit_gear,TrailFit Gear,Fitness,market_square,Market Square,asp,ASP,2025-12-01,2025-12-31,2025-12,historical,97.59,USD,,2026-01-01T08:00:00Z
trailfit_gear,TrailFit Gear,Fitness,market_square,Market Square,asp,ASP,2026-01-01,2026-01-31,2026-01,historical,102.44,USD,,2026-02-01T08:00:00Z
trailfit_gear,TrailFit Gear,Fitness,market_square,Market Square,asp,ASP,2026-02-01,2026-02-28,2026-02,historical,105.04,USD,,2026-03-01T08:00:00Z
trailfit_gear,TrailFit Gear,Fitness,market_square,Market Square,asp,ASP,2026-03-01,2026-03-31,2026-03,historical,106.54,USD,,2026-04-01T08:00:00Z
trailfit_gear,TrailFit Gear,Fitness,market_square,Market Square,asp,ASP,2026-04-01,2026-04-30,2026-04,historical,110.45,USD,,2026-05-01T08:00:00Z
trailfit_gear,TrailFit Gear,Fitness,market_square,Market Square,asp,ASP,2026-05-01,2026-05-31,2026-05,historical,110.11,USD,,2026-06-01T08:00:00Z
trailfit_gear,TrailFit Gear,Fitness,market_square,Market Square,asp,ASP,2026-06-01,2026-06-30,2026-06,mtd,106.86,USD,2026-06-04T09:00:00Z,2026-06-04T09:05:00Z
trailfit_gear,TrailFit Gear,Fitness,market_square,Market Square,asp,ASP,2026-06-01,2026-06-30,2026-06,mtd,107.75,USD,2026-06-04T13:00:00Z,2026-06-04T13:05:00Z
trailfit_gear,TrailFit Gear,Fitness,market_square,Market Square,asp,ASP,2026-06-01,2026-06-30,2026-06,mtd,108.97,USD,2026-06-04T17:00:00Z,2026-06-04T17:05:00Z
pulse_wellness,Pulse Wellness,Fitness,active_outfitters,Active Outfitters,gmv,GMV,2025-05-01,2025-05-31,2025-05,historical,787409567.17,USD,,2025-06-01T08:00:00Z
pulse_wellness,Pulse Wellness,Fitness,active_outfitters,Active Outfitters,gmv,GMV,2025-06-01,2025-06-30,2025-06,historical,789196351.02,USD,,2025-07-01T08:00:00Z
pulse_wellness,Pulse Wellness,Fitness,active_outfitters,Active Outfitters,gmv,GMV,2025-07-01,2025-07-31,2025-07,historical,781319632.56,USD,,2025-08-01T08:00:00Z
pulse_wellness,Pulse Wellness,Fitness,active_outfitters,Active Outfitters,gmv,GMV,2025-08-01,2025-08-31,2025-08,historical,764792390.88,USD,,2025-09-01T08:00:00Z
pulse_wellness,Pulse Wellness,Fitness,active_outfitters,Active Outfitters,gmv,GMV,2025-09-01,2025-09-30,2025-09,historical,763873825.11,USD,,2025-10-01T08:00:00Z
pulse_wellness,Pulse Wellness,Fitness,active_outfitters,Active Outfitters,gmv,GMV,2025-10-01,2025-10-31,2025-10,historical,756295819.36,USD,,2025-11-01T08:00:00Z
pulse_wellness,Pulse Wellness,Fitness,active_outfitters,Active Outfitters,gmv,GMV,2025-11-01,2025-11-30,2025-11,historical,765608291.43,USD,,2025-12-01T08:00:00Z
pulse_wellness,Pulse Wellness,Fitness,active_outfitters,Active Outfitters,gmv,GMV,2025-12-01,2025-12-31,2025-12,historical,751747648.49,USD,,2026-01-01T08:00:00Z
pulse_wellness,Pulse Wellness,Fitness,active_outfitters,Active Outfitters,gmv,GMV,2026-01-01,2026-01-31,2026-01,historical,777684291.17,USD,,2026-02-01T08:00:00Z
pulse_wellness,Pulse Wellness,Fitness,active_outfitters,Active Outfitters,gmv,GMV,2026-02-01,2026-02-28,2026-02,historical,817051159.65,USD,,2026-03-01T08:00:00Z
pulse_wellness,Pulse Wellness,Fitness,active_outfitters,Active Outfitters,gmv,GMV,2026-03-01,2026-03-31,2026-03,historical,909888296.24,USD,,2026-04-01T08:00:00Z
pulse_wellness,Pulse Wellness,Fitness,active_outfitters,Active Outfitters,gmv,GMV,2026-04-01,2026-04-30,2026-04,historical,873935714.76,USD,,2026-05-01T08:00:00Z
pulse_wellness,Pulse Wellness,Fitness,active_outfitters,Active Outfitters,gmv,GMV,2026-05-01,2026-05-31,2026-05,historical,882610866.99,USD,,2026-06-01T08:00:00Z
pulse_wellness,Pulse Wellness,Fitness,active_outfitters,Active Outfitters,gmv,GMV,2026-06-01,2026-06-30,2026-06,mtd,128854838.80,USD,2026-06-04T09:00:00Z,2026-06-04T09:05:00Z
pulse_wellness,Pulse Wellness,Fitness,active_outfitters,Active Outfitters,gmv,GMV,2026-06-01,2026-06-30,2026-06,mtd,135007005.42,USD,2026-06-04T13:00:00Z,2026-06-04T13:05:00Z
pulse_wellness,Pulse Wellness,Fitness,active_outfitters,Active Outfitters,gmv,GMV,2026-06-01,2026-06-30,2026-06,mtd,139114320.10,USD,2026-06-04T17:00:00Z,2026-06-04T17:05:00Z
pulse_wellness,Pulse Wellness,Fitness,active_outfitters,Active Outfitters,units_sold,Units Sold,2025-05-01,2025-05-31,2025-05,historical,15144905,units,,2025-06-01T08:00:00Z
pulse_wellness,Pulse Wellness,Fitness,active_outfitters,Active Outfitters,units_sold,Units Sold,2025-06-01,2025-06-30,2025-06,historical,14611543,units,,2025-07-01T08:00:00Z
pulse_wellness,Pulse Wellness,Fitness,active_outfitters,Active Outfitters,units_sold,Units Sold,2025-07-01,2025-07-31,2025-07,historical,14673695,units,,2025-08-01T08:00:00Z
pulse_wellness,Pulse Wellness,Fitness,active_outfitters,Active Outfitters,units_sold,Units Sold,2025-08-01,2025-08-31,2025-08,historical,13227789,units,,2025-09-01T08:00:00Z
pulse_wellness,Pulse Wellness,Fitness,active_outfitters,Active Outfitters,units_sold,Units Sold,2025-09-01,2025-09-30,2025-09,historical,13330381,units,,2025-10-01T08:00:00Z
pulse_wellness,Pulse Wellness,Fitness,active_outfitters,Active Outfitters,units_sold,Units Sold,2025-10-01,2025-10-31,2025-10,historical,13416059,units,,2025-11-01T08:00:00Z
pulse_wellness,Pulse Wellness,Fitness,active_outfitters,Active Outfitters,units_sold,Units Sold,2025-11-01,2025-11-30,2025-11,historical,14131750,units,,2025-12-01T08:00:00Z
pulse_wellness,Pulse Wellness,Fitness,active_outfitters,Active Outfitters,units_sold,Units Sold,2025-12-01,2025-12-31,2025-12,historical,13781571,units,,2026-01-01T08:00:00Z
pulse_wellness,Pulse Wellness,Fitness,active_outfitters,Active Outfitters,units_sold,Units Sold,2026-01-01,2026-01-31,2026-01,historical,14723497,units,,2026-02-01T08:00:00Z
pulse_wellness,Pulse Wellness,Fitness,active_outfitters,Active Outfitters,units_sold,Units Sold,2026-02-01,2026-02-28,2026-02,historical,15936641,units,,2026-03-01T08:00:00Z
pulse_wellness,Pulse Wellness,Fitness,active_outfitters,Active Outfitters,units_sold,Units Sold,2026-03-01,2026-03-31,2026-03,historical,15200557,units,,2026-04-01T08:00:00Z
pulse_wellness,Pulse Wellness,Fitness,active_outfitters,Active Outfitters,units_sold,Units Sold,2026-04-01,2026-04-30,2026-04,historical,15441015,units,,2026-05-01T08:00:00Z
pulse_wellness,Pulse Wellness,Fitness,active_outfitters,Active Outfitters,units_sold,Units Sold,2026-05-01,2026-05-31,2026-05,historical,16100275,units,,2026-06-01T08:00:00Z
pulse_wellness,Pulse Wellness,Fitness,active_outfitters,Active Outfitters,units_sold,Units Sold,2026-06-01,2026-06-30,2026-06,mtd,2275414,units,2026-06-04T09:00:00Z,2026-06-04T09:05:00Z
pulse_wellness,Pulse Wellness,Fitness,active_outfitters,Active Outfitters,units_sold,Units Sold,2026-06-01,2026-06-30,2026-06,mtd,2363611,units,2026-06-04T13:00:00Z,2026-06-04T13:05:00Z
pulse_wellness,Pulse Wellness,Fitness,active_outfitters,Active Outfitters,units_sold,Units Sold,2026-06-01,2026-06-30,2026-06,mtd,2467608,units,2026-06-04T17:00:00Z,2026-06-04T17:05:00Z
pulse_wellness,Pulse Wellness,Fitness,active_outfitters,Active Outfitters,asp,ASP,2025-05-01,2025-05-31,2025-05,historical,160.22,USD,,2025-06-01T08:00:00Z
pulse_wellness,Pulse Wellness,Fitness,active_outfitters,Active Outfitters,asp,ASP,2025-06-01,2025-06-30,2025-06,historical,157.71,USD,,2025-07-01T08:00:00Z
pulse_wellness,Pulse Wellness,Fitness,active_outfitters,Active Outfitters,asp,ASP,2025-07-01,2025-07-31,2025-07,historical,154.84,USD,,2025-08-01T08:00:00Z
pulse_wellness,Pulse Wellness,Fitness,active_outfitters,Active Outfitters,asp,ASP,2025-08-01,2025-08-31,2025-08,historical,151.05,USD,,2025-09-01T08:00:00Z
pulse_wellness,Pulse Wellness,Fitness,active_outfitters,Active Outfitters,asp,ASP,2025-09-01,2025-09-30,2025-09,historical,153.90,USD,,2025-10-01T08:00:00Z
pulse_wellness,Pulse Wellness,Fitness,active_outfitters,Active Outfitters,asp,ASP,2025-10-01,2025-10-31,2025-10,historical,157.98,USD,,2025-11-01T08:00:00Z
pulse_wellness,Pulse Wellness,Fitness,active_outfitters,Active Outfitters,asp,ASP,2025-11-01,2025-11-30,2025-11,historical,157.53,USD,,2025-12-01T08:00:00Z
pulse_wellness,Pulse Wellness,Fitness,active_outfitters,Active Outfitters,asp,ASP,2025-12-01,2025-12-31,2025-12,historical,166.93,USD,,2026-01-01T08:00:00Z
pulse_wellness,Pulse Wellness,Fitness,active_outfitters,Active Outfitters,asp,ASP,2026-01-01,2026-01-31,2026-01,historical,160.07,USD,,2026-02-01T08:00:00Z
pulse_wellness,Pulse Wellness,Fitness,active_outfitters,Active Outfitters,asp,ASP,2026-02-01,2026-02-28,2026-02,historical,166.44,USD,,2026-03-01T08:00:00Z
pulse_wellness,Pulse Wellness,Fitness,active_outfitters,Active Outfitters,asp,ASP,2026-03-01,2026-03-31,2026-03,historical,175.12,USD,,2026-04-01T08:00:00Z
pulse_wellness,Pulse Wellness,Fitness,active_outfitters,Active Outfitters,asp,ASP,2026-04-01,2026-04-30,2026-04,historical,186.46,USD,,2026-05-01T08:00:00Z
pulse_wellness,Pulse Wellness,Fitness,active_outfitters,Active Outfitters,asp,ASP,2026-05-01,2026-05-31,2026-05,historical,177.81,USD,,2026-06-01T08:00:00Z
pulse_wellness,Pulse Wellness,Fitness,active_outfitters,Active Outfitters,asp,ASP,2026-06-01,2026-06-30,2026-06,mtd,172.85,USD,2026-06-04T09:00:00Z,2026-06-04T09:05:00Z
pulse_wellness,Pulse Wellness,Fitness,active_outfitters,Active Outfitters,asp,ASP,2026-06-01,2026-06-30,2026-06,mtd,177.59,USD,2026-06-04T13:00:00Z,2026-06-04T13:05:00Z
pulse_wellness,Pulse Wellness,Fitness,active_outfitters,Active Outfitters,asp,ASP,2026-06-01,2026-06-30,2026-06,mtd,178.55,USD,2026-06-04T17:00:00Z,2026-06-04T17:05:00Z
pulse_wellness,Pulse Wellness,Fitness,value_hub,Value Hub,gmv,GMV,2025-05-01,2025-05-31,2025-05,historical,858655504.43,USD,,2025-06-01T08:00:00Z
pulse_wellness,Pulse Wellness,Fitness,value_hub,Value Hub,gmv,GMV,2025-06-01,2025-06-30,2025-06,historical,800151037.70,USD,,2025-07-01T08:00:00Z
pulse_wellness,Pulse Wellness,Fitness,value_hub,Value Hub,gmv,GMV,2025-07-01,2025-07-31,2025-07,historical,833437268.12,USD,,2025-08-01T08:00:00Z
pulse_wellness,Pulse Wellness,Fitness,value_hub,Value Hub,gmv,GMV,2025-08-01,2025-08-31,2025-08,historical,812160572.00,USD,,2025-09-01T08:00:00Z
pulse_wellness,Pulse Wellness,Fitness,value_hub,Value Hub,gmv,GMV,2025-09-01,2025-09-30,2025-09,historical,728457627.04,USD,,2025-10-01T08:00:00Z
pulse_wellness,Pulse Wellness,Fitness,value_hub,Value Hub,gmv,GMV,2025-10-01,2025-10-31,2025-10,historical,775670144.59,USD,,2025-11-01T08:00:00Z
pulse_wellness,Pulse Wellness,Fitness,value_hub,Value Hub,gmv,GMV,2025-11-01,2025-11-30,2025-11,historical,795983795.05,USD,,2025-12-01T08:00:00Z
pulse_wellness,Pulse Wellness,Fitness,value_hub,Value Hub,gmv,GMV,2025-12-01,2025-12-31,2025-12,historical,844732294.50,USD,,2026-01-01T08:00:00Z
pulse_wellness,Pulse Wellness,Fitness,value_hub,Value Hub,gmv,GMV,2026-01-01,2026-01-31,2026-01,historical,839746119.02,USD,,2026-02-01T08:00:00Z
pulse_wellness,Pulse Wellness,Fitness,value_hub,Value Hub,gmv,GMV,2026-02-01,2026-02-28,2026-02,historical,852227698.36,USD,,2026-03-01T08:00:00Z
pulse_wellness,Pulse Wellness,Fitness,value_hub,Value Hub,gmv,GMV,2026-03-01,2026-03-31,2026-03,historical,899914355.17,USD,,2026-04-01T08:00:00Z
pulse_wellness,Pulse Wellness,Fitness,value_hub,Value Hub,gmv,GMV,2026-04-01,2026-04-30,2026-04,historical,968108661.42,USD,,2026-05-01T08:00:00Z
pulse_wellness,Pulse Wellness,Fitness,value_hub,Value Hub,gmv,GMV,2026-05-01,2026-05-31,2026-05,historical,1000312822.62,USD,,2026-06-01T08:00:00Z
pulse_wellness,Pulse Wellness,Fitness,value_hub,Value Hub,gmv,GMV,2026-06-01,2026-06-30,2026-06,mtd,130647384.27,USD,2026-06-04T09:00:00Z,2026-06-04T09:05:00Z
pulse_wellness,Pulse Wellness,Fitness,value_hub,Value Hub,gmv,GMV,2026-06-01,2026-06-30,2026-06,mtd,135835953.05,USD,2026-06-04T13:00:00Z,2026-06-04T13:05:00Z
pulse_wellness,Pulse Wellness,Fitness,value_hub,Value Hub,gmv,GMV,2026-06-01,2026-06-30,2026-06,mtd,140168795.10,USD,2026-06-04T17:00:00Z,2026-06-04T17:05:00Z
pulse_wellness,Pulse Wellness,Fitness,value_hub,Value Hub,units_sold,Units Sold,2025-05-01,2025-05-31,2025-05,historical,17875059,units,,2025-06-01T08:00:00Z
pulse_wellness,Pulse Wellness,Fitness,value_hub,Value Hub,units_sold,Units Sold,2025-06-01,2025-06-30,2025-06,historical,17626395,units,,2025-07-01T08:00:00Z
pulse_wellness,Pulse Wellness,Fitness,value_hub,Value Hub,units_sold,Units Sold,2025-07-01,2025-07-31,2025-07,historical,17337959,units,,2025-08-01T08:00:00Z
pulse_wellness,Pulse Wellness,Fitness,value_hub,Value Hub,units_sold,Units Sold,2025-08-01,2025-08-31,2025-08,historical,16803596,units,,2025-09-01T08:00:00Z
pulse_wellness,Pulse Wellness,Fitness,value_hub,Value Hub,units_sold,Units Sold,2025-09-01,2025-09-30,2025-09,historical,16487659,units,,2025-10-01T08:00:00Z
pulse_wellness,Pulse Wellness,Fitness,value_hub,Value Hub,units_sold,Units Sold,2025-10-01,2025-10-31,2025-10,historical,15353227,units,,2025-11-01T08:00:00Z
pulse_wellness,Pulse Wellness,Fitness,value_hub,Value Hub,units_sold,Units Sold,2025-11-01,2025-11-30,2025-11,historical,15267892,units,,2025-12-01T08:00:00Z
pulse_wellness,Pulse Wellness,Fitness,value_hub,Value Hub,units_sold,Units Sold,2025-12-01,2025-12-31,2025-12,historical,15729518,units,,2026-01-01T08:00:00Z
pulse_wellness,Pulse Wellness,Fitness,value_hub,Value Hub,units_sold,Units Sold,2026-01-01,2026-01-31,2026-01,historical,16972920,units,,2026-02-01T08:00:00Z
pulse_wellness,Pulse Wellness,Fitness,value_hub,Value Hub,units_sold,Units Sold,2026-02-01,2026-02-28,2026-02,historical,19116098,units,,2026-03-01T08:00:00Z
pulse_wellness,Pulse Wellness,Fitness,value_hub,Value Hub,units_sold,Units Sold,2026-03-01,2026-03-31,2026-03,historical,17926543,units,,2026-04-01T08:00:00Z
pulse_wellness,Pulse Wellness,Fitness,value_hub,Value Hub,units_sold,Units Sold,2026-04-01,2026-04-30,2026-04,historical,18885588,units,,2026-05-01T08:00:00Z
pulse_wellness,Pulse Wellness,Fitness,value_hub,Value Hub,units_sold,Units Sold,2026-05-01,2026-05-31,2026-05,historical,20391192,units,,2026-06-01T08:00:00Z
pulse_wellness,Pulse Wellness,Fitness,value_hub,Value Hub,units_sold,Units Sold,2026-06-01,2026-06-30,2026-06,mtd,2833910,units,2026-06-04T09:00:00Z,2026-06-04T09:05:00Z
pulse_wellness,Pulse Wellness,Fitness,value_hub,Value Hub,units_sold,Units Sold,2026-06-01,2026-06-30,2026-06,mtd,2904178,units,2026-06-04T13:00:00Z,2026-06-04T13:05:00Z
pulse_wellness,Pulse Wellness,Fitness,value_hub,Value Hub,units_sold,Units Sold,2026-06-01,2026-06-30,2026-06,mtd,3021700,units,2026-06-04T17:00:00Z,2026-06-04T17:05:00Z
pulse_wellness,Pulse Wellness,Fitness,value_hub,Value Hub,asp,ASP,2025-05-01,2025-05-31,2025-05,historical,185.66,USD,,2025-06-01T08:00:00Z
pulse_wellness,Pulse Wellness,Fitness,value_hub,Value Hub,asp,ASP,2025-06-01,2025-06-30,2025-06,historical,170.80,USD,,2025-07-01T08:00:00Z
pulse_wellness,Pulse Wellness,Fitness,value_hub,Value Hub,asp,ASP,2025-07-01,2025-07-31,2025-07,historical,176.73,USD,,2025-08-01T08:00:00Z
pulse_wellness,Pulse Wellness,Fitness,value_hub,Value Hub,asp,ASP,2025-08-01,2025-08-31,2025-08,historical,170.17,USD,,2025-09-01T08:00:00Z
pulse_wellness,Pulse Wellness,Fitness,value_hub,Value Hub,asp,ASP,2025-09-01,2025-09-30,2025-09,historical,154.75,USD,,2025-10-01T08:00:00Z
pulse_wellness,Pulse Wellness,Fitness,value_hub,Value Hub,asp,ASP,2025-10-01,2025-10-31,2025-10,historical,151.26,USD,,2025-11-01T08:00:00Z
pulse_wellness,Pulse Wellness,Fitness,value_hub,Value Hub,asp,ASP,2025-11-01,2025-11-30,2025-11,historical,163.31,USD,,2025-12-01T08:00:00Z
pulse_wellness,Pulse Wellness,Fitness,value_hub,Value Hub,asp,ASP,2025-12-01,2025-12-31,2025-12,historical,177.10,USD,,2026-01-01T08:00:00Z
pulse_wellness,Pulse Wellness,Fitness,value_hub,Value Hub,asp,ASP,2026-01-01,2026-01-31,2026-01,historical,170.95,USD,,2026-02-01T08:00:00Z
pulse_wellness,Pulse Wellness,Fitness,value_hub,Value Hub,asp,ASP,2026-02-01,2026-02-28,2026-02,historical,176.73,USD,,2026-03-01T08:00:00Z
pulse_wellness,Pulse Wellness,Fitness,value_hub,Value Hub,asp,ASP,2026-03-01,2026-03-31,2026-03,historical,190.66,USD,,2026-04-01T08:00:00Z
pulse_wellness,Pulse Wellness,Fitness,value_hub,Value Hub,asp,ASP,2026-04-01,2026-04-30,2026-04,historical,186.56,USD,,2026-05-01T08:00:00Z
pulse_wellness,Pulse Wellness,Fitness,value_hub,Value Hub,asp,ASP,2026-05-01,2026-05-31,2026-05,historical,196.29,USD,,2026-06-01T08:00:00Z
pulse_wellness,Pulse Wellness,Fitness,value_hub,Value Hub,asp,ASP,2026-06-01,2026-06-30,2026-06,mtd,195.35,USD,2026-06-04T09:00:00Z,2026-06-04T09:05:00Z
pulse_wellness,Pulse Wellness,Fitness,value_hub,Value Hub,asp,ASP,2026-06-01,2026-06-30,2026-06,mtd,194.15,USD,2026-06-04T13:00:00Z,2026-06-04T13:05:00Z
pulse_wellness,Pulse Wellness,Fitness,value_hub,Value Hub,asp,ASP,2026-06-01,2026-06-30,2026-06,mtd,197.33,USD,2026-06-04T17:00:00Z,2026-06-04T17:05:00Z
pulse_wellness,Pulse Wellness,Fitness,fresh_cart,Fresh Cart,gmv,GMV,2025-05-01,2025-05-31,2025-05,historical,482775062.71,USD,,2025-06-01T08:00:00Z
pulse_wellness,Pulse Wellness,Fitness,fresh_cart,Fresh Cart,gmv,GMV,2025-06-01,2025-06-30,2025-06,historical,457050427.07,USD,,2025-07-01T08:00:00Z
pulse_wellness,Pulse Wellness,Fitness,fresh_cart,Fresh Cart,gmv,GMV,2025-07-01,2025-07-31,2025-07,historical,474946950.15,USD,,2025-08-01T08:00:00Z
pulse_wellness,Pulse Wellness,Fitness,fresh_cart,Fresh Cart,gmv,GMV,2025-08-01,2025-08-31,2025-08,historical,457120599.38,USD,,2025-09-01T08:00:00Z
pulse_wellness,Pulse Wellness,Fitness,fresh_cart,Fresh Cart,gmv,GMV,2025-09-01,2025-09-30,2025-09,historical,412031626.41,USD,,2025-10-01T08:00:00Z
pulse_wellness,Pulse Wellness,Fitness,fresh_cart,Fresh Cart,gmv,GMV,2025-10-01,2025-10-31,2025-10,historical,436026454.16,USD,,2025-11-01T08:00:00Z
pulse_wellness,Pulse Wellness,Fitness,fresh_cart,Fresh Cart,gmv,GMV,2025-11-01,2025-11-30,2025-11,historical,421504272.86,USD,,2025-12-01T08:00:00Z
pulse_wellness,Pulse Wellness,Fitness,fresh_cart,Fresh Cart,gmv,GMV,2025-12-01,2025-12-31,2025-12,historical,449373773.81,USD,,2026-01-01T08:00:00Z
pulse_wellness,Pulse Wellness,Fitness,fresh_cart,Fresh Cart,gmv,GMV,2026-01-01,2026-01-31,2026-01,historical,506946871.48,USD,,2026-02-01T08:00:00Z
pulse_wellness,Pulse Wellness,Fitness,fresh_cart,Fresh Cart,gmv,GMV,2026-02-01,2026-02-28,2026-02,historical,492376526.33,USD,,2026-03-01T08:00:00Z
pulse_wellness,Pulse Wellness,Fitness,fresh_cart,Fresh Cart,gmv,GMV,2026-03-01,2026-03-31,2026-03,historical,508808044.02,USD,,2026-04-01T08:00:00Z
pulse_wellness,Pulse Wellness,Fitness,fresh_cart,Fresh Cart,gmv,GMV,2026-04-01,2026-04-30,2026-04,historical,500679536.38,USD,,2026-05-01T08:00:00Z
pulse_wellness,Pulse Wellness,Fitness,fresh_cart,Fresh Cart,gmv,GMV,2026-05-01,2026-05-31,2026-05,historical,504653392.57,USD,,2026-06-01T08:00:00Z
pulse_wellness,Pulse Wellness,Fitness,fresh_cart,Fresh Cart,gmv,GMV,2026-06-01,2026-06-30,2026-06,mtd,73154404.19,USD,2026-06-04T09:00:00Z,2026-06-04T09:05:00Z
pulse_wellness,Pulse Wellness,Fitness,fresh_cart,Fresh Cart,gmv,GMV,2026-06-01,2026-06-30,2026-06,mtd,77740756.91,USD,2026-06-04T13:00:00Z,2026-06-04T13:05:00Z
pulse_wellness,Pulse Wellness,Fitness,fresh_cart,Fresh Cart,gmv,GMV,2026-06-01,2026-06-30,2026-06,mtd,79960698.71,USD,2026-06-04T17:00:00Z,2026-06-04T17:05:00Z
pulse_wellness,Pulse Wellness,Fitness,fresh_cart,Fresh Cart,units_sold,Units Sold,2025-05-01,2025-05-31,2025-05,historical,13684584,units,,2025-06-01T08:00:00Z
pulse_wellness,Pulse Wellness,Fitness,fresh_cart,Fresh Cart,units_sold,Units Sold,2025-06-01,2025-06-30,2025-06,historical,14493603,units,,2025-07-01T08:00:00Z
pulse_wellness,Pulse Wellness,Fitness,fresh_cart,Fresh Cart,units_sold,Units Sold,2025-07-01,2025-07-31,2025-07,historical,13893303,units,,2025-08-01T08:00:00Z
pulse_wellness,Pulse Wellness,Fitness,fresh_cart,Fresh Cart,units_sold,Units Sold,2025-08-01,2025-08-31,2025-08,historical,12606537,units,,2025-09-01T08:00:00Z
pulse_wellness,Pulse Wellness,Fitness,fresh_cart,Fresh Cart,units_sold,Units Sold,2025-09-01,2025-09-30,2025-09,historical,12830072,units,,2025-10-01T08:00:00Z
pulse_wellness,Pulse Wellness,Fitness,fresh_cart,Fresh Cart,units_sold,Units Sold,2025-10-01,2025-10-31,2025-10,historical,13414578,units,,2025-11-01T08:00:00Z
pulse_wellness,Pulse Wellness,Fitness,fresh_cart,Fresh Cart,units_sold,Units Sold,2025-11-01,2025-11-30,2025-11,historical,12677549,units,,2025-12-01T08:00:00Z
pulse_wellness,Pulse Wellness,Fitness,fresh_cart,Fresh Cart,units_sold,Units Sold,2025-12-01,2025-12-31,2025-12,historical,13601315,units,,2026-01-01T08:00:00Z
pulse_wellness,Pulse Wellness,Fitness,fresh_cart,Fresh Cart,units_sold,Units Sold,2026-01-01,2026-01-31,2026-01,historical,14129844,units,,2026-02-01T08:00:00Z
pulse_wellness,Pulse Wellness,Fitness,fresh_cart,Fresh Cart,units_sold,Units Sold,2026-02-01,2026-02-28,2026-02,historical,15204771,units,,2026-03-01T08:00:00Z
pulse_wellness,Pulse Wellness,Fitness,fresh_cart,Fresh Cart,units_sold,Units Sold,2026-03-01,2026-03-31,2026-03,historical,16137288,units,,2026-04-01T08:00:00Z
pulse_wellness,Pulse Wellness,Fitness,fresh_cart,Fresh Cart,units_sold,Units Sold,2026-04-01,2026-04-30,2026-04,historical,14890059,units,,2026-05-01T08:00:00Z
pulse_wellness,Pulse Wellness,Fitness,fresh_cart,Fresh Cart,units_sold,Units Sold,2026-05-01,2026-05-31,2026-05,historical,15661696,units,,2026-06-01T08:00:00Z
pulse_wellness,Pulse Wellness,Fitness,fresh_cart,Fresh Cart,units_sold,Units Sold,2026-06-01,2026-06-30,2026-06,mtd,2101725,units,2026-06-04T09:00:00Z,2026-06-04T09:05:00Z
pulse_wellness,Pulse Wellness,Fitness,fresh_cart,Fresh Cart,units_sold,Units Sold,2026-06-01,2026-06-30,2026-06,mtd,2200381,units,2026-06-04T13:00:00Z,2026-06-04T13:05:00Z
pulse_wellness,Pulse Wellness,Fitness,fresh_cart,Fresh Cart,units_sold,Units Sold,2026-06-01,2026-06-30,2026-06,mtd,2290748,units,2026-06-04T17:00:00Z,2026-06-04T17:05:00Z
pulse_wellness,Pulse Wellness,Fitness,fresh_cart,Fresh Cart,asp,ASP,2025-05-01,2025-05-31,2025-05,historical,115.41,USD,,2025-06-01T08:00:00Z
pulse_wellness,Pulse Wellness,Fitness,fresh_cart,Fresh Cart,asp,ASP,2025-06-01,2025-06-30,2025-06,historical,119.35,USD,,2025-07-01T08:00:00Z
pulse_wellness,Pulse Wellness,Fitness,fresh_cart,Fresh Cart,asp,ASP,2025-07-01,2025-07-31,2025-07,historical,113.90,USD,,2025-08-01T08:00:00Z
pulse_wellness,Pulse Wellness,Fitness,fresh_cart,Fresh Cart,asp,ASP,2025-08-01,2025-08-31,2025-08,historical,107.29,USD,,2025-09-01T08:00:00Z
pulse_wellness,Pulse Wellness,Fitness,fresh_cart,Fresh Cart,asp,ASP,2025-09-01,2025-09-30,2025-09,historical,99.54,USD,,2025-10-01T08:00:00Z
pulse_wellness,Pulse Wellness,Fitness,fresh_cart,Fresh Cart,asp,ASP,2025-10-01,2025-10-31,2025-10,historical,100.63,USD,,2025-11-01T08:00:00Z
pulse_wellness,Pulse Wellness,Fitness,fresh_cart,Fresh Cart,asp,ASP,2025-11-01,2025-11-30,2025-11,historical,101.79,USD,,2025-12-01T08:00:00Z
pulse_wellness,Pulse Wellness,Fitness,fresh_cart,Fresh Cart,asp,ASP,2025-12-01,2025-12-31,2025-12,historical,106.32,USD,,2026-01-01T08:00:00Z
pulse_wellness,Pulse Wellness,Fitness,fresh_cart,Fresh Cart,asp,ASP,2026-01-01,2026-01-31,2026-01,historical,109.78,USD,,2026-02-01T08:00:00Z
pulse_wellness,Pulse Wellness,Fitness,fresh_cart,Fresh Cart,asp,ASP,2026-02-01,2026-02-28,2026-02,historical,123.26,USD,,2026-03-01T08:00:00Z
pulse_wellness,Pulse Wellness,Fitness,fresh_cart,Fresh Cart,asp,ASP,2026-03-01,2026-03-31,2026-03,historical,123.90,USD,,2026-04-01T08:00:00Z
pulse_wellness,Pulse Wellness,Fitness,fresh_cart,Fresh Cart,asp,ASP,2026-04-01,2026-04-30,2026-04,historical,131.72,USD,,2026-05-01T08:00:00Z
pulse_wellness,Pulse Wellness,Fitness,fresh_cart,Fresh Cart,asp,ASP,2026-05-01,2026-05-31,2026-05,historical,124.67,USD,,2026-06-01T08:00:00Z
pulse_wellness,Pulse Wellness,Fitness,fresh_cart,Fresh Cart,asp,ASP,2026-06-01,2026-06-30,2026-06,mtd,124.06,USD,2026-06-04T09:00:00Z,2026-06-04T09:05:00Z
pulse_wellness,Pulse Wellness,Fitness,fresh_cart,Fresh Cart,asp,ASP,2026-06-01,2026-06-30,2026-06,mtd,123.12,USD,2026-06-04T13:00:00Z,2026-06-04T13:05:00Z
pulse_wellness,Pulse Wellness,Fitness,fresh_cart,Fresh Cart,asp,ASP,2026-06-01,2026-06-30,2026-06,mtd,124.42,USD,2026-06-04T17:00:00Z,2026-06-04T17:05:00Z
snackcraft,SnackCraft,Grocery,fresh_cart,Fresh Cart,gmv,GMV,2025-05-01,2025-05-31,2025-05,historical,589399796.23,USD,,2025-06-01T08:00:00Z
snackcraft,SnackCraft,Grocery,fresh_cart,Fresh Cart,gmv,GMV,2025-06-01,2025-06-30,2025-06,historical,587832020.74,USD,,2025-07-01T08:00:00Z
snackcraft,SnackCraft,Grocery,fresh_cart,Fresh Cart,gmv,GMV,2025-07-01,2025-07-31,2025-07,historical,547177038.84,USD,,2025-08-01T08:00:00Z
snackcraft,SnackCraft,Grocery,fresh_cart,Fresh Cart,gmv,GMV,2025-08-01,2025-08-31,2025-08,historical,566572321.67,USD,,2025-09-01T08:00:00Z
snackcraft,SnackCraft,Grocery,fresh_cart,Fresh Cart,gmv,GMV,2025-09-01,2025-09-30,2025-09,historical,540796872.81,USD,,2025-10-01T08:00:00Z
snackcraft,SnackCraft,Grocery,fresh_cart,Fresh Cart,gmv,GMV,2025-10-01,2025-10-31,2025-10,historical,522494681.53,USD,,2025-11-01T08:00:00Z
snackcraft,SnackCraft,Grocery,fresh_cart,Fresh Cart,gmv,GMV,2025-11-01,2025-11-30,2025-11,historical,539086526.10,USD,,2025-12-01T08:00:00Z
snackcraft,SnackCraft,Grocery,fresh_cart,Fresh Cart,gmv,GMV,2025-12-01,2025-12-31,2025-12,historical,570973272.65,USD,,2026-01-01T08:00:00Z
snackcraft,SnackCraft,Grocery,fresh_cart,Fresh Cart,gmv,GMV,2026-01-01,2026-01-31,2026-01,historical,610077754.60,USD,,2026-02-01T08:00:00Z
snackcraft,SnackCraft,Grocery,fresh_cart,Fresh Cart,gmv,GMV,2026-02-01,2026-02-28,2026-02,historical,620495343.52,USD,,2026-03-01T08:00:00Z
snackcraft,SnackCraft,Grocery,fresh_cart,Fresh Cart,gmv,GMV,2026-03-01,2026-03-31,2026-03,historical,680145556.78,USD,,2026-04-01T08:00:00Z
snackcraft,SnackCraft,Grocery,fresh_cart,Fresh Cart,gmv,GMV,2026-04-01,2026-04-30,2026-04,historical,643292543.15,USD,,2026-05-01T08:00:00Z
snackcraft,SnackCraft,Grocery,fresh_cart,Fresh Cart,gmv,GMV,2026-05-01,2026-05-31,2026-05,historical,671446068.43,USD,,2026-06-01T08:00:00Z
snackcraft,SnackCraft,Grocery,fresh_cart,Fresh Cart,gmv,GMV,2026-06-01,2026-06-30,2026-06,mtd,90837208.24,USD,2026-06-04T09:00:00Z,2026-06-04T09:05:00Z
snackcraft,SnackCraft,Grocery,fresh_cart,Fresh Cart,gmv,GMV,2026-06-01,2026-06-30,2026-06,mtd,95002475.52,USD,2026-06-04T13:00:00Z,2026-06-04T13:05:00Z
snackcraft,SnackCraft,Grocery,fresh_cart,Fresh Cart,gmv,GMV,2026-06-01,2026-06-30,2026-06,mtd,99085344.28,USD,2026-06-04T17:00:00Z,2026-06-04T17:05:00Z
snackcraft,SnackCraft,Grocery,fresh_cart,Fresh Cart,units_sold,Units Sold,2025-05-01,2025-05-31,2025-05,historical,8888176,units,,2025-06-01T08:00:00Z
snackcraft,SnackCraft,Grocery,fresh_cart,Fresh Cart,units_sold,Units Sold,2025-06-01,2025-06-30,2025-06,historical,8629362,units,,2025-07-01T08:00:00Z
snackcraft,SnackCraft,Grocery,fresh_cart,Fresh Cart,units_sold,Units Sold,2025-07-01,2025-07-31,2025-07,historical,8351102,units,,2025-08-01T08:00:00Z
snackcraft,SnackCraft,Grocery,fresh_cart,Fresh Cart,units_sold,Units Sold,2025-08-01,2025-08-31,2025-08,historical,7847492,units,,2025-09-01T08:00:00Z
snackcraft,SnackCraft,Grocery,fresh_cart,Fresh Cart,units_sold,Units Sold,2025-09-01,2025-09-30,2025-09,historical,7736152,units,,2025-10-01T08:00:00Z
snackcraft,SnackCraft,Grocery,fresh_cart,Fresh Cart,units_sold,Units Sold,2025-10-01,2025-10-31,2025-10,historical,7594643,units,,2025-11-01T08:00:00Z
snackcraft,SnackCraft,Grocery,fresh_cart,Fresh Cart,units_sold,Units Sold,2025-11-01,2025-11-30,2025-11,historical,8322013,units,,2025-12-01T08:00:00Z
snackcraft,SnackCraft,Grocery,fresh_cart,Fresh Cart,units_sold,Units Sold,2025-12-01,2025-12-31,2025-12,historical,8065485,units,,2026-01-01T08:00:00Z
snackcraft,SnackCraft,Grocery,fresh_cart,Fresh Cart,units_sold,Units Sold,2026-01-01,2026-01-31,2026-01,historical,8768817,units,,2026-02-01T08:00:00Z
snackcraft,SnackCraft,Grocery,fresh_cart,Fresh Cart,units_sold,Units Sold,2026-02-01,2026-02-28,2026-02,historical,9173018,units,,2026-03-01T08:00:00Z
snackcraft,SnackCraft,Grocery,fresh_cart,Fresh Cart,units_sold,Units Sold,2026-03-01,2026-03-31,2026-03,historical,9222154,units,,2026-04-01T08:00:00Z
snackcraft,SnackCraft,Grocery,fresh_cart,Fresh Cart,units_sold,Units Sold,2026-04-01,2026-04-30,2026-04,historical,10098208,units,,2026-05-01T08:00:00Z
snackcraft,SnackCraft,Grocery,fresh_cart,Fresh Cart,units_sold,Units Sold,2026-05-01,2026-05-31,2026-05,historical,9582799,units,,2026-06-01T08:00:00Z
snackcraft,SnackCraft,Grocery,fresh_cart,Fresh Cart,units_sold,Units Sold,2026-06-01,2026-06-30,2026-06,mtd,1491224,units,2026-06-04T09:00:00Z,2026-06-04T09:05:00Z
snackcraft,SnackCraft,Grocery,fresh_cart,Fresh Cart,units_sold,Units Sold,2026-06-01,2026-06-30,2026-06,mtd,1552131,units,2026-06-04T13:00:00Z,2026-06-04T13:05:00Z
snackcraft,SnackCraft,Grocery,fresh_cart,Fresh Cart,units_sold,Units Sold,2026-06-01,2026-06-30,2026-06,mtd,1577642,units,2026-06-04T17:00:00Z,2026-06-04T17:05:00Z
snackcraft,SnackCraft,Grocery,fresh_cart,Fresh Cart,asp,ASP,2025-05-01,2025-05-31,2025-05,historical,98.30,USD,,2025-06-01T08:00:00Z
snackcraft,SnackCraft,Grocery,fresh_cart,Fresh Cart,asp,ASP,2025-06-01,2025-06-30,2025-06,historical,98.10,USD,,2025-07-01T08:00:00Z
snackcraft,SnackCraft,Grocery,fresh_cart,Fresh Cart,asp,ASP,2025-07-01,2025-07-31,2025-07,historical,88.99,USD,,2025-08-01T08:00:00Z
snackcraft,SnackCraft,Grocery,fresh_cart,Fresh Cart,asp,ASP,2025-08-01,2025-08-31,2025-08,historical,84.75,USD,,2025-09-01T08:00:00Z
snackcraft,SnackCraft,Grocery,fresh_cart,Fresh Cart,asp,ASP,2025-09-01,2025-09-30,2025-09,historical,82.85,USD,,2025-10-01T08:00:00Z
snackcraft,SnackCraft,Grocery,fresh_cart,Fresh Cart,asp,ASP,2025-10-01,2025-10-31,2025-10,historical,90.97,USD,,2025-11-01T08:00:00Z
snackcraft,SnackCraft,Grocery,fresh_cart,Fresh Cart,asp,ASP,2025-11-01,2025-11-30,2025-11,historical,93.70,USD,,2025-12-01T08:00:00Z
snackcraft,SnackCraft,Grocery,fresh_cart,Fresh Cart,asp,ASP,2025-12-01,2025-12-31,2025-12,historical,98.25,USD,,2026-01-01T08:00:00Z
snackcraft,SnackCraft,Grocery,fresh_cart,Fresh Cart,asp,ASP,2026-01-01,2026-01-31,2026-01,historical,95.03,USD,,2026-02-01T08:00:00Z
snackcraft,SnackCraft,Grocery,fresh_cart,Fresh Cart,asp,ASP,2026-02-01,2026-02-28,2026-02,historical,96.47,USD,,2026-03-01T08:00:00Z
snackcraft,SnackCraft,Grocery,fresh_cart,Fresh Cart,asp,ASP,2026-03-01,2026-03-31,2026-03,historical,105.91,USD,,2026-04-01T08:00:00Z
snackcraft,SnackCraft,Grocery,fresh_cart,Fresh Cart,asp,ASP,2026-04-01,2026-04-30,2026-04,historical,103.57,USD,,2026-05-01T08:00:00Z
snackcraft,SnackCraft,Grocery,fresh_cart,Fresh Cart,asp,ASP,2026-05-01,2026-05-31,2026-05,historical,113.38,USD,,2026-06-01T08:00:00Z
snackcraft,SnackCraft,Grocery,fresh_cart,Fresh Cart,asp,ASP,2026-06-01,2026-06-30,2026-06,mtd,111.79,USD,2026-06-04T09:00:00Z,2026-06-04T09:05:00Z
snackcraft,SnackCraft,Grocery,fresh_cart,Fresh Cart,asp,ASP,2026-06-01,2026-06-30,2026-06,mtd,111.96,USD,2026-06-04T13:00:00Z,2026-06-04T13:05:00Z
snackcraft,SnackCraft,Grocery,fresh_cart,Fresh Cart,asp,ASP,2026-06-01,2026-06-30,2026-06,mtd,113.22,USD,2026-06-04T17:00:00Z,2026-06-04T17:05:00Z
snackcraft,SnackCraft,Grocery,market_square,Market Square,gmv,GMV,2025-05-01,2025-05-31,2025-05,historical,738064935.82,USD,,2025-06-01T08:00:00Z
snackcraft,SnackCraft,Grocery,market_square,Market Square,gmv,GMV,2025-06-01,2025-06-30,2025-06,historical,767426842.34,USD,,2025-07-01T08:00:00Z
snackcraft,SnackCraft,Grocery,market_square,Market Square,gmv,GMV,2025-07-01,2025-07-31,2025-07,historical,712968319.82,USD,,2025-08-01T08:00:00Z
snackcraft,SnackCraft,Grocery,market_square,Market Square,gmv,GMV,2025-08-01,2025-08-31,2025-08,historical,645381889.95,USD,,2025-09-01T08:00:00Z
snackcraft,SnackCraft,Grocery,market_square,Market Square,gmv,GMV,2025-09-01,2025-09-30,2025-09,historical,645624744.80,USD,,2025-10-01T08:00:00Z
snackcraft,SnackCraft,Grocery,market_square,Market Square,gmv,GMV,2025-10-01,2025-10-31,2025-10,historical,686066583.41,USD,,2025-11-01T08:00:00Z
snackcraft,SnackCraft,Grocery,market_square,Market Square,gmv,GMV,2025-11-01,2025-11-30,2025-11,historical,680276076.98,USD,,2025-12-01T08:00:00Z
snackcraft,SnackCraft,Grocery,market_square,Market Square,gmv,GMV,2025-12-01,2025-12-31,2025-12,historical,707035541.61,USD,,2026-01-01T08:00:00Z
snackcraft,SnackCraft,Grocery,market_square,Market Square,gmv,GMV,2026-01-01,2026-01-31,2026-01,historical,738828008.49,USD,,2026-02-01T08:00:00Z
snackcraft,SnackCraft,Grocery,market_square,Market Square,gmv,GMV,2026-02-01,2026-02-28,2026-02,historical,804696892.47,USD,,2026-03-01T08:00:00Z
snackcraft,SnackCraft,Grocery,market_square,Market Square,gmv,GMV,2026-03-01,2026-03-31,2026-03,historical,777607395.19,USD,,2026-04-01T08:00:00Z
snackcraft,SnackCraft,Grocery,market_square,Market Square,gmv,GMV,2026-04-01,2026-04-30,2026-04,historical,830249240.15,USD,,2026-05-01T08:00:00Z
snackcraft,SnackCraft,Grocery,market_square,Market Square,gmv,GMV,2026-05-01,2026-05-31,2026-05,historical,814566522.45,USD,,2026-06-01T08:00:00Z
snackcraft,SnackCraft,Grocery,market_square,Market Square,gmv,GMV,2026-06-01,2026-06-30,2026-06,mtd,107901941.19,USD,2026-06-04T09:00:00Z,2026-06-04T09:05:00Z
snackcraft,SnackCraft,Grocery,market_square,Market Square,gmv,GMV,2026-06-01,2026-06-30,2026-06,mtd,113584304.43,USD,2026-06-04T13:00:00Z,2026-06-04T13:05:00Z
snackcraft,SnackCraft,Grocery,market_square,Market Square,gmv,GMV,2026-06-01,2026-06-30,2026-06,mtd,116796423.10,USD,2026-06-04T17:00:00Z,2026-06-04T17:05:00Z
snackcraft,SnackCraft,Grocery,market_square,Market Square,units_sold,Units Sold,2025-05-01,2025-05-31,2025-05,historical,10907437,units,,2025-06-01T08:00:00Z
snackcraft,SnackCraft,Grocery,market_square,Market Square,units_sold,Units Sold,2025-06-01,2025-06-30,2025-06,historical,10068473,units,,2025-07-01T08:00:00Z
snackcraft,SnackCraft,Grocery,market_square,Market Square,units_sold,Units Sold,2025-07-01,2025-07-31,2025-07,historical,9664898,units,,2025-08-01T08:00:00Z
snackcraft,SnackCraft,Grocery,market_square,Market Square,units_sold,Units Sold,2025-08-01,2025-08-31,2025-08,historical,9772515,units,,2025-09-01T08:00:00Z
snackcraft,SnackCraft,Grocery,market_square,Market Square,units_sold,Units Sold,2025-09-01,2025-09-30,2025-09,historical,9111983,units,,2025-10-01T08:00:00Z
snackcraft,SnackCraft,Grocery,market_square,Market Square,units_sold,Units Sold,2025-10-01,2025-10-31,2025-10,historical,9805197,units,,2025-11-01T08:00:00Z
snackcraft,SnackCraft,Grocery,market_square,Market Square,units_sold,Units Sold,2025-11-01,2025-11-30,2025-11,historical,10254674,units,,2025-12-01T08:00:00Z
snackcraft,SnackCraft,Grocery,market_square,Market Square,units_sold,Units Sold,2025-12-01,2025-12-31,2025-12,historical,9612545,units,,2026-01-01T08:00:00Z
snackcraft,SnackCraft,Grocery,market_square,Market Square,units_sold,Units Sold,2026-01-01,2026-01-31,2026-01,historical,10638750,units,,2026-02-01T08:00:00Z
snackcraft,SnackCraft,Grocery,market_square,Market Square,units_sold,Units Sold,2026-02-01,2026-02-28,2026-02,historical,10650375,units,,2026-03-01T08:00:00Z
snackcraft,SnackCraft,Grocery,market_square,Market Square,units_sold,Units Sold,2026-03-01,2026-03-31,2026-03,historical,12012156,units,,2026-04-01T08:00:00Z
snackcraft,SnackCraft,Grocery,market_square,Market Square,units_sold,Units Sold,2026-04-01,2026-04-30,2026-04,historical,11731909,units,,2026-05-01T08:00:00Z
snackcraft,SnackCraft,Grocery,market_square,Market Square,units_sold,Units Sold,2026-05-01,2026-05-31,2026-05,historical,11259643,units,,2026-06-01T08:00:00Z
snackcraft,SnackCraft,Grocery,market_square,Market Square,units_sold,Units Sold,2026-06-01,2026-06-30,2026-06,mtd,1652623,units,2026-06-04T09:00:00Z,2026-06-04T09:05:00Z
snackcraft,SnackCraft,Grocery,market_square,Market Square,units_sold,Units Sold,2026-06-01,2026-06-30,2026-06,mtd,1712553,units,2026-06-04T13:00:00Z,2026-06-04T13:05:00Z
snackcraft,SnackCraft,Grocery,market_square,Market Square,units_sold,Units Sold,2026-06-01,2026-06-30,2026-06,mtd,1794753,units,2026-06-04T17:00:00Z,2026-06-04T17:05:00Z
snackcraft,SnackCraft,Grocery,market_square,Market Square,asp,ASP,2025-05-01,2025-05-31,2025-05,historical,127.44,USD,,2025-06-01T08:00:00Z
snackcraft,SnackCraft,Grocery,market_square,Market Square,asp,ASP,2025-06-01,2025-06-30,2025-06,historical,131.14,USD,,2025-07-01T08:00:00Z
snackcraft,SnackCraft,Grocery,market_square,Market Square,asp,ASP,2025-07-01,2025-07-31,2025-07,historical,118.72,USD,,2025-08-01T08:00:00Z
snackcraft,SnackCraft,Grocery,market_square,Market Square,asp,ASP,2025-08-01,2025-08-31,2025-08,historical,113.67,USD,,2025-09-01T08:00:00Z
snackcraft,SnackCraft,Grocery,market_square,Market Square,asp,ASP,2025-09-01,2025-09-30,2025-09,historical,112.11,USD,,2025-10-01T08:00:00Z
snackcraft,SnackCraft,Grocery,market_square,Market Square,asp,ASP,2025-10-01,2025-10-31,2025-10,historical,114.34,USD,,2025-11-01T08:00:00Z
snackcraft,SnackCraft,Grocery,market_square,Market Square,asp,ASP,2025-11-01,2025-11-30,2025-11,historical,110.08,USD,,2025-12-01T08:00:00Z
snackcraft,SnackCraft,Grocery,market_square,Market Square,asp,ASP,2025-12-01,2025-12-31,2025-12,historical,115.93,USD,,2026-01-01T08:00:00Z
snackcraft,SnackCraft,Grocery,market_square,Market Square,asp,ASP,2026-01-01,2026-01-31,2026-01,historical,124.89,USD,,2026-02-01T08:00:00Z
snackcraft,SnackCraft,Grocery,market_square,Market Square,asp,ASP,2026-02-01,2026-02-28,2026-02,historical,129.71,USD,,2026-03-01T08:00:00Z
snackcraft,SnackCraft,Grocery,market_square,Market Square,asp,ASP,2026-03-01,2026-03-31,2026-03,historical,140.93,USD,,2026-04-01T08:00:00Z
snackcraft,SnackCraft,Grocery,market_square,Market Square,asp,ASP,2026-04-01,2026-04-30,2026-04,historical,133.18,USD,,2026-05-01T08:00:00Z
snackcraft,SnackCraft,Grocery,market_square,Market Square,asp,ASP,2026-05-01,2026-05-31,2026-05,historical,134.26,USD,,2026-06-01T08:00:00Z
snackcraft,SnackCraft,Grocery,market_square,Market Square,asp,ASP,2026-06-01,2026-06-30,2026-06,mtd,132.44,USD,2026-06-04T09:00:00Z,2026-06-04T09:05:00Z
snackcraft,SnackCraft,Grocery,market_square,Market Square,asp,ASP,2026-06-01,2026-06-30,2026-06,mtd,132.11,USD,2026-06-04T13:00:00Z,2026-06-04T13:05:00Z
snackcraft,SnackCraft,Grocery,market_square,Market Square,asp,ASP,2026-06-01,2026-06-30,2026-06,mtd,132.93,USD,2026-06-04T17:00:00Z,2026-06-04T17:05:00Z
snackcraft,SnackCraft,Grocery,value_hub,Value Hub,gmv,GMV,2025-05-01,2025-05-31,2025-05,historical,700693427.50,USD,,2025-06-01T08:00:00Z
snackcraft,SnackCraft,Grocery,value_hub,Value Hub,gmv,GMV,2025-06-01,2025-06-30,2025-06,historical,690219102.40,USD,,2025-07-01T08:00:00Z
snackcraft,SnackCraft,Grocery,value_hub,Value Hub,gmv,GMV,2025-07-01,2025-07-31,2025-07,historical,659166512.72,USD,,2025-08-01T08:00:00Z
snackcraft,SnackCraft,Grocery,value_hub,Value Hub,gmv,GMV,2025-08-01,2025-08-31,2025-08,historical,631643668.04,USD,,2025-09-01T08:00:00Z
snackcraft,SnackCraft,Grocery,value_hub,Value Hub,gmv,GMV,2025-09-01,2025-09-30,2025-09,historical,631517758.07,USD,,2025-10-01T08:00:00Z
snackcraft,SnackCraft,Grocery,value_hub,Value Hub,gmv,GMV,2025-10-01,2025-10-31,2025-10,historical,628352355.38,USD,,2025-11-01T08:00:00Z
snackcraft,SnackCraft,Grocery,value_hub,Value Hub,gmv,GMV,2025-11-01,2025-11-30,2025-11,historical,638955783.86,USD,,2025-12-01T08:00:00Z
snackcraft,SnackCraft,Grocery,value_hub,Value Hub,gmv,GMV,2025-12-01,2025-12-31,2025-12,historical,621416014.13,USD,,2026-01-01T08:00:00Z
snackcraft,SnackCraft,Grocery,value_hub,Value Hub,gmv,GMV,2026-01-01,2026-01-31,2026-01,historical,636320556.44,USD,,2026-02-01T08:00:00Z
snackcraft,SnackCraft,Grocery,value_hub,Value Hub,gmv,GMV,2026-02-01,2026-02-28,2026-02,historical,725922265.47,USD,,2026-03-01T08:00:00Z
snackcraft,SnackCraft,Grocery,value_hub,Value Hub,gmv,GMV,2026-03-01,2026-03-31,2026-03,historical,704778286.84,USD,,2026-04-01T08:00:00Z
snackcraft,SnackCraft,Grocery,value_hub,Value Hub,gmv,GMV,2026-04-01,2026-04-30,2026-04,historical,721079783.20,USD,,2026-05-01T08:00:00Z
snackcraft,SnackCraft,Grocery,value_hub,Value Hub,gmv,GMV,2026-05-01,2026-05-31,2026-05,historical,731828011.52,USD,,2026-06-01T08:00:00Z
snackcraft,SnackCraft,Grocery,value_hub,Value Hub,gmv,GMV,2026-06-01,2026-06-30,2026-06,mtd,106891452.96,USD,2026-06-04T09:00:00Z,2026-06-04T09:05:00Z
snackcraft,SnackCraft,Grocery,value_hub,Value Hub,gmv,GMV,2026-06-01,2026-06-30,2026-06,mtd,111002854.13,USD,2026-06-04T13:00:00Z,2026-06-04T13:05:00Z
snackcraft,SnackCraft,Grocery,value_hub,Value Hub,gmv,GMV,2026-06-01,2026-06-30,2026-06,mtd,116506851.58,USD,2026-06-04T17:00:00Z,2026-06-04T17:05:00Z
snackcraft,SnackCraft,Grocery,value_hub,Value Hub,units_sold,Units Sold,2025-05-01,2025-05-31,2025-05,historical,16336743,units,,2025-06-01T08:00:00Z
snackcraft,SnackCraft,Grocery,value_hub,Value Hub,units_sold,Units Sold,2025-06-01,2025-06-30,2025-06,historical,16532138,units,,2025-07-01T08:00:00Z
snackcraft,SnackCraft,Grocery,value_hub,Value Hub,units_sold,Units Sold,2025-07-01,2025-07-31,2025-07,historical,14884868,units,,2025-08-01T08:00:00Z
snackcraft,SnackCraft,Grocery,value_hub,Value Hub,units_sold,Units Sold,2025-08-01,2025-08-31,2025-08,historical,15705933,units,,2025-09-01T08:00:00Z
snackcraft,SnackCraft,Grocery,value_hub,Value Hub,units_sold,Units Sold,2025-09-01,2025-09-30,2025-09,historical,15338662,units,,2025-10-01T08:00:00Z
snackcraft,SnackCraft,Grocery,value_hub,Value Hub,units_sold,Units Sold,2025-10-01,2025-10-31,2025-10,historical,14442684,units,,2025-11-01T08:00:00Z
snackcraft,SnackCraft,Grocery,value_hub,Value Hub,units_sold,Units Sold,2025-11-01,2025-11-30,2025-11,historical,15634574,units,,2025-12-01T08:00:00Z
snackcraft,SnackCraft,Grocery,value_hub,Value Hub,units_sold,Units Sold,2025-12-01,2025-12-31,2025-12,historical,15184178,units,,2026-01-01T08:00:00Z
snackcraft,SnackCraft,Grocery,value_hub,Value Hub,units_sold,Units Sold,2026-01-01,2026-01-31,2026-01,historical,16125930,units,,2026-02-01T08:00:00Z
snackcraft,SnackCraft,Grocery,value_hub,Value Hub,units_sold,Units Sold,2026-02-01,2026-02-28,2026-02,historical,17028505,units,,2026-03-01T08:00:00Z
snackcraft,SnackCraft,Grocery,value_hub,Value Hub,units_sold,Units Sold,2026-03-01,2026-03-31,2026-03,historical,18228200,units,,2026-04-01T08:00:00Z
snackcraft,SnackCraft,Grocery,value_hub,Value Hub,units_sold,Units Sold,2026-04-01,2026-04-30,2026-04,historical,17881639,units,,2026-05-01T08:00:00Z
snackcraft,SnackCraft,Grocery,value_hub,Value Hub,units_sold,Units Sold,2026-05-01,2026-05-31,2026-05,historical,17865950,units,,2026-06-01T08:00:00Z
snackcraft,SnackCraft,Grocery,value_hub,Value Hub,units_sold,Units Sold,2026-06-01,2026-06-30,2026-06,mtd,2644331,units,2026-06-04T09:00:00Z,2026-06-04T09:05:00Z
snackcraft,SnackCraft,Grocery,value_hub,Value Hub,units_sold,Units Sold,2026-06-01,2026-06-30,2026-06,mtd,2735242,units,2026-06-04T13:00:00Z,2026-06-04T13:05:00Z
snackcraft,SnackCraft,Grocery,value_hub,Value Hub,units_sold,Units Sold,2026-06-01,2026-06-30,2026-06,mtd,2897598,units,2026-06-04T17:00:00Z,2026-06-04T17:05:00Z
snackcraft,SnackCraft,Grocery,value_hub,Value Hub,asp,ASP,2025-05-01,2025-05-31,2025-05,historical,93.86,USD,,2025-06-01T08:00:00Z
snackcraft,SnackCraft,Grocery,value_hub,Value Hub,asp,ASP,2025-06-01,2025-06-30,2025-06,historical,93.55,USD,,2025-07-01T08:00:00Z
snackcraft,SnackCraft,Grocery,value_hub,Value Hub,asp,ASP,2025-07-01,2025-07-31,2025-07,historical,94.00,USD,,2025-08-01T08:00:00Z
snackcraft,SnackCraft,Grocery,value_hub,Value Hub,asp,ASP,2025-08-01,2025-08-31,2025-08,historical,93.66,USD,,2025-09-01T08:00:00Z
snackcraft,SnackCraft,Grocery,value_hub,Value Hub,asp,ASP,2025-09-01,2025-09-30,2025-09,historical,89.77,USD,,2025-10-01T08:00:00Z
snackcraft,SnackCraft,Grocery,value_hub,Value Hub,asp,ASP,2025-10-01,2025-10-31,2025-10,historical,82.79,USD,,2025-11-01T08:00:00Z
snackcraft,SnackCraft,Grocery,value_hub,Value Hub,asp,ASP,2025-11-01,2025-11-30,2025-11,historical,88.82,USD,,2025-12-01T08:00:00Z
snackcraft,SnackCraft,Grocery,value_hub,Value Hub,asp,ASP,2025-12-01,2025-12-31,2025-12,historical,89.96,USD,,2026-01-01T08:00:00Z
snackcraft,SnackCraft,Grocery,value_hub,Value Hub,asp,ASP,2026-01-01,2026-01-31,2026-01,historical,101.07,USD,,2026-02-01T08:00:00Z
snackcraft,SnackCraft,Grocery,value_hub,Value Hub,asp,ASP,2026-02-01,2026-02-28,2026-02,historical,107.21,USD,,2026-03-01T08:00:00Z
snackcraft,SnackCraft,Grocery,value_hub,Value Hub,asp,ASP,2026-03-01,2026-03-31,2026-03,historical,109.61,USD,,2026-04-01T08:00:00Z
snackcraft,SnackCraft,Grocery,value_hub,Value Hub,asp,ASP,2026-04-01,2026-04-30,2026-04,historical,109.73,USD,,2026-05-01T08:00:00Z
snackcraft,SnackCraft,Grocery,value_hub,Value Hub,asp,ASP,2026-05-01,2026-05-31,2026-05,historical,102.76,USD,,2026-06-01T08:00:00Z
snackcraft,SnackCraft,Grocery,value_hub,Value Hub,asp,ASP,2026-06-01,2026-06-30,2026-06,mtd,102.38,USD,2026-06-04T09:00:00Z,2026-06-04T09:05:00Z
snackcraft,SnackCraft,Grocery,value_hub,Value Hub,asp,ASP,2026-06-01,2026-06-30,2026-06,mtd,102.27,USD,2026-06-04T13:00:00Z,2026-06-04T13:05:00Z
snackcraft,SnackCraft,Grocery,value_hub,Value Hub,asp,ASP,2026-06-01,2026-06-30,2026-06,mtd,103.48,USD,2026-06-04T17:00:00Z,2026-06-04T17:05:00Z
morning_roast,Morning Roast,Grocery,fresh_cart,Fresh Cart,gmv,GMV,2025-05-01,2025-05-31,2025-05,historical,682211330.64,USD,,2025-06-01T08:00:00Z
morning_roast,Morning Roast,Grocery,fresh_cart,Fresh Cart,gmv,GMV,2025-06-01,2025-06-30,2025-06,historical,707674173.25,USD,,2025-07-01T08:00:00Z
morning_roast,Morning Roast,Grocery,fresh_cart,Fresh Cart,gmv,GMV,2025-07-01,2025-07-31,2025-07,historical,669657399.64,USD,,2025-08-01T08:00:00Z
morning_roast,Morning Roast,Grocery,fresh_cart,Fresh Cart,gmv,GMV,2025-08-01,2025-08-31,2025-08,historical,669678126.67,USD,,2025-09-01T08:00:00Z
morning_roast,Morning Roast,Grocery,fresh_cart,Fresh Cart,gmv,GMV,2025-09-01,2025-09-30,2025-09,historical,595297634.84,USD,,2025-10-01T08:00:00Z
morning_roast,Morning Roast,Grocery,fresh_cart,Fresh Cart,gmv,GMV,2025-10-01,2025-10-31,2025-10,historical,652124099.82,USD,,2025-11-01T08:00:00Z
morning_roast,Morning Roast,Grocery,fresh_cart,Fresh Cart,gmv,GMV,2025-11-01,2025-11-30,2025-11,historical,604444322.12,USD,,2025-12-01T08:00:00Z
morning_roast,Morning Roast,Grocery,fresh_cart,Fresh Cart,gmv,GMV,2025-12-01,2025-12-31,2025-12,historical,701983838.31,USD,,2026-01-01T08:00:00Z
morning_roast,Morning Roast,Grocery,fresh_cart,Fresh Cart,gmv,GMV,2026-01-01,2026-01-31,2026-01,historical,727717033.47,USD,,2026-02-01T08:00:00Z
morning_roast,Morning Roast,Grocery,fresh_cart,Fresh Cart,gmv,GMV,2026-02-01,2026-02-28,2026-02,historical,709708351.73,USD,,2026-03-01T08:00:00Z
morning_roast,Morning Roast,Grocery,fresh_cart,Fresh Cart,gmv,GMV,2026-03-01,2026-03-31,2026-03,historical,795988337.92,USD,,2026-04-01T08:00:00Z
morning_roast,Morning Roast,Grocery,fresh_cart,Fresh Cart,gmv,GMV,2026-04-01,2026-04-30,2026-04,historical,790614629.70,USD,,2026-05-01T08:00:00Z
morning_roast,Morning Roast,Grocery,fresh_cart,Fresh Cart,gmv,GMV,2026-05-01,2026-05-31,2026-05,historical,769365962.57,USD,,2026-06-01T08:00:00Z
morning_roast,Morning Roast,Grocery,fresh_cart,Fresh Cart,gmv,GMV,2026-06-01,2026-06-30,2026-06,mtd,109933186.07,USD,2026-06-04T09:00:00Z,2026-06-04T09:05:00Z
morning_roast,Morning Roast,Grocery,fresh_cart,Fresh Cart,gmv,GMV,2026-06-01,2026-06-30,2026-06,mtd,113787514.60,USD,2026-06-04T13:00:00Z,2026-06-04T13:05:00Z
morning_roast,Morning Roast,Grocery,fresh_cart,Fresh Cart,gmv,GMV,2026-06-01,2026-06-30,2026-06,mtd,120763907.45,USD,2026-06-04T17:00:00Z,2026-06-04T17:05:00Z
morning_roast,Morning Roast,Grocery,fresh_cart,Fresh Cart,units_sold,Units Sold,2025-05-01,2025-05-31,2025-05,historical,8281556,units,,2025-06-01T08:00:00Z
morning_roast,Morning Roast,Grocery,fresh_cart,Fresh Cart,units_sold,Units Sold,2025-06-01,2025-06-30,2025-06,historical,8402575,units,,2025-07-01T08:00:00Z
morning_roast,Morning Roast,Grocery,fresh_cart,Fresh Cart,units_sold,Units Sold,2025-07-01,2025-07-31,2025-07,historical,8492790,units,,2025-08-01T08:00:00Z
morning_roast,Morning Roast,Grocery,fresh_cart,Fresh Cart,units_sold,Units Sold,2025-08-01,2025-08-31,2025-08,historical,8102507,units,,2025-09-01T08:00:00Z
morning_roast,Morning Roast,Grocery,fresh_cart,Fresh Cart,units_sold,Units Sold,2025-09-01,2025-09-30,2025-09,historical,7543797,units,,2025-10-01T08:00:00Z
morning_roast,Morning Roast,Grocery,fresh_cart,Fresh Cart,units_sold,Units Sold,2025-10-01,2025-10-31,2025-10,historical,7806608,units,,2025-11-01T08:00:00Z
morning_roast,Morning Roast,Grocery,fresh_cart,Fresh Cart,units_sold,Units Sold,2025-11-01,2025-11-30,2025-11,historical,7875905,units,,2025-12-01T08:00:00Z
morning_roast,Morning Roast,Grocery,fresh_cart,Fresh Cart,units_sold,Units Sold,2025-12-01,2025-12-31,2025-12,historical,7640332,units,,2026-01-01T08:00:00Z
morning_roast,Morning Roast,Grocery,fresh_cart,Fresh Cart,units_sold,Units Sold,2026-01-01,2026-01-31,2026-01,historical,8179056,units,,2026-02-01T08:00:00Z
morning_roast,Morning Roast,Grocery,fresh_cart,Fresh Cart,units_sold,Units Sold,2026-02-01,2026-02-28,2026-02,historical,9109784,units,,2026-03-01T08:00:00Z
morning_roast,Morning Roast,Grocery,fresh_cart,Fresh Cart,units_sold,Units Sold,2026-03-01,2026-03-31,2026-03,historical,8646272,units,,2026-04-01T08:00:00Z
morning_roast,Morning Roast,Grocery,fresh_cart,Fresh Cart,units_sold,Units Sold,2026-04-01,2026-04-30,2026-04,historical,9783135,units,,2026-05-01T08:00:00Z
morning_roast,Morning Roast,Grocery,fresh_cart,Fresh Cart,units_sold,Units Sold,2026-05-01,2026-05-31,2026-05,historical,9415545,units,,2026-06-01T08:00:00Z
morning_roast,Morning Roast,Grocery,fresh_cart,Fresh Cart,units_sold,Units Sold,2026-06-01,2026-06-30,2026-06,mtd,1343257,units,2026-06-04T09:00:00Z,2026-06-04T09:05:00Z
morning_roast,Morning Roast,Grocery,fresh_cart,Fresh Cart,units_sold,Units Sold,2026-06-01,2026-06-30,2026-06,mtd,1395901,units,2026-06-04T13:00:00Z,2026-06-04T13:05:00Z
morning_roast,Morning Roast,Grocery,fresh_cart,Fresh Cart,units_sold,Units Sold,2026-06-01,2026-06-30,2026-06,mtd,1418236,units,2026-06-04T17:00:00Z,2026-06-04T17:05:00Z
morning_roast,Morning Roast,Grocery,fresh_cart,Fresh Cart,asp,ASP,2025-05-01,2025-05-31,2025-05,historical,182.87,USD,,2025-06-01T08:00:00Z
morning_roast,Morning Roast,Grocery,fresh_cart,Fresh Cart,asp,ASP,2025-06-01,2025-06-30,2025-06,historical,171.86,USD,,2025-07-01T08:00:00Z
morning_roast,Morning Roast,Grocery,fresh_cart,Fresh Cart,asp,ASP,2025-07-01,2025-07-31,2025-07,historical,186.02,USD,,2025-08-01T08:00:00Z
morning_roast,Morning Roast,Grocery,fresh_cart,Fresh Cart,asp,ASP,2025-08-01,2025-08-31,2025-08,historical,161.10,USD,,2025-09-01T08:00:00Z
morning_roast,Morning Roast,Grocery,fresh_cart,Fresh Cart,asp,ASP,2025-09-01,2025-09-30,2025-09,historical,158.80,USD,,2025-10-01T08:00:00Z
morning_roast,Morning Roast,Grocery,fresh_cart,Fresh Cart,asp,ASP,2025-10-01,2025-10-31,2025-10,historical,162.28,USD,,2025-11-01T08:00:00Z
morning_roast,Morning Roast,Grocery,fresh_cart,Fresh Cart,asp,ASP,2025-11-01,2025-11-30,2025-11,historical,159.50,USD,,2025-12-01T08:00:00Z
morning_roast,Morning Roast,Grocery,fresh_cart,Fresh Cart,asp,ASP,2025-12-01,2025-12-31,2025-12,historical,178.14,USD,,2026-01-01T08:00:00Z
morning_roast,Morning Roast,Grocery,fresh_cart,Fresh Cart,asp,ASP,2026-01-01,2026-01-31,2026-01,historical,192.19,USD,,2026-02-01T08:00:00Z
morning_roast,Morning Roast,Grocery,fresh_cart,Fresh Cart,asp,ASP,2026-02-01,2026-02-28,2026-02,historical,189.72,USD,,2026-03-01T08:00:00Z
morning_roast,Morning Roast,Grocery,fresh_cart,Fresh Cart,asp,ASP,2026-03-01,2026-03-31,2026-03,historical,188.25,USD,,2026-04-01T08:00:00Z
morning_roast,Morning Roast,Grocery,fresh_cart,Fresh Cart,asp,ASP,2026-04-01,2026-04-30,2026-04,historical,192.65,USD,,2026-05-01T08:00:00Z
morning_roast,Morning Roast,Grocery,fresh_cart,Fresh Cart,asp,ASP,2026-05-01,2026-05-31,2026-05,historical,204.34,USD,,2026-06-01T08:00:00Z
morning_roast,Morning Roast,Grocery,fresh_cart,Fresh Cart,asp,ASP,2026-06-01,2026-06-30,2026-06,mtd,202.43,USD,2026-06-04T09:00:00Z,2026-06-04T09:05:00Z
morning_roast,Morning Roast,Grocery,fresh_cart,Fresh Cart,asp,ASP,2026-06-01,2026-06-30,2026-06,mtd,204.54,USD,2026-06-04T13:00:00Z,2026-06-04T13:05:00Z
morning_roast,Morning Roast,Grocery,fresh_cart,Fresh Cart,asp,ASP,2026-06-01,2026-06-30,2026-06,mtd,201.04,USD,2026-06-04T17:00:00Z,2026-06-04T17:05:00Z
morning_roast,Morning Roast,Grocery,market_square,Market Square,gmv,GMV,2025-05-01,2025-05-31,2025-05,historical,843047713.37,USD,,2025-06-01T08:00:00Z
morning_roast,Morning Roast,Grocery,market_square,Market Square,gmv,GMV,2025-06-01,2025-06-30,2025-06,historical,807852693.97,USD,,2025-07-01T08:00:00Z
morning_roast,Morning Roast,Grocery,market_square,Market Square,gmv,GMV,2025-07-01,2025-07-31,2025-07,historical,817842390.47,USD,,2025-08-01T08:00:00Z
morning_roast,Morning Roast,Grocery,market_square,Market Square,gmv,GMV,2025-08-01,2025-08-31,2025-08,historical,797952732.74,USD,,2025-09-01T08:00:00Z
morning_roast,Morning Roast,Grocery,market_square,Market Square,gmv,GMV,2025-09-01,2025-09-30,2025-09,historical,698921865.48,USD,,2025-10-01T08:00:00Z
morning_roast,Morning Roast,Grocery,market_square,Market Square,gmv,GMV,2025-10-01,2025-10-31,2025-10,historical,731189417.50,USD,,2025-11-01T08:00:00Z
morning_roast,Morning Roast,Grocery,market_square,Market Square,gmv,GMV,2025-11-01,2025-11-30,2025-11,historical,725830250.12,USD,,2025-12-01T08:00:00Z
morning_roast,Morning Roast,Grocery,market_square,Market Square,gmv,GMV,2025-12-01,2025-12-31,2025-12,historical,764538865.74,USD,,2026-01-01T08:00:00Z
morning_roast,Morning Roast,Grocery,market_square,Market Square,gmv,GMV,2026-01-01,2026-01-31,2026-01,historical,788890271.79,USD,,2026-02-01T08:00:00Z
morning_roast,Morning Roast,Grocery,market_square,Market Square,gmv,GMV,2026-02-01,2026-02-28,2026-02,historical,837273369.66,USD,,2026-03-01T08:00:00Z
morning_roast,Morning Roast,Grocery,market_square,Market Square,gmv,GMV,2026-03-01,2026-03-31,2026-03,historical,846500639.89,USD,,2026-04-01T08:00:00Z
morning_roast,Morning Roast,Grocery,market_square,Market Square,gmv,GMV,2026-04-01,2026-04-30,2026-04,historical,924819599.61,USD,,2026-05-01T08:00:00Z
morning_roast,Morning Roast,Grocery,market_square,Market Square,gmv,GMV,2026-05-01,2026-05-31,2026-05,historical,934360489.47,USD,,2026-06-01T08:00:00Z
morning_roast,Morning Roast,Grocery,market_square,Market Square,gmv,GMV,2026-06-01,2026-06-30,2026-06,mtd,133636112.99,USD,2026-06-04T09:00:00Z,2026-06-04T09:05:00Z
morning_roast,Morning Roast,Grocery,market_square,Market Square,gmv,GMV,2026-06-01,2026-06-30,2026-06,mtd,139931972.12,USD,2026-06-04T13:00:00Z,2026-06-04T13:05:00Z
morning_roast,Morning Roast,Grocery,market_square,Market Square,gmv,GMV,2026-06-01,2026-06-30,2026-06,mtd,145196284.71,USD,2026-06-04T17:00:00Z,2026-06-04T17:05:00Z
morning_roast,Morning Roast,Grocery,market_square,Market Square,units_sold,Units Sold,2025-05-01,2025-05-31,2025-05,historical,18004506,units,,2025-06-01T08:00:00Z
morning_roast,Morning Roast,Grocery,market_square,Market Square,units_sold,Units Sold,2025-06-01,2025-06-30,2025-06,historical,17860078,units,,2025-07-01T08:00:00Z
morning_roast,Morning Roast,Grocery,market_square,Market Square,units_sold,Units Sold,2025-07-01,2025-07-31,2025-07,historical,17207506,units,,2025-08-01T08:00:00Z
morning_roast,Morning Roast,Grocery,market_square,Market Square,units_sold,Units Sold,2025-08-01,2025-08-31,2025-08,historical,16820002,units,,2025-09-01T08:00:00Z
morning_roast,Morning Roast,Grocery,market_square,Market Square,units_sold,Units Sold,2025-09-01,2025-09-30,2025-09,historical,16296156,units,,2025-10-01T08:00:00Z
morning_roast,Morning Roast,Grocery,market_square,Market Square,units_sold,Units Sold,2025-10-01,2025-10-31,2025-10,historical,16124782,units,,2025-11-01T08:00:00Z
morning_roast,Morning Roast,Grocery,market_square,Market Square,units_sold,Units Sold,2025-11-01,2025-11-30,2025-11,historical,15045092,units,,2025-12-01T08:00:00Z
morning_roast,Morning Roast,Grocery,market_square,Market Square,units_sold,Units Sold,2025-12-01,2025-12-31,2025-12,historical,17215755,units,,2026-01-01T08:00:00Z
morning_roast,Morning Roast,Grocery,market_square,Market Square,units_sold,Units Sold,2026-01-01,2026-01-31,2026-01,historical,16771525,units,,2026-02-01T08:00:00Z
morning_roast,Morning Roast,Grocery,market_square,Market Square,units_sold,Units Sold,2026-02-01,2026-02-28,2026-02,historical,17833241,units,,2026-03-01T08:00:00Z
morning_roast,Morning Roast,Grocery,market_square,Market Square,units_sold,Units Sold,2026-03-01,2026-03-31,2026-03,historical,18136667,units,,2026-04-01T08:00:00Z
morning_roast,Morning Roast,Grocery,market_square,Market Square,units_sold,Units Sold,2026-04-01,2026-04-30,2026-04,historical,18263086,units,,2026-05-01T08:00:00Z
morning_roast,Morning Roast,Grocery,market_square,Market Square,units_sold,Units Sold,2026-05-01,2026-05-31,2026-05,historical,18801865,units,,2026-06-01T08:00:00Z
morning_roast,Morning Roast,Grocery,market_square,Market Square,units_sold,Units Sold,2026-06-01,2026-06-30,2026-06,mtd,2680817,units,2026-06-04T09:00:00Z,2026-06-04T09:05:00Z
morning_roast,Morning Roast,Grocery,market_square,Market Square,units_sold,Units Sold,2026-06-01,2026-06-30,2026-06,mtd,2762446,units,2026-06-04T13:00:00Z,2026-06-04T13:05:00Z
morning_roast,Morning Roast,Grocery,market_square,Market Square,units_sold,Units Sold,2026-06-01,2026-06-30,2026-06,mtd,2912552,units,2026-06-04T17:00:00Z,2026-06-04T17:05:00Z
morning_roast,Morning Roast,Grocery,market_square,Market Square,asp,ASP,2025-05-01,2025-05-31,2025-05,historical,175.96,USD,,2025-06-01T08:00:00Z
morning_roast,Morning Roast,Grocery,market_square,Market Square,asp,ASP,2025-06-01,2025-06-30,2025-06,historical,161.54,USD,,2025-07-01T08:00:00Z
morning_roast,Morning Roast,Grocery,market_square,Market Square,asp,ASP,2025-07-01,2025-07-31,2025-07,historical,168.71,USD,,2025-08-01T08:00:00Z
morning_roast,Morning Roast,Grocery,market_square,Market Square,asp,ASP,2025-08-01,2025-08-31,2025-08,historical,146.99,USD,,2025-09-01T08:00:00Z
morning_roast,Morning Roast,Grocery,market_square,Market Square,asp,ASP,2025-09-01,2025-09-30,2025-09,historical,147.67,USD,,2025-10-01T08:00:00Z
morning_roast,Morning Roast,Grocery,market_square,Market Square,asp,ASP,2025-10-01,2025-10-31,2025-10,historical,149.22,USD,,2025-11-01T08:00:00Z
morning_roast,Morning Roast,Grocery,market_square,Market Square,asp,ASP,2025-11-01,2025-11-30,2025-11,historical,157.89,USD,,2025-12-01T08:00:00Z
morning_roast,Morning Roast,Grocery,market_square,Market Square,asp,ASP,2025-12-01,2025-12-31,2025-12,historical,157.45,USD,,2026-01-01T08:00:00Z
morning_roast,Morning Roast,Grocery,market_square,Market Square,asp,ASP,2026-01-01,2026-01-31,2026-01,historical,170.98,USD,,2026-02-01T08:00:00Z
morning_roast,Morning Roast,Grocery,market_square,Market Square,asp,ASP,2026-02-01,2026-02-28,2026-02,historical,181.27,USD,,2026-03-01T08:00:00Z
morning_roast,Morning Roast,Grocery,market_square,Market Square,asp,ASP,2026-03-01,2026-03-31,2026-03,historical,182.72,USD,,2026-04-01T08:00:00Z
morning_roast,Morning Roast,Grocery,market_square,Market Square,asp,ASP,2026-04-01,2026-04-30,2026-04,historical,191.80,USD,,2026-05-01T08:00:00Z
morning_roast,Morning Roast,Grocery,market_square,Market Square,asp,ASP,2026-05-01,2026-05-31,2026-05,historical,174.24,USD,,2026-06-01T08:00:00Z
morning_roast,Morning Roast,Grocery,market_square,Market Square,asp,ASP,2026-06-01,2026-06-30,2026-06,mtd,172.69,USD,2026-06-04T09:00:00Z,2026-06-04T09:05:00Z
morning_roast,Morning Roast,Grocery,market_square,Market Square,asp,ASP,2026-06-01,2026-06-30,2026-06,mtd,174.39,USD,2026-06-04T13:00:00Z,2026-06-04T13:05:00Z
morning_roast,Morning Roast,Grocery,market_square,Market Square,asp,ASP,2026-06-01,2026-06-30,2026-06,mtd,171.81,USD,2026-06-04T17:00:00Z,2026-06-04T17:05:00Z
morning_roast,Morning Roast,Grocery,home_lane,Home Lane,gmv,GMV,2025-05-01,2025-05-31,2025-05,historical,765703361.08,USD,,2025-06-01T08:00:00Z
morning_roast,Morning Roast,Grocery,home_lane,Home Lane,gmv,GMV,2025-06-01,2025-06-30,2025-06,historical,680366572.68,USD,,2025-07-01T08:00:00Z
morning_roast,Morning Roast,Grocery,home_lane,Home Lane,gmv,GMV,2025-07-01,2025-07-31,2025-07,historical,705010834.74,USD,,2025-08-01T08:00:00Z
morning_roast,Morning Roast,Grocery,home_lane,Home Lane,gmv,GMV,2025-08-01,2025-08-31,2025-08,historical,696815632.94,USD,,2025-09-01T08:00:00Z
morning_roast,Morning Roast,Grocery,home_lane,Home Lane,gmv,GMV,2025-09-01,2025-09-30,2025-09,historical,628351298.38,USD,,2025-10-01T08:00:00Z
morning_roast,Morning Roast,Grocery,home_lane,Home Lane,gmv,GMV,2025-10-01,2025-10-31,2025-10,historical,625502616.04,USD,,2025-11-01T08:00:00Z
morning_roast,Morning Roast,Grocery,home_lane,Home Lane,gmv,GMV,2025-11-01,2025-11-30,2025-11,historical,710244268.12,USD,,2025-12-01T08:00:00Z
morning_roast,Morning Roast,Grocery,home_lane,Home Lane,gmv,GMV,2025-12-01,2025-12-31,2025-12,historical,697075182.37,USD,,2026-01-01T08:00:00Z
morning_roast,Morning Roast,Grocery,home_lane,Home Lane,gmv,GMV,2026-01-01,2026-01-31,2026-01,historical,758806715.41,USD,,2026-02-01T08:00:00Z
morning_roast,Morning Roast,Grocery,home_lane,Home Lane,gmv,GMV,2026-02-01,2026-02-28,2026-02,historical,750324583.68,USD,,2026-03-01T08:00:00Z
morning_roast,Morning Roast,Grocery,home_lane,Home Lane,gmv,GMV,2026-03-01,2026-03-31,2026-03,historical,756562313.28,USD,,2026-04-01T08:00:00Z
morning_roast,Morning Roast,Grocery,home_lane,Home Lane,gmv,GMV,2026-04-01,2026-04-30,2026-04,historical,815469729.48,USD,,2026-05-01T08:00:00Z
morning_roast,Morning Roast,Grocery,home_lane,Home Lane,gmv,GMV,2026-05-01,2026-05-31,2026-05,historical,763913530.37,USD,,2026-06-01T08:00:00Z
morning_roast,Morning Roast,Grocery,home_lane,Home Lane,gmv,GMV,2026-06-01,2026-06-30,2026-06,mtd,121609582.54,USD,2026-06-04T09:00:00Z,2026-06-04T09:05:00Z
morning_roast,Morning Roast,Grocery,home_lane,Home Lane,gmv,GMV,2026-06-01,2026-06-30,2026-06,mtd,124914202.73,USD,2026-06-04T13:00:00Z,2026-06-04T13:05:00Z
morning_roast,Morning Roast,Grocery,home_lane,Home Lane,gmv,GMV,2026-06-01,2026-06-30,2026-06,mtd,129505819.02,USD,2026-06-04T17:00:00Z,2026-06-04T17:05:00Z
morning_roast,Morning Roast,Grocery,home_lane,Home Lane,units_sold,Units Sold,2025-05-01,2025-05-31,2025-05,historical,10483487,units,,2025-06-01T08:00:00Z
morning_roast,Morning Roast,Grocery,home_lane,Home Lane,units_sold,Units Sold,2025-06-01,2025-06-30,2025-06,historical,9897679,units,,2025-07-01T08:00:00Z
morning_roast,Morning Roast,Grocery,home_lane,Home Lane,units_sold,Units Sold,2025-07-01,2025-07-31,2025-07,historical,9413375,units,,2025-08-01T08:00:00Z
morning_roast,Morning Roast,Grocery,home_lane,Home Lane,units_sold,Units Sold,2025-08-01,2025-08-31,2025-08,historical,9818673,units,,2025-09-01T08:00:00Z
morning_roast,Morning Roast,Grocery,home_lane,Home Lane,units_sold,Units Sold,2025-09-01,2025-09-30,2025-09,historical,9066845,units,,2025-10-01T08:00:00Z
morning_roast,Morning Roast,Grocery,home_lane,Home Lane,units_sold,Units Sold,2025-10-01,2025-10-31,2025-10,historical,9727949,units,,2025-11-01T08:00:00Z
morning_roast,Morning Roast,Grocery,home_lane,Home Lane,units_sold,Units Sold,2025-11-01,2025-11-30,2025-11,historical,9824130,units,,2025-12-01T08:00:00Z
morning_roast,Morning Roast,Grocery,home_lane,Home Lane,units_sold,Units Sold,2025-12-01,2025-12-31,2025-12,historical,10607286,units,,2026-01-01T08:00:00Z
morning_roast,Morning Roast,Grocery,home_lane,Home Lane,units_sold,Units Sold,2026-01-01,2026-01-31,2026-01,historical,10347319,units,,2026-02-01T08:00:00Z
morning_roast,Morning Roast,Grocery,home_lane,Home Lane,units_sold,Units Sold,2026-02-01,2026-02-28,2026-02,historical,10464842,units,,2026-03-01T08:00:00Z
morning_roast,Morning Roast,Grocery,home_lane,Home Lane,units_sold,Units Sold,2026-03-01,2026-03-31,2026-03,historical,12134473,units,,2026-04-01T08:00:00Z
morning_roast,Morning Roast,Grocery,home_lane,Home Lane,units_sold,Units Sold,2026-04-01,2026-04-30,2026-04,historical,11622499,units,,2026-05-01T08:00:00Z
morning_roast,Morning Roast,Grocery,home_lane,Home Lane,units_sold,Units Sold,2026-05-01,2026-05-31,2026-05,historical,11483247,units,,2026-06-01T08:00:00Z
morning_roast,Morning Roast,Grocery,home_lane,Home Lane,units_sold,Units Sold,2026-06-01,2026-06-30,2026-06,mtd,1586072,units,2026-06-04T09:00:00Z,2026-06-04T09:05:00Z
morning_roast,Morning Roast,Grocery,home_lane,Home Lane,units_sold,Units Sold,2026-06-01,2026-06-30,2026-06,mtd,1677146,units,2026-06-04T13:00:00Z,2026-06-04T13:05:00Z
morning_roast,Morning Roast,Grocery,home_lane,Home Lane,units_sold,Units Sold,2026-06-01,2026-06-30,2026-06,mtd,1733654,units,2026-06-04T17:00:00Z,2026-06-04T17:05:00Z
morning_roast,Morning Roast,Grocery,home_lane,Home Lane,asp,ASP,2025-05-01,2025-05-31,2025-05,historical,105.09,USD,,2025-06-01T08:00:00Z
morning_roast,Morning Roast,Grocery,home_lane,Home Lane,asp,ASP,2025-06-01,2025-06-30,2025-06,historical,101.04,USD,,2025-07-01T08:00:00Z
morning_roast,Morning Roast,Grocery,home_lane,Home Lane,asp,ASP,2025-07-01,2025-07-31,2025-07,historical,93.84,USD,,2025-08-01T08:00:00Z
morning_roast,Morning Roast,Grocery,home_lane,Home Lane,asp,ASP,2025-08-01,2025-08-31,2025-08,historical,96.40,USD,,2025-09-01T08:00:00Z
morning_roast,Morning Roast,Grocery,home_lane,Home Lane,asp,ASP,2025-09-01,2025-09-30,2025-09,historical,94.81,USD,,2025-10-01T08:00:00Z
morning_roast,Morning Roast,Grocery,home_lane,Home Lane,asp,ASP,2025-10-01,2025-10-31,2025-10,historical,86.37,USD,,2025-11-01T08:00:00Z
morning_roast,Morning Roast,Grocery,home_lane,Home Lane,asp,ASP,2025-11-01,2025-11-30,2025-11,historical,90.73,USD,,2025-12-01T08:00:00Z
morning_roast,Morning Roast,Grocery,home_lane,Home Lane,asp,ASP,2025-12-01,2025-12-31,2025-12,historical,96.15,USD,,2026-01-01T08:00:00Z
morning_roast,Morning Roast,Grocery,home_lane,Home Lane,asp,ASP,2026-01-01,2026-01-31,2026-01,historical,102.17,USD,,2026-02-01T08:00:00Z
morning_roast,Morning Roast,Grocery,home_lane,Home Lane,asp,ASP,2026-02-01,2026-02-28,2026-02,historical,105.47,USD,,2026-03-01T08:00:00Z
morning_roast,Morning Roast,Grocery,home_lane,Home Lane,asp,ASP,2026-03-01,2026-03-31,2026-03,historical,114.05,USD,,2026-04-01T08:00:00Z
morning_roast,Morning Roast,Grocery,home_lane,Home Lane,asp,ASP,2026-04-01,2026-04-30,2026-04,historical,114.26,USD,,2026-05-01T08:00:00Z
morning_roast,Morning Roast,Grocery,home_lane,Home Lane,asp,ASP,2026-05-01,2026-05-31,2026-05,historical,111.84,USD,,2026-06-01T08:00:00Z
morning_roast,Morning Roast,Grocery,home_lane,Home Lane,asp,ASP,2026-06-01,2026-06-30,2026-06,mtd,108.60,USD,2026-06-04T09:00:00Z,2026-06-04T09:05:00Z
morning_roast,Morning Roast,Grocery,home_lane,Home Lane,asp,ASP,2026-06-01,2026-06-30,2026-06,mtd,110.45,USD,2026-06-04T13:00:00Z,2026-06-04T13:05:00Z
morning_roast,Morning Roast,Grocery,home_lane,Home Lane,asp,ASP,2026-06-01,2026-06-30,2026-06,mtd,111.45,USD,2026-06-04T17:00:00Z,2026-06-04T17:05:00Z
little_sprout,Little Sprout,Baby,family_market,Family Market,gmv,GMV,2025-05-01,2025-05-31,2025-05,historical,827049353.11,USD,,2025-06-01T08:00:00Z
little_sprout,Little Sprout,Baby,family_market,Family Market,gmv,GMV,2025-06-01,2025-06-30,2025-06,historical,780189397.31,USD,,2025-07-01T08:00:00Z
little_sprout,Little Sprout,Baby,family_market,Family Market,gmv,GMV,2025-07-01,2025-07-31,2025-07,historical,826313815.72,USD,,2025-08-01T08:00:00Z
little_sprout,Little Sprout,Baby,family_market,Family Market,gmv,GMV,2025-08-01,2025-08-31,2025-08,historical,774812884.17,USD,,2025-09-01T08:00:00Z
little_sprout,Little Sprout,Baby,family_market,Family Market,gmv,GMV,2025-09-01,2025-09-30,2025-09,historical,720446377.13,USD,,2025-10-01T08:00:00Z
little_sprout,Little Sprout,Baby,family_market,Family Market,gmv,GMV,2025-10-01,2025-10-31,2025-10,historical,773394846.20,USD,,2025-11-01T08:00:00Z
little_sprout,Little Sprout,Baby,family_market,Family Market,gmv,GMV,2025-11-01,2025-11-30,2025-11,historical,746150006.51,USD,,2025-12-01T08:00:00Z
little_sprout,Little Sprout,Baby,family_market,Family Market,gmv,GMV,2025-12-01,2025-12-31,2025-12,historical,801074598.72,USD,,2026-01-01T08:00:00Z
little_sprout,Little Sprout,Baby,family_market,Family Market,gmv,GMV,2026-01-01,2026-01-31,2026-01,historical,824610828.34,USD,,2026-02-01T08:00:00Z
little_sprout,Little Sprout,Baby,family_market,Family Market,gmv,GMV,2026-02-01,2026-02-28,2026-02,historical,864965929.12,USD,,2026-03-01T08:00:00Z
little_sprout,Little Sprout,Baby,family_market,Family Market,gmv,GMV,2026-03-01,2026-03-31,2026-03,historical,934048641.86,USD,,2026-04-01T08:00:00Z
little_sprout,Little Sprout,Baby,family_market,Family Market,gmv,GMV,2026-04-01,2026-04-30,2026-04,historical,886633165.84,USD,,2026-05-01T08:00:00Z
little_sprout,Little Sprout,Baby,family_market,Family Market,gmv,GMV,2026-05-01,2026-05-31,2026-05,historical,951757867.11,USD,,2026-06-01T08:00:00Z
little_sprout,Little Sprout,Baby,family_market,Family Market,gmv,GMV,2026-06-01,2026-06-30,2026-06,mtd,127542855.83,USD,2026-06-04T09:00:00Z,2026-06-04T09:05:00Z
little_sprout,Little Sprout,Baby,family_market,Family Market,gmv,GMV,2026-06-01,2026-06-30,2026-06,mtd,134567778.83,USD,2026-06-04T13:00:00Z,2026-06-04T13:05:00Z
little_sprout,Little Sprout,Baby,family_market,Family Market,gmv,GMV,2026-06-01,2026-06-30,2026-06,mtd,140042687.07,USD,2026-06-04T17:00:00Z,2026-06-04T17:05:00Z
little_sprout,Little Sprout,Baby,family_market,Family Market,units_sold,Units Sold,2025-05-01,2025-05-31,2025-05,historical,9493981,units,,2025-06-01T08:00:00Z
little_sprout,Little Sprout,Baby,family_market,Family Market,units_sold,Units Sold,2025-06-01,2025-06-30,2025-06,historical,9361930,units,,2025-07-01T08:00:00Z
little_sprout,Little Sprout,Baby,family_market,Family Market,units_sold,Units Sold,2025-07-01,2025-07-31,2025-07,historical,9353234,units,,2025-08-01T08:00:00Z
little_sprout,Little Sprout,Baby,family_market,Family Market,units_sold,Units Sold,2025-08-01,2025-08-31,2025-08,historical,8586333,units,,2025-09-01T08:00:00Z
little_sprout,Little Sprout,Baby,family_market,Family Market,units_sold,Units Sold,2025-09-01,2025-09-30,2025-09,historical,8595447,units,,2025-10-01T08:00:00Z
little_sprout,Little Sprout,Baby,family_market,Family Market,units_sold,Units Sold,2025-10-01,2025-10-31,2025-10,historical,8421586,units,,2025-11-01T08:00:00Z
little_sprout,Little Sprout,Baby,family_market,Family Market,units_sold,Units Sold,2025-11-01,2025-11-30,2025-11,historical,9135903,units,,2025-12-01T08:00:00Z
little_sprout,Little Sprout,Baby,family_market,Family Market,units_sold,Units Sold,2025-12-01,2025-12-31,2025-12,historical,8997607,units,,2026-01-01T08:00:00Z
little_sprout,Little Sprout,Baby,family_market,Family Market,units_sold,Units Sold,2026-01-01,2026-01-31,2026-01,historical,9367293,units,,2026-02-01T08:00:00Z
little_sprout,Little Sprout,Baby,family_market,Family Market,units_sold,Units Sold,2026-02-01,2026-02-28,2026-02,historical,9655154,units,,2026-03-01T08:00:00Z
little_sprout,Little Sprout,Baby,family_market,Family Market,units_sold,Units Sold,2026-03-01,2026-03-31,2026-03,historical,9910047,units,,2026-04-01T08:00:00Z
little_sprout,Little Sprout,Baby,family_market,Family Market,units_sold,Units Sold,2026-04-01,2026-04-30,2026-04,historical,10447415,units,,2026-05-01T08:00:00Z
little_sprout,Little Sprout,Baby,family_market,Family Market,units_sold,Units Sold,2026-05-01,2026-05-31,2026-05,historical,10308330,units,,2026-06-01T08:00:00Z
little_sprout,Little Sprout,Baby,family_market,Family Market,units_sold,Units Sold,2026-06-01,2026-06-30,2026-06,mtd,1411909,units,2026-06-04T09:00:00Z,2026-06-04T09:05:00Z
little_sprout,Little Sprout,Baby,family_market,Family Market,units_sold,Units Sold,2026-06-01,2026-06-30,2026-06,mtd,1475840,units,2026-06-04T13:00:00Z,2026-06-04T13:05:00Z
little_sprout,Little Sprout,Baby,family_market,Family Market,units_sold,Units Sold,2026-06-01,2026-06-30,2026-06,mtd,1532461,units,2026-06-04T17:00:00Z,2026-06-04T17:05:00Z
little_sprout,Little Sprout,Baby,family_market,Family Market,asp,ASP,2025-05-01,2025-05-31,2025-05,historical,130.85,USD,,2025-06-01T08:00:00Z
little_sprout,Little Sprout,Baby,family_market,Family Market,asp,ASP,2025-06-01,2025-06-30,2025-06,historical,138.03,USD,,2025-07-01T08:00:00Z
little_sprout,Little Sprout,Baby,family_market,Family Market,asp,ASP,2025-07-01,2025-07-31,2025-07,historical,125.32,USD,,2025-08-01T08:00:00Z
little_sprout,Little Sprout,Baby,family_market,Family Market,asp,ASP,2025-08-01,2025-08-31,2025-08,historical,129.68,USD,,2025-09-01T08:00:00Z
little_sprout,Little Sprout,Baby,family_market,Family Market,asp,ASP,2025-09-01,2025-09-30,2025-09,historical,128.09,USD,,2025-10-01T08:00:00Z
little_sprout,Little Sprout,Baby,family_market,Family Market,asp,ASP,2025-10-01,2025-10-31,2025-10,historical,121.44,USD,,2025-11-01T08:00:00Z
little_sprout,Little Sprout,Baby,family_market,Family Market,asp,ASP,2025-11-01,2025-11-30,2025-11,historical,118.09,USD,,2025-12-01T08:00:00Z
little_sprout,Little Sprout,Baby,family_market,Family Market,asp,ASP,2025-12-01,2025-12-31,2025-12,historical,126.60,USD,,2026-01-01T08:00:00Z
little_sprout,Little Sprout,Baby,family_market,Family Market,asp,ASP,2026-01-01,2026-01-31,2026-01,historical,139.96,USD,,2026-02-01T08:00:00Z
little_sprout,Little Sprout,Baby,family_market,Family Market,asp,ASP,2026-02-01,2026-02-28,2026-02,historical,139.29,USD,,2026-03-01T08:00:00Z
little_sprout,Little Sprout,Baby,family_market,Family Market,asp,ASP,2026-03-01,2026-03-31,2026-03,historical,143.35,USD,,2026-04-01T08:00:00Z
little_sprout,Little Sprout,Baby,family_market,Family Market,asp,ASP,2026-04-01,2026-04-30,2026-04,historical,158.81,USD,,2026-05-01T08:00:00Z
little_sprout,Little Sprout,Baby,family_market,Family Market,asp,ASP,2026-05-01,2026-05-31,2026-05,historical,157.07,USD,,2026-06-01T08:00:00Z
little_sprout,Little Sprout,Baby,family_market,Family Market,asp,ASP,2026-06-01,2026-06-30,2026-06,mtd,156.34,USD,2026-06-04T09:00:00Z,2026-06-04T09:05:00Z
little_sprout,Little Sprout,Baby,family_market,Family Market,asp,ASP,2026-06-01,2026-06-30,2026-06,mtd,155.89,USD,2026-06-04T13:00:00Z,2026-06-04T13:05:00Z
little_sprout,Little Sprout,Baby,family_market,Family Market,asp,ASP,2026-06-01,2026-06-30,2026-06,mtd,156.96,USD,2026-06-04T17:00:00Z,2026-06-04T17:05:00Z
little_sprout,Little Sprout,Baby,market_square,Market Square,gmv,GMV,2025-05-01,2025-05-31,2025-05,historical,813763212.88,USD,,2025-06-01T08:00:00Z
little_sprout,Little Sprout,Baby,market_square,Market Square,gmv,GMV,2025-06-01,2025-06-30,2025-06,historical,804831995.97,USD,,2025-07-01T08:00:00Z
little_sprout,Little Sprout,Baby,market_square,Market Square,gmv,GMV,2025-07-01,2025-07-31,2025-07,historical,762421013.90,USD,,2025-08-01T08:00:00Z
little_sprout,Little Sprout,Baby,market_square,Market Square,gmv,GMV,2025-08-01,2025-08-31,2025-08,historical,810519111.40,USD,,2025-09-01T08:00:00Z
little_sprout,Little Sprout,Baby,market_square,Market Square,gmv,GMV,2025-09-01,2025-09-30,2025-09,historical,793283666.56,USD,,2025-10-01T08:00:00Z
little_sprout,Little Sprout,Baby,market_square,Market Square,gmv,GMV,2025-10-01,2025-10-31,2025-10,historical,720081084.01,USD,,2025-11-01T08:00:00Z
little_sprout,Little Sprout,Baby,market_square,Market Square,gmv,GMV,2025-11-01,2025-11-30,2025-11,historical,734609454.00,USD,,2025-12-01T08:00:00Z
little_sprout,Little Sprout,Baby,market_square,Market Square,gmv,GMV,2025-12-01,2025-12-31,2025-12,historical,846467462.03,USD,,2026-01-01T08:00:00Z
little_sprout,Little Sprout,Baby,market_square,Market Square,gmv,GMV,2026-01-01,2026-01-31,2026-01,historical,815037688.14,USD,,2026-02-01T08:00:00Z
little_sprout,Little Sprout,Baby,market_square,Market Square,gmv,GMV,2026-02-01,2026-02-28,2026-02,historical,914799601.71,USD,,2026-03-01T08:00:00Z
little_sprout,Little Sprout,Baby,market_square,Market Square,gmv,GMV,2026-03-01,2026-03-31,2026-03,historical,868442232.35,USD,,2026-04-01T08:00:00Z
little_sprout,Little Sprout,Baby,market_square,Market Square,gmv,GMV,2026-04-01,2026-04-30,2026-04,historical,984166351.42,USD,,2026-05-01T08:00:00Z
little_sprout,Little Sprout,Baby,market_square,Market Square,gmv,GMV,2026-05-01,2026-05-31,2026-05,historical,975265596.86,USD,,2026-06-01T08:00:00Z
little_sprout,Little Sprout,Baby,market_square,Market Square,gmv,GMV,2026-06-01,2026-06-30,2026-06,mtd,132114094.93,USD,2026-06-04T09:00:00Z,2026-06-04T09:05:00Z
little_sprout,Little Sprout,Baby,market_square,Market Square,gmv,GMV,2026-06-01,2026-06-30,2026-06,mtd,136058125.57,USD,2026-06-04T13:00:00Z,2026-06-04T13:05:00Z
little_sprout,Little Sprout,Baby,market_square,Market Square,gmv,GMV,2026-06-01,2026-06-30,2026-06,mtd,139984138.59,USD,2026-06-04T17:00:00Z,2026-06-04T17:05:00Z
little_sprout,Little Sprout,Baby,market_square,Market Square,units_sold,Units Sold,2025-05-01,2025-05-31,2025-05,historical,15669950,units,,2025-06-01T08:00:00Z
little_sprout,Little Sprout,Baby,market_square,Market Square,units_sold,Units Sold,2025-06-01,2025-06-30,2025-06,historical,15162889,units,,2025-07-01T08:00:00Z
little_sprout,Little Sprout,Baby,market_square,Market Square,units_sold,Units Sold,2025-07-01,2025-07-31,2025-07,historical,14391652,units,,2025-08-01T08:00:00Z
little_sprout,Little Sprout,Baby,market_square,Market Square,units_sold,Units Sold,2025-08-01,2025-08-31,2025-08,historical,13823239,units,,2025-09-01T08:00:00Z
little_sprout,Little Sprout,Baby,market_square,Market Square,units_sold,Units Sold,2025-09-01,2025-09-30,2025-09,historical,12821527,units,,2025-10-01T08:00:00Z
little_sprout,Little Sprout,Baby,market_square,Market Square,units_sold,Units Sold,2025-10-01,2025-10-31,2025-10,historical,13755583,units,,2025-11-01T08:00:00Z
little_sprout,Little Sprout,Baby,market_square,Market Square,units_sold,Units Sold,2025-11-01,2025-11-30,2025-11,historical,13577869,units,,2025-12-01T08:00:00Z
little_sprout,Little Sprout,Baby,market_square,Market Square,units_sold,Units Sold,2025-12-01,2025-12-31,2025-12,historical,13528699,units,,2026-01-01T08:00:00Z
little_sprout,Little Sprout,Baby,market_square,Market Square,units_sold,Units Sold,2026-01-01,2026-01-31,2026-01,historical,14643327,units,,2026-02-01T08:00:00Z
little_sprout,Little Sprout,Baby,market_square,Market Square,units_sold,Units Sold,2026-02-01,2026-02-28,2026-02,historical,15769224,units,,2026-03-01T08:00:00Z
little_sprout,Little Sprout,Baby,market_square,Market Square,units_sold,Units Sold,2026-03-01,2026-03-31,2026-03,historical,15640257,units,,2026-04-01T08:00:00Z
little_sprout,Little Sprout,Baby,market_square,Market Square,units_sold,Units Sold,2026-04-01,2026-04-30,2026-04,historical,16007752,units,,2026-05-01T08:00:00Z
little_sprout,Little Sprout,Baby,market_square,Market Square,units_sold,Units Sold,2026-05-01,2026-05-31,2026-05,historical,16539933,units,,2026-06-01T08:00:00Z
little_sprout,Little Sprout,Baby,market_square,Market Square,units_sold,Units Sold,2026-06-01,2026-06-30,2026-06,mtd,2312257,units,2026-06-04T09:00:00Z,2026-06-04T09:05:00Z
little_sprout,Little Sprout,Baby,market_square,Market Square,units_sold,Units Sold,2026-06-01,2026-06-30,2026-06,mtd,2421598,units,2026-06-04T13:00:00Z,2026-06-04T13:05:00Z
little_sprout,Little Sprout,Baby,market_square,Market Square,units_sold,Units Sold,2026-06-01,2026-06-30,2026-06,mtd,2474780,units,2026-06-04T17:00:00Z,2026-06-04T17:05:00Z
little_sprout,Little Sprout,Baby,market_square,Market Square,asp,ASP,2025-05-01,2025-05-31,2025-05,historical,122.16,USD,,2025-06-01T08:00:00Z
little_sprout,Little Sprout,Baby,market_square,Market Square,asp,ASP,2025-06-01,2025-06-30,2025-06,historical,126.56,USD,,2025-07-01T08:00:00Z
little_sprout,Little Sprout,Baby,market_square,Market Square,asp,ASP,2025-07-01,2025-07-31,2025-07,historical,109.47,USD,,2025-08-01T08:00:00Z
little_sprout,Little Sprout,Baby,market_square,Market Square,asp,ASP,2025-08-01,2025-08-31,2025-08,historical,109.47,USD,,2025-09-01T08:00:00Z
little_sprout,Little Sprout,Baby,market_square,Market Square,asp,ASP,2025-09-01,2025-09-30,2025-09,historical,106.37,USD,,2025-10-01T08:00:00Z
little_sprout,Little Sprout,Baby,market_square,Market Square,asp,ASP,2025-10-01,2025-10-31,2025-10,historical,105.73,USD,,2025-11-01T08:00:00Z
little_sprout,Little Sprout,Baby,market_square,Market Square,asp,ASP,2025-11-01,2025-11-30,2025-11,historical,116.52,USD,,2025-12-01T08:00:00Z
little_sprout,Little Sprout,Baby,market_square,Market Square,asp,ASP,2025-12-01,2025-12-31,2025-12,historical,111.93,USD,,2026-01-01T08:00:00Z
little_sprout,Little Sprout,Baby,market_square,Market Square,asp,ASP,2026-01-01,2026-01-31,2026-01,historical,124.00,USD,,2026-02-01T08:00:00Z
little_sprout,Little Sprout,Baby,market_square,Market Square,asp,ASP,2026-02-01,2026-02-28,2026-02,historical,120.00,USD,,2026-03-01T08:00:00Z
little_sprout,Little Sprout,Baby,market_square,Market Square,asp,ASP,2026-03-01,2026-03-31,2026-03,historical,126.86,USD,,2026-04-01T08:00:00Z
little_sprout,Little Sprout,Baby,market_square,Market Square,asp,ASP,2026-04-01,2026-04-30,2026-04,historical,137.82,USD,,2026-05-01T08:00:00Z
little_sprout,Little Sprout,Baby,market_square,Market Square,asp,ASP,2026-05-01,2026-05-31,2026-05,historical,129.14,USD,,2026-06-01T08:00:00Z
little_sprout,Little Sprout,Baby,market_square,Market Square,asp,ASP,2026-06-01,2026-06-30,2026-06,mtd,127.70,USD,2026-06-04T09:00:00Z,2026-06-04T09:05:00Z
little_sprout,Little Sprout,Baby,market_square,Market Square,asp,ASP,2026-06-01,2026-06-30,2026-06,mtd,128.65,USD,2026-06-04T13:00:00Z,2026-06-04T13:05:00Z
little_sprout,Little Sprout,Baby,market_square,Market Square,asp,ASP,2026-06-01,2026-06-30,2026-06,mtd,128.20,USD,2026-06-04T17:00:00Z,2026-06-04T17:05:00Z
little_sprout,Little Sprout,Baby,value_hub,Value Hub,gmv,GMV,2025-05-01,2025-05-31,2025-05,historical,520281248.84,USD,,2025-06-01T08:00:00Z
little_sprout,Little Sprout,Baby,value_hub,Value Hub,gmv,GMV,2025-06-01,2025-06-30,2025-06,historical,484051367.20,USD,,2025-07-01T08:00:00Z
little_sprout,Little Sprout,Baby,value_hub,Value Hub,gmv,GMV,2025-07-01,2025-07-31,2025-07,historical,498861683.38,USD,,2025-08-01T08:00:00Z
little_sprout,Little Sprout,Baby,value_hub,Value Hub,gmv,GMV,2025-08-01,2025-08-31,2025-08,historical,451224977.66,USD,,2025-09-01T08:00:00Z
little_sprout,Little Sprout,Baby,value_hub,Value Hub,gmv,GMV,2025-09-01,2025-09-30,2025-09,historical,433099492.01,USD,,2025-10-01T08:00:00Z
little_sprout,Little Sprout,Baby,value_hub,Value Hub,gmv,GMV,2025-10-01,2025-10-31,2025-10,historical,462484887.33,USD,,2025-11-01T08:00:00Z
little_sprout,Little Sprout,Baby,value_hub,Value Hub,gmv,GMV,2025-11-01,2025-11-30,2025-11,historical,483271714.98,USD,,2025-12-01T08:00:00Z
little_sprout,Little Sprout,Baby,value_hub,Value Hub,gmv,GMV,2025-12-01,2025-12-31,2025-12,historical,460915956.03,USD,,2026-01-01T08:00:00Z
little_sprout,Little Sprout,Baby,value_hub,Value Hub,gmv,GMV,2026-01-01,2026-01-31,2026-01,historical,502973960.25,USD,,2026-02-01T08:00:00Z
little_sprout,Little Sprout,Baby,value_hub,Value Hub,gmv,GMV,2026-02-01,2026-02-28,2026-02,historical,545317319.33,USD,,2026-03-01T08:00:00Z
little_sprout,Little Sprout,Baby,value_hub,Value Hub,gmv,GMV,2026-03-01,2026-03-31,2026-03,historical,546783517.82,USD,,2026-04-01T08:00:00Z
little_sprout,Little Sprout,Baby,value_hub,Value Hub,gmv,GMV,2026-04-01,2026-04-30,2026-04,historical,537085681.32,USD,,2026-05-01T08:00:00Z
little_sprout,Little Sprout,Baby,value_hub,Value Hub,gmv,GMV,2026-05-01,2026-05-31,2026-05,historical,516750442.58,USD,,2026-06-01T08:00:00Z
little_sprout,Little Sprout,Baby,value_hub,Value Hub,gmv,GMV,2026-06-01,2026-06-30,2026-06,mtd,77005510.50,USD,2026-06-04T09:00:00Z,2026-06-04T09:05:00Z
little_sprout,Little Sprout,Baby,value_hub,Value Hub,gmv,GMV,2026-06-01,2026-06-30,2026-06,mtd,80512130.06,USD,2026-06-04T13:00:00Z,2026-06-04T13:05:00Z
little_sprout,Little Sprout,Baby,value_hub,Value Hub,gmv,GMV,2026-06-01,2026-06-30,2026-06,mtd,82346146.38,USD,2026-06-04T17:00:00Z,2026-06-04T17:05:00Z
little_sprout,Little Sprout,Baby,value_hub,Value Hub,units_sold,Units Sold,2025-05-01,2025-05-31,2025-05,historical,17099453,units,,2025-06-01T08:00:00Z
little_sprout,Little Sprout,Baby,value_hub,Value Hub,units_sold,Units Sold,2025-06-01,2025-06-30,2025-06,historical,17018796,units,,2025-07-01T08:00:00Z
little_sprout,Little Sprout,Baby,value_hub,Value Hub,units_sold,Units Sold,2025-07-01,2025-07-31,2025-07,historical,16145779,units,,2025-08-01T08:00:00Z
little_sprout,Little Sprout,Baby,value_hub,Value Hub,units_sold,Units Sold,2025-08-01,2025-08-31,2025-08,historical,15028873,units,,2025-09-01T08:00:00Z
little_sprout,Little Sprout,Baby,value_hub,Value Hub,units_sold,Units Sold,2025-09-01,2025-09-30,2025-09,historical,15135265,units,,2025-10-01T08:00:00Z
little_sprout,Little Sprout,Baby,value_hub,Value Hub,units_sold,Units Sold,2025-10-01,2025-10-31,2025-10,historical,15783643,units,,2025-11-01T08:00:00Z
little_sprout,Little Sprout,Baby,value_hub,Value Hub,units_sold,Units Sold,2025-11-01,2025-11-30,2025-11,historical,15836483,units,,2025-12-01T08:00:00Z
little_sprout,Little Sprout,Baby,value_hub,Value Hub,units_sold,Units Sold,2025-12-01,2025-12-31,2025-12,historical,15967589,units,,2026-01-01T08:00:00Z
little_sprout,Little Sprout,Baby,value_hub,Value Hub,units_sold,Units Sold,2026-01-01,2026-01-31,2026-01,historical,17392863,units,,2026-02-01T08:00:00Z
little_sprout,Little Sprout,Baby,value_hub,Value Hub,units_sold,Units Sold,2026-02-01,2026-02-28,2026-02,historical,17755710,units,,2026-03-01T08:00:00Z
little_sprout,Little Sprout,Baby,value_hub,Value Hub,units_sold,Units Sold,2026-03-01,2026-03-31,2026-03,historical,17998475,units,,2026-04-01T08:00:00Z
little_sprout,Little Sprout,Baby,value_hub,Value Hub,units_sold,Units Sold,2026-04-01,2026-04-30,2026-04,historical,18974407,units,,2026-05-01T08:00:00Z
little_sprout,Little Sprout,Baby,value_hub,Value Hub,units_sold,Units Sold,2026-05-01,2026-05-31,2026-05,historical,18875515,units,,2026-06-01T08:00:00Z
little_sprout,Little Sprout,Baby,value_hub,Value Hub,units_sold,Units Sold,2026-06-01,2026-06-30,2026-06,mtd,2697124,units,2026-06-04T09:00:00Z,2026-06-04T09:05:00Z
little_sprout,Little Sprout,Baby,value_hub,Value Hub,units_sold,Units Sold,2026-06-01,2026-06-30,2026-06,mtd,2860192,units,2026-06-04T13:00:00Z,2026-06-04T13:05:00Z
little_sprout,Little Sprout,Baby,value_hub,Value Hub,units_sold,Units Sold,2026-06-01,2026-06-30,2026-06,mtd,2897187,units,2026-06-04T17:00:00Z,2026-06-04T17:05:00Z
little_sprout,Little Sprout,Baby,value_hub,Value Hub,asp,ASP,2025-05-01,2025-05-31,2025-05,historical,154.51,USD,,2025-06-01T08:00:00Z
little_sprout,Little Sprout,Baby,value_hub,Value Hub,asp,ASP,2025-06-01,2025-06-30,2025-06,historical,143.27,USD,,2025-07-01T08:00:00Z
little_sprout,Little Sprout,Baby,value_hub,Value Hub,asp,ASP,2025-07-01,2025-07-31,2025-07,historical,139.77,USD,,2025-08-01T08:00:00Z
little_sprout,Little Sprout,Baby,value_hub,Value Hub,asp,ASP,2025-08-01,2025-08-31,2025-08,historical,134.36,USD,,2025-09-01T08:00:00Z
little_sprout,Little Sprout,Baby,value_hub,Value Hub,asp,ASP,2025-09-01,2025-09-30,2025-09,historical,138.15,USD,,2025-10-01T08:00:00Z
little_sprout,Little Sprout,Baby,value_hub,Value Hub,asp,ASP,2025-10-01,2025-10-31,2025-10,historical,129.34,USD,,2025-11-01T08:00:00Z
little_sprout,Little Sprout,Baby,value_hub,Value Hub,asp,ASP,2025-11-01,2025-11-30,2025-11,historical,134.97,USD,,2025-12-01T08:00:00Z
little_sprout,Little Sprout,Baby,value_hub,Value Hub,asp,ASP,2025-12-01,2025-12-31,2025-12,historical,143.63,USD,,2026-01-01T08:00:00Z
little_sprout,Little Sprout,Baby,value_hub,Value Hub,asp,ASP,2026-01-01,2026-01-31,2026-01,historical,157.61,USD,,2026-02-01T08:00:00Z
little_sprout,Little Sprout,Baby,value_hub,Value Hub,asp,ASP,2026-02-01,2026-02-28,2026-02,historical,158.09,USD,,2026-03-01T08:00:00Z
little_sprout,Little Sprout,Baby,value_hub,Value Hub,asp,ASP,2026-03-01,2026-03-31,2026-03,historical,167.42,USD,,2026-04-01T08:00:00Z
little_sprout,Little Sprout,Baby,value_hub,Value Hub,asp,ASP,2026-04-01,2026-04-30,2026-04,historical,156.20,USD,,2026-05-01T08:00:00Z
little_sprout,Little Sprout,Baby,value_hub,Value Hub,asp,ASP,2026-05-01,2026-05-31,2026-05,historical,169.51,USD,,2026-06-01T08:00:00Z
little_sprout,Little Sprout,Baby,value_hub,Value Hub,asp,ASP,2026-06-01,2026-06-30,2026-06,mtd,167.69,USD,2026-06-04T09:00:00Z,2026-06-04T09:05:00Z
little_sprout,Little Sprout,Baby,value_hub,Value Hub,asp,ASP,2026-06-01,2026-06-30,2026-06,mtd,168.17,USD,2026-06-04T13:00:00Z,2026-06-04T13:05:00Z
little_sprout,Little Sprout,Baby,value_hub,Value Hub,asp,ASP,2026-06-01,2026-06-30,2026-06,mtd,169.02,USD,2026-06-04T17:00:00Z,2026-06-04T17:05:00Z
bright_play,Bright Play,Toys,family_market,Family Market,gmv,GMV,2025-05-01,2025-05-31,2025-05,historical,817423919.98,USD,,2025-06-01T08:00:00Z
bright_play,Bright Play,Toys,family_market,Family Market,gmv,GMV,2025-06-01,2025-06-30,2025-06,historical,748413664.23,USD,,2025-07-01T08:00:00Z
bright_play,Bright Play,Toys,family_market,Family Market,gmv,GMV,2025-07-01,2025-07-31,2025-07,historical,728262011.98,USD,,2025-08-01T08:00:00Z
bright_play,Bright Play,Toys,family_market,Family Market,gmv,GMV,2025-08-01,2025-08-31,2025-08,historical,750807842.93,USD,,2025-09-01T08:00:00Z
bright_play,Bright Play,Toys,family_market,Family Market,gmv,GMV,2025-09-01,2025-09-30,2025-09,historical,671844240.63,USD,,2025-10-01T08:00:00Z
bright_play,Bright Play,Toys,family_market,Family Market,gmv,GMV,2025-10-01,2025-10-31,2025-10,historical,713238848.43,USD,,2025-11-01T08:00:00Z
bright_play,Bright Play,Toys,family_market,Family Market,gmv,GMV,2025-11-01,2025-11-30,2025-11,historical,732511410.95,USD,,2025-12-01T08:00:00Z
bright_play,Bright Play,Toys,family_market,Family Market,gmv,GMV,2025-12-01,2025-12-31,2025-12,historical,783046648.65,USD,,2026-01-01T08:00:00Z
bright_play,Bright Play,Toys,family_market,Family Market,gmv,GMV,2026-01-01,2026-01-31,2026-01,historical,840170970.77,USD,,2026-02-01T08:00:00Z
bright_play,Bright Play,Toys,family_market,Family Market,gmv,GMV,2026-02-01,2026-02-28,2026-02,historical,784352338.05,USD,,2026-03-01T08:00:00Z
bright_play,Bright Play,Toys,family_market,Family Market,gmv,GMV,2026-03-01,2026-03-31,2026-03,historical,848561837.78,USD,,2026-04-01T08:00:00Z
bright_play,Bright Play,Toys,family_market,Family Market,gmv,GMV,2026-04-01,2026-04-30,2026-04,historical,848432437.06,USD,,2026-05-01T08:00:00Z
bright_play,Bright Play,Toys,family_market,Family Market,gmv,GMV,2026-05-01,2026-05-31,2026-05,historical,920522441.57,USD,,2026-06-01T08:00:00Z
bright_play,Bright Play,Toys,family_market,Family Market,gmv,GMV,2026-06-01,2026-06-30,2026-06,mtd,128910929.07,USD,2026-06-04T09:00:00Z,2026-06-04T09:05:00Z
bright_play,Bright Play,Toys,family_market,Family Market,gmv,GMV,2026-06-01,2026-06-30,2026-06,mtd,134008441.05,USD,2026-06-04T13:00:00Z,2026-06-04T13:05:00Z
bright_play,Bright Play,Toys,family_market,Family Market,gmv,GMV,2026-06-01,2026-06-30,2026-06,mtd,142050905.06,USD,2026-06-04T17:00:00Z,2026-06-04T17:05:00Z
bright_play,Bright Play,Toys,family_market,Family Market,units_sold,Units Sold,2025-05-01,2025-05-31,2025-05,historical,10241294,units,,2025-06-01T08:00:00Z
bright_play,Bright Play,Toys,family_market,Family Market,units_sold,Units Sold,2025-06-01,2025-06-30,2025-06,historical,9227002,units,,2025-07-01T08:00:00Z
bright_play,Bright Play,Toys,family_market,Family Market,units_sold,Units Sold,2025-07-01,2025-07-31,2025-07,historical,9414945,units,,2025-08-01T08:00:00Z
bright_play,Bright Play,Toys,family_market,Family Market,units_sold,Units Sold,2025-08-01,2025-08-31,2025-08,historical,8770877,units,,2025-09-01T08:00:00Z
bright_play,Bright Play,Toys,family_market,Family Market,units_sold,Units Sold,2025-09-01,2025-09-30,2025-09,historical,8380874,units,,2025-10-01T08:00:00Z
bright_play,Bright Play,Toys,family_market,Family Market,units_sold,Units Sold,2025-10-01,2025-10-31,2025-10,historical,8700875,units,,2025-11-01T08:00:00Z
bright_play,Bright Play,Toys,family_market,Family Market,units_sold,Units Sold,2025-11-01,2025-11-30,2025-11,historical,8710101,units,,2025-12-01T08:00:00Z
bright_play,Bright Play,Toys,family_market,Family Market,units_sold,Units Sold,2025-12-01,2025-12-31,2025-12,historical,8908319,units,,2026-01-01T08:00:00Z
bright_play,Bright Play,Toys,family_market,Family Market,units_sold,Units Sold,2026-01-01,2026-01-31,2026-01,historical,9302715,units,,2026-02-01T08:00:00Z
bright_play,Bright Play,Toys,family_market,Family Market,units_sold,Units Sold,2026-02-01,2026-02-28,2026-02,historical,10577242,units,,2026-03-01T08:00:00Z
bright_play,Bright Play,Toys,family_market,Family Market,units_sold,Units Sold,2026-03-01,2026-03-31,2026-03,historical,10436596,units,,2026-04-01T08:00:00Z
bright_play,Bright Play,Toys,family_market,Family Market,units_sold,Units Sold,2026-04-01,2026-04-30,2026-04,historical,11490505,units,,2026-05-01T08:00:00Z
bright_play,Bright Play,Toys,family_market,Family Market,units_sold,Units Sold,2026-05-01,2026-05-31,2026-05,historical,10914361,units,,2026-06-01T08:00:00Z
bright_play,Bright Play,Toys,family_market,Family Market,units_sold,Units Sold,2026-06-01,2026-06-30,2026-06,mtd,1589284,units,2026-06-04T09:00:00Z,2026-06-04T09:05:00Z
bright_play,Bright Play,Toys,family_market,Family Market,units_sold,Units Sold,2026-06-01,2026-06-30,2026-06,mtd,1623545,units,2026-06-04T13:00:00Z,2026-06-04T13:05:00Z
bright_play,Bright Play,Toys,family_market,Family Market,units_sold,Units Sold,2026-06-01,2026-06-30,2026-06,mtd,1697519,units,2026-06-04T17:00:00Z,2026-06-04T17:05:00Z
bright_play,Bright Play,Toys,family_market,Family Market,asp,ASP,2025-05-01,2025-05-31,2025-05,historical,151.79,USD,,2025-06-01T08:00:00Z
bright_play,Bright Play,Toys,family_market,Family Market,asp,ASP,2025-06-01,2025-06-30,2025-06,historical,147.62,USD,,2025-07-01T08:00:00Z
bright_play,Bright Play,Toys,family_market,Family Market,asp,ASP,2025-07-01,2025-07-31,2025-07,historical,135.57,USD,,2025-08-01T08:00:00Z
bright_play,Bright Play,Toys,family_market,Family Market,asp,ASP,2025-08-01,2025-08-31,2025-08,historical,129.27,USD,,2025-09-01T08:00:00Z
bright_play,Bright Play,Toys,family_market,Family Market,asp,ASP,2025-09-01,2025-09-30,2025-09,historical,123.08,USD,,2025-10-01T08:00:00Z
bright_play,Bright Play,Toys,family_market,Family Market,asp,ASP,2025-10-01,2025-10-31,2025-10,historical,133.04,USD,,2025-11-01T08:00:00Z
bright_play,Bright Play,Toys,family_market,Family Market,asp,ASP,2025-11-01,2025-11-30,2025-11,historical,136.35,USD,,2025-12-01T08:00:00Z
bright_play,Bright Play,Toys,family_market,Family Market,asp,ASP,2025-12-01,2025-12-31,2025-12,historical,145.43,USD,,2026-01-01T08:00:00Z
bright_play,Bright Play,Toys,family_market,Family Market,asp,ASP,2026-01-01,2026-01-31,2026-01,historical,136.24,USD,,2026-02-01T08:00:00Z
bright_play,Bright Play,Toys,family_market,Family Market,asp,ASP,2026-02-01,2026-02-28,2026-02,historical,146.77,USD,,2026-03-01T08:00:00Z
bright_play,Bright Play,Toys,family_market,Family Market,asp,ASP,2026-03-01,2026-03-31,2026-03,historical,161.21,USD,,2026-04-01T08:00:00Z
bright_play,Bright Play,Toys,family_market,Family Market,asp,ASP,2026-04-01,2026-04-30,2026-04,historical,151.48,USD,,2026-05-01T08:00:00Z
bright_play,Bright Play,Toys,family_market,Family Market,asp,ASP,2026-05-01,2026-05-31,2026-05,historical,166.64,USD,,2026-06-01T08:00:00Z
bright_play,Bright Play,Toys,family_market,Family Market,asp,ASP,2026-06-01,2026-06-30,2026-06,mtd,164.01,USD,2026-06-04T09:00:00Z,2026-06-04T09:05:00Z
bright_play,Bright Play,Toys,family_market,Family Market,asp,ASP,2026-06-01,2026-06-30,2026-06,mtd,165.96,USD,2026-06-04T13:00:00Z,2026-06-04T13:05:00Z
bright_play,Bright Play,Toys,family_market,Family Market,asp,ASP,2026-06-01,2026-06-30,2026-06,mtd,164.66,USD,2026-06-04T17:00:00Z,2026-06-04T17:05:00Z
bright_play,Bright Play,Toys,market_square,Market Square,gmv,GMV,2025-05-01,2025-05-31,2025-05,historical,363899712.24,USD,,2025-06-01T08:00:00Z
bright_play,Bright Play,Toys,market_square,Market Square,gmv,GMV,2025-06-01,2025-06-30,2025-06,historical,381937513.39,USD,,2025-07-01T08:00:00Z
bright_play,Bright Play,Toys,market_square,Market Square,gmv,GMV,2025-07-01,2025-07-31,2025-07,historical,359523823.61,USD,,2025-08-01T08:00:00Z
bright_play,Bright Play,Toys,market_square,Market Square,gmv,GMV,2025-08-01,2025-08-31,2025-08,historical,372319226.33,USD,,2025-09-01T08:00:00Z
bright_play,Bright Play,Toys,market_square,Market Square,gmv,GMV,2025-09-01,2025-09-30,2025-09,historical,359395462.05,USD,,2025-10-01T08:00:00Z
bright_play,Bright Play,Toys,market_square,Market Square,gmv,GMV,2025-10-01,2025-10-31,2025-10,historical,326318649.81,USD,,2025-11-01T08:00:00Z
bright_play,Bright Play,Toys,market_square,Market Square,gmv,GMV,2025-11-01,2025-11-30,2025-11,historical,332603113.08,USD,,2025-12-01T08:00:00Z
bright_play,Bright Play,Toys,market_square,Market Square,gmv,GMV,2025-12-01,2025-12-31,2025-12,historical,352453578.51,USD,,2026-01-01T08:00:00Z
bright_play,Bright Play,Toys,market_square,Market Square,gmv,GMV,2026-01-01,2026-01-31,2026-01,historical,391263119.89,USD,,2026-02-01T08:00:00Z
bright_play,Bright Play,Toys,market_square,Market Square,gmv,GMV,2026-02-01,2026-02-28,2026-02,historical,404601803.02,USD,,2026-03-01T08:00:00Z
bright_play,Bright Play,Toys,market_square,Market Square,gmv,GMV,2026-03-01,2026-03-31,2026-03,historical,407152451.01,USD,,2026-04-01T08:00:00Z
bright_play,Bright Play,Toys,market_square,Market Square,gmv,GMV,2026-04-01,2026-04-30,2026-04,historical,432169430.20,USD,,2026-05-01T08:00:00Z
bright_play,Bright Play,Toys,market_square,Market Square,gmv,GMV,2026-05-01,2026-05-31,2026-05,historical,436171569.77,USD,,2026-06-01T08:00:00Z
bright_play,Bright Play,Toys,market_square,Market Square,gmv,GMV,2026-06-01,2026-06-30,2026-06,mtd,62605678.61,USD,2026-06-04T09:00:00Z,2026-06-04T09:05:00Z
bright_play,Bright Play,Toys,market_square,Market Square,gmv,GMV,2026-06-01,2026-06-30,2026-06,mtd,64526103.64,USD,2026-06-04T13:00:00Z,2026-06-04T13:05:00Z
bright_play,Bright Play,Toys,market_square,Market Square,gmv,GMV,2026-06-01,2026-06-30,2026-06,mtd,66434899.04,USD,2026-06-04T17:00:00Z,2026-06-04T17:05:00Z
bright_play,Bright Play,Toys,market_square,Market Square,units_sold,Units Sold,2025-05-01,2025-05-31,2025-05,historical,15890996,units,,2025-06-01T08:00:00Z
bright_play,Bright Play,Toys,market_square,Market Square,units_sold,Units Sold,2025-06-01,2025-06-30,2025-06,historical,15890157,units,,2025-07-01T08:00:00Z
bright_play,Bright Play,Toys,market_square,Market Square,units_sold,Units Sold,2025-07-01,2025-07-31,2025-07,historical,14769952,units,,2025-08-01T08:00:00Z
bright_play,Bright Play,Toys,market_square,Market Square,units_sold,Units Sold,2025-08-01,2025-08-31,2025-08,historical,13539446,units,,2025-09-01T08:00:00Z
bright_play,Bright Play,Toys,market_square,Market Square,units_sold,Units Sold,2025-09-01,2025-09-30,2025-09,historical,14098356,units,,2025-10-01T08:00:00Z
bright_play,Bright Play,Toys,market_square,Market Square,units_sold,Units Sold,2025-10-01,2025-10-31,2025-10,historical,13928312,units,,2025-11-01T08:00:00Z
bright_play,Bright Play,Toys,market_square,Market Square,units_sold,Units Sold,2025-11-01,2025-11-30,2025-11,historical,14830976,units,,2025-12-01T08:00:00Z
bright_play,Bright Play,Toys,market_square,Market Square,units_sold,Units Sold,2025-12-01,2025-12-31,2025-12,historical,14335411,units,,2026-01-01T08:00:00Z
bright_play,Bright Play,Toys,market_square,Market Square,units_sold,Units Sold,2026-01-01,2026-01-31,2026-01,historical,15547879,units,,2026-02-01T08:00:00Z
bright_play,Bright Play,Toys,market_square,Market Square,units_sold,Units Sold,2026-02-01,2026-02-28,2026-02,historical,15450617,units,,2026-03-01T08:00:00Z
bright_play,Bright Play,Toys,market_square,Market Square,units_sold,Units Sold,2026-03-01,2026-03-31,2026-03,historical,15708980,units,,2026-04-01T08:00:00Z
bright_play,Bright Play,Toys,market_square,Market Square,units_sold,Units Sold,2026-04-01,2026-04-30,2026-04,historical,17886412,units,,2026-05-01T08:00:00Z
bright_play,Bright Play,Toys,market_square,Market Square,units_sold,Units Sold,2026-05-01,2026-05-31,2026-05,historical,17286293,units,,2026-06-01T08:00:00Z
bright_play,Bright Play,Toys,market_square,Market Square,units_sold,Units Sold,2026-06-01,2026-06-30,2026-06,mtd,2336555,units,2026-06-04T09:00:00Z,2026-06-04T09:05:00Z
bright_play,Bright Play,Toys,market_square,Market Square,units_sold,Units Sold,2026-06-01,2026-06-30,2026-06,mtd,2431794,units,2026-06-04T13:00:00Z,2026-06-04T13:05:00Z
bright_play,Bright Play,Toys,market_square,Market Square,units_sold,Units Sold,2026-06-01,2026-06-30,2026-06,mtd,2520392,units,2026-06-04T17:00:00Z,2026-06-04T17:05:00Z
bright_play,Bright Play,Toys,market_square,Market Square,asp,ASP,2025-05-01,2025-05-31,2025-05,historical,145.03,USD,,2025-06-01T08:00:00Z
bright_play,Bright Play,Toys,market_square,Market Square,asp,ASP,2025-06-01,2025-06-30,2025-06,historical,137.96,USD,,2025-07-01T08:00:00Z
bright_play,Bright Play,Toys,market_square,Market Square,asp,ASP,2025-07-01,2025-07-31,2025-07,historical,135.99,USD,,2025-08-01T08:00:00Z
bright_play,Bright Play,Toys,market_square,Market Square,asp,ASP,2025-08-01,2025-08-31,2025-08,historical,132.91,USD,,2025-09-01T08:00:00Z
bright_play,Bright Play,Toys,market_square,Market Square,asp,ASP,2025-09-01,2025-09-30,2025-09,historical,130.01,USD,,2025-10-01T08:00:00Z
bright_play,Bright Play,Toys,market_square,Market Square,asp,ASP,2025-10-01,2025-10-31,2025-10,historical,119.31,USD,,2025-11-01T08:00:00Z
bright_play,Bright Play,Toys,market_square,Market Square,asp,ASP,2025-11-01,2025-11-30,2025-11,historical,121.88,USD,,2025-12-01T08:00:00Z
bright_play,Bright Play,Toys,market_square,Market Square,asp,ASP,2025-12-01,2025-12-31,2025-12,historical,126.72,USD,,2026-01-01T08:00:00Z
bright_play,Bright Play,Toys,market_square,Market Square,asp,ASP,2026-01-01,2026-01-31,2026-01,historical,132.62,USD,,2026-02-01T08:00:00Z
bright_play,Bright Play,Toys,market_square,Market Square,asp,ASP,2026-02-01,2026-02-28,2026-02,historical,149.45,USD,,2026-03-01T08:00:00Z
bright_play,Bright Play,Toys,market_square,Market Square,asp,ASP,2026-03-01,2026-03-31,2026-03,historical,144.83,USD,,2026-04-01T08:00:00Z
bright_play,Bright Play,Toys,market_square,Market Square,asp,ASP,2026-04-01,2026-04-30,2026-04,historical,144.15,USD,,2026-05-01T08:00:00Z
bright_play,Bright Play,Toys,market_square,Market Square,asp,ASP,2026-05-01,2026-05-31,2026-05,historical,148.31,USD,,2026-06-01T08:00:00Z
bright_play,Bright Play,Toys,market_square,Market Square,asp,ASP,2026-06-01,2026-06-30,2026-06,mtd,147.47,USD,2026-06-04T09:00:00Z,2026-06-04T09:05:00Z
bright_play,Bright Play,Toys,market_square,Market Square,asp,ASP,2026-06-01,2026-06-30,2026-06,mtd,148.51,USD,2026-06-04T13:00:00Z,2026-06-04T13:05:00Z
bright_play,Bright Play,Toys,market_square,Market Square,asp,ASP,2026-06-01,2026-06-30,2026-06,mtd,149.16,USD,2026-06-04T17:00:00Z,2026-06-04T17:05:00Z
bright_play,Bright Play,Toys,value_hub,Value Hub,gmv,GMV,2025-05-01,2025-05-31,2025-05,historical,643469967.35,USD,,2025-06-01T08:00:00Z
bright_play,Bright Play,Toys,value_hub,Value Hub,gmv,GMV,2025-06-01,2025-06-30,2025-06,historical,632704237.70,USD,,2025-07-01T08:00:00Z
bright_play,Bright Play,Toys,value_hub,Value Hub,gmv,GMV,2025-07-01,2025-07-31,2025-07,historical,599586347.62,USD,,2025-08-01T08:00:00Z
bright_play,Bright Play,Toys,value_hub,Value Hub,gmv,GMV,2025-08-01,2025-08-31,2025-08,historical,588559732.46,USD,,2025-09-01T08:00:00Z
bright_play,Bright Play,Toys,value_hub,Value Hub,gmv,GMV,2025-09-01,2025-09-30,2025-09,historical,573976569.01,USD,,2025-10-01T08:00:00Z
bright_play,Bright Play,Toys,value_hub,Value Hub,gmv,GMV,2025-10-01,2025-10-31,2025-10,historical,604892933.20,USD,,2025-11-01T08:00:00Z
bright_play,Bright Play,Toys,value_hub,Value Hub,gmv,GMV,2025-11-01,2025-11-30,2025-11,historical,588021320.57,USD,,2025-12-01T08:00:00Z
bright_play,Bright Play,Toys,value_hub,Value Hub,gmv,GMV,2025-12-01,2025-12-31,2025-12,historical,611160937.75,USD,,2026-01-01T08:00:00Z
bright_play,Bright Play,Toys,value_hub,Value Hub,gmv,GMV,2026-01-01,2026-01-31,2026-01,historical,630196787.55,USD,,2026-02-01T08:00:00Z
bright_play,Bright Play,Toys,value_hub,Value Hub,gmv,GMV,2026-02-01,2026-02-28,2026-02,historical,727693011.38,USD,,2026-03-01T08:00:00Z
bright_play,Bright Play,Toys,value_hub,Value Hub,gmv,GMV,2026-03-01,2026-03-31,2026-03,historical,726870412.37,USD,,2026-04-01T08:00:00Z
bright_play,Bright Play,Toys,value_hub,Value Hub,gmv,GMV,2026-04-01,2026-04-30,2026-04,historical,683917344.97,USD,,2026-05-01T08:00:00Z
bright_play,Bright Play,Toys,value_hub,Value Hub,gmv,GMV,2026-05-01,2026-05-31,2026-05,historical,718259778.79,USD,,2026-06-01T08:00:00Z
bright_play,Bright Play,Toys,value_hub,Value Hub,gmv,GMV,2026-06-01,2026-06-30,2026-06,mtd,103340875.83,USD,2026-06-04T09:00:00Z,2026-06-04T09:05:00Z
bright_play,Bright Play,Toys,value_hub,Value Hub,gmv,GMV,2026-06-01,2026-06-30,2026-06,mtd,107554573.78,USD,2026-06-04T13:00:00Z,2026-06-04T13:05:00Z
bright_play,Bright Play,Toys,value_hub,Value Hub,gmv,GMV,2026-06-01,2026-06-30,2026-06,mtd,111285271.84,USD,2026-06-04T17:00:00Z,2026-06-04T17:05:00Z
bright_play,Bright Play,Toys,value_hub,Value Hub,units_sold,Units Sold,2025-05-01,2025-05-31,2025-05,historical,16430284,units,,2025-06-01T08:00:00Z
bright_play,Bright Play,Toys,value_hub,Value Hub,units_sold,Units Sold,2025-06-01,2025-06-30,2025-06,historical,15325230,units,,2025-07-01T08:00:00Z
bright_play,Bright Play,Toys,value_hub,Value Hub,units_sold,Units Sold,2025-07-01,2025-07-31,2025-07,historical,15311598,units,,2025-08-01T08:00:00Z
bright_play,Bright Play,Toys,value_hub,Value Hub,units_sold,Units Sold,2025-08-01,2025-08-31,2025-08,historical,14092909,units,,2025-09-01T08:00:00Z
bright_play,Bright Play,Toys,value_hub,Value Hub,units_sold,Units Sold,2025-09-01,2025-09-30,2025-09,historical,14556505,units,,2025-10-01T08:00:00Z
bright_play,Bright Play,Toys,value_hub,Value Hub,units_sold,Units Sold,2025-10-01,2025-10-31,2025-10,historical,13546393,units,,2025-11-01T08:00:00Z
bright_play,Bright Play,Toys,value_hub,Value Hub,units_sold,Units Sold,2025-11-01,2025-11-30,2025-11,historical,14343798,units,,2025-12-01T08:00:00Z
bright_play,Bright Play,Toys,value_hub,Value Hub,units_sold,Units Sold,2025-12-01,2025-12-31,2025-12,historical,15622271,units,,2026-01-01T08:00:00Z
bright_play,Bright Play,Toys,value_hub,Value Hub,units_sold,Units Sold,2026-01-01,2026-01-31,2026-01,historical,16436365,units,,2026-02-01T08:00:00Z
bright_play,Bright Play,Toys,value_hub,Value Hub,units_sold,Units Sold,2026-02-01,2026-02-28,2026-02,historical,16274571,units,,2026-03-01T08:00:00Z
bright_play,Bright Play,Toys,value_hub,Value Hub,units_sold,Units Sold,2026-03-01,2026-03-31,2026-03,historical,17556339,units,,2026-04-01T08:00:00Z
bright_play,Bright Play,Toys,value_hub,Value Hub,units_sold,Units Sold,2026-04-01,2026-04-30,2026-04,historical,16981756,units,,2026-05-01T08:00:00Z
bright_play,Bright Play,Toys,value_hub,Value Hub,units_sold,Units Sold,2026-05-01,2026-05-31,2026-05,historical,17718044,units,,2026-06-01T08:00:00Z
bright_play,Bright Play,Toys,value_hub,Value Hub,units_sold,Units Sold,2026-06-01,2026-06-30,2026-06,mtd,2560004,units,2026-06-04T09:00:00Z,2026-06-04T09:05:00Z
bright_play,Bright Play,Toys,value_hub,Value Hub,units_sold,Units Sold,2026-06-01,2026-06-30,2026-06,mtd,2690322,units,2026-06-04T13:00:00Z,2026-06-04T13:05:00Z
bright_play,Bright Play,Toys,value_hub,Value Hub,units_sold,Units Sold,2026-06-01,2026-06-30,2026-06,mtd,2747103,units,2026-06-04T17:00:00Z,2026-06-04T17:05:00Z
bright_play,Bright Play,Toys,value_hub,Value Hub,asp,ASP,2025-05-01,2025-05-31,2025-05,historical,146.13,USD,,2025-06-01T08:00:00Z
bright_play,Bright Play,Toys,value_hub,Value Hub,asp,ASP,2025-06-01,2025-06-30,2025-06,historical,130.09,USD,,2025-07-01T08:00:00Z
bright_play,Bright Play,Toys,value_hub,Value Hub,asp,ASP,2025-07-01,2025-07-31,2025-07,historical,129.06,USD,,2025-08-01T08:00:00Z
bright_play,Bright Play,Toys,value_hub,Value Hub,asp,ASP,2025-08-01,2025-08-31,2025-08,historical,130.76,USD,,2025-09-01T08:00:00Z
bright_play,Bright Play,Toys,value_hub,Value Hub,asp,ASP,2025-09-01,2025-09-30,2025-09,historical,118.71,USD,,2025-10-01T08:00:00Z
bright_play,Bright Play,Toys,value_hub,Value Hub,asp,ASP,2025-10-01,2025-10-31,2025-10,historical,123.07,USD,,2025-11-01T08:00:00Z
bright_play,Bright Play,Toys,value_hub,Value Hub,asp,ASP,2025-11-01,2025-11-30,2025-11,historical,118.96,USD,,2025-12-01T08:00:00Z
bright_play,Bright Play,Toys,value_hub,Value Hub,asp,ASP,2025-12-01,2025-12-31,2025-12,historical,125.20,USD,,2026-01-01T08:00:00Z
bright_play,Bright Play,Toys,value_hub,Value Hub,asp,ASP,2026-01-01,2026-01-31,2026-01,historical,131.12,USD,,2026-02-01T08:00:00Z
bright_play,Bright Play,Toys,value_hub,Value Hub,asp,ASP,2026-02-01,2026-02-28,2026-02,historical,140.24,USD,,2026-03-01T08:00:00Z
bright_play,Bright Play,Toys,value_hub,Value Hub,asp,ASP,2026-03-01,2026-03-31,2026-03,historical,143.31,USD,,2026-04-01T08:00:00Z
bright_play,Bright Play,Toys,value_hub,Value Hub,asp,ASP,2026-04-01,2026-04-30,2026-04,historical,155.08,USD,,2026-05-01T08:00:00Z
bright_play,Bright Play,Toys,value_hub,Value Hub,asp,ASP,2026-05-01,2026-05-31,2026-05,historical,157.51,USD,,2026-06-01T08:00:00Z
bright_play,Bright Play,Toys,value_hub,Value Hub,asp,ASP,2026-06-01,2026-06-30,2026-06,mtd,156.22,USD,2026-06-04T09:00:00Z,2026-06-04T09:05:00Z
bright_play,Bright Play,Toys,value_hub,Value Hub,asp,ASP,2026-06-01,2026-06-30,2026-06,mtd,155.67,USD,2026-06-04T13:00:00Z,2026-06-04T13:05:00Z
bright_play,Bright Play,Toys,value_hub,Value Hub,asp,ASP,2026-06-01,2026-06-30,2026-06,mtd,154.69,USD,2026-06-04T17:00:00Z,2026-06-04T17:05:00Z
studio_sound,Studio Sound,Electronics,tech_corner,Tech Corner,gmv,GMV,2025-05-01,2025-05-31,2025-05,historical,782792196.24,USD,,2025-06-01T08:00:00Z
studio_sound,Studio Sound,Electronics,tech_corner,Tech Corner,gmv,GMV,2025-06-01,2025-06-30,2025-06,historical,695493274.75,USD,,2025-07-01T08:00:00Z
studio_sound,Studio Sound,Electronics,tech_corner,Tech Corner,gmv,GMV,2025-07-01,2025-07-31,2025-07,historical,731136332.90,USD,,2025-08-01T08:00:00Z
studio_sound,Studio Sound,Electronics,tech_corner,Tech Corner,gmv,GMV,2025-08-01,2025-08-31,2025-08,historical,700785523.84,USD,,2025-09-01T08:00:00Z
studio_sound,Studio Sound,Electronics,tech_corner,Tech Corner,gmv,GMV,2025-09-01,2025-09-30,2025-09,historical,643242090.75,USD,,2025-10-01T08:00:00Z
studio_sound,Studio Sound,Electronics,tech_corner,Tech Corner,gmv,GMV,2025-10-01,2025-10-31,2025-10,historical,648345804.14,USD,,2025-11-01T08:00:00Z
studio_sound,Studio Sound,Electronics,tech_corner,Tech Corner,gmv,GMV,2025-11-01,2025-11-30,2025-11,historical,660224516.31,USD,,2025-12-01T08:00:00Z
studio_sound,Studio Sound,Electronics,tech_corner,Tech Corner,gmv,GMV,2025-12-01,2025-12-31,2025-12,historical,722694206.45,USD,,2026-01-01T08:00:00Z
studio_sound,Studio Sound,Electronics,tech_corner,Tech Corner,gmv,GMV,2026-01-01,2026-01-31,2026-01,historical,702268970.91,USD,,2026-02-01T08:00:00Z
studio_sound,Studio Sound,Electronics,tech_corner,Tech Corner,gmv,GMV,2026-02-01,2026-02-28,2026-02,historical,758027652.26,USD,,2026-03-01T08:00:00Z
studio_sound,Studio Sound,Electronics,tech_corner,Tech Corner,gmv,GMV,2026-03-01,2026-03-31,2026-03,historical,799505740.56,USD,,2026-04-01T08:00:00Z
studio_sound,Studio Sound,Electronics,tech_corner,Tech Corner,gmv,GMV,2026-04-01,2026-04-30,2026-04,historical,774855257.18,USD,,2026-05-01T08:00:00Z
studio_sound,Studio Sound,Electronics,tech_corner,Tech Corner,gmv,GMV,2026-05-01,2026-05-31,2026-05,historical,781205410.74,USD,,2026-06-01T08:00:00Z
studio_sound,Studio Sound,Electronics,tech_corner,Tech Corner,gmv,GMV,2026-06-01,2026-06-30,2026-06,mtd,118839967.70,USD,2026-06-04T09:00:00Z,2026-06-04T09:05:00Z
studio_sound,Studio Sound,Electronics,tech_corner,Tech Corner,gmv,GMV,2026-06-01,2026-06-30,2026-06,mtd,122663893.57,USD,2026-06-04T13:00:00Z,2026-06-04T13:05:00Z
studio_sound,Studio Sound,Electronics,tech_corner,Tech Corner,gmv,GMV,2026-06-01,2026-06-30,2026-06,mtd,128239724.70,USD,2026-06-04T17:00:00Z,2026-06-04T17:05:00Z
studio_sound,Studio Sound,Electronics,tech_corner,Tech Corner,units_sold,Units Sold,2025-05-01,2025-05-31,2025-05,historical,15170087,units,,2025-06-01T08:00:00Z
studio_sound,Studio Sound,Electronics,tech_corner,Tech Corner,units_sold,Units Sold,2025-06-01,2025-06-30,2025-06,historical,14494544,units,,2025-07-01T08:00:00Z
studio_sound,Studio Sound,Electronics,tech_corner,Tech Corner,units_sold,Units Sold,2025-07-01,2025-07-31,2025-07,historical,14525115,units,,2025-08-01T08:00:00Z
studio_sound,Studio Sound,Electronics,tech_corner,Tech Corner,units_sold,Units Sold,2025-08-01,2025-08-31,2025-08,historical,14040695,units,,2025-09-01T08:00:00Z
studio_sound,Studio Sound,Electronics,tech_corner,Tech Corner,units_sold,Units Sold,2025-09-01,2025-09-30,2025-09,historical,13659469,units,,2025-10-01T08:00:00Z
studio_sound,Studio Sound,Electronics,tech_corner,Tech Corner,units_sold,Units Sold,2025-10-01,2025-10-31,2025-10,historical,13055977,units,,2025-11-01T08:00:00Z
studio_sound,Studio Sound,Electronics,tech_corner,Tech Corner,units_sold,Units Sold,2025-11-01,2025-11-30,2025-11,historical,13922865,units,,2025-12-01T08:00:00Z
studio_sound,Studio Sound,Electronics,tech_corner,Tech Corner,units_sold,Units Sold,2025-12-01,2025-12-31,2025-12,historical,14326178,units,,2026-01-01T08:00:00Z
studio_sound,Studio Sound,Electronics,tech_corner,Tech Corner,units_sold,Units Sold,2026-01-01,2026-01-31,2026-01,historical,14491355,units,,2026-02-01T08:00:00Z
studio_sound,Studio Sound,Electronics,tech_corner,Tech Corner,units_sold,Units Sold,2026-02-01,2026-02-28,2026-02,historical,14906238,units,,2026-03-01T08:00:00Z
studio_sound,Studio Sound,Electronics,tech_corner,Tech Corner,units_sold,Units Sold,2026-03-01,2026-03-31,2026-03,historical,16756874,units,,2026-04-01T08:00:00Z
studio_sound,Studio Sound,Electronics,tech_corner,Tech Corner,units_sold,Units Sold,2026-04-01,2026-04-30,2026-04,historical,16157596,units,,2026-05-01T08:00:00Z
studio_sound,Studio Sound,Electronics,tech_corner,Tech Corner,units_sold,Units Sold,2026-05-01,2026-05-31,2026-05,historical,15803071,units,,2026-06-01T08:00:00Z
studio_sound,Studio Sound,Electronics,tech_corner,Tech Corner,units_sold,Units Sold,2026-06-01,2026-06-30,2026-06,mtd,2292475,units,2026-06-04T09:00:00Z,2026-06-04T09:05:00Z
studio_sound,Studio Sound,Electronics,tech_corner,Tech Corner,units_sold,Units Sold,2026-06-01,2026-06-30,2026-06,mtd,2348167,units,2026-06-04T13:00:00Z,2026-06-04T13:05:00Z
studio_sound,Studio Sound,Electronics,tech_corner,Tech Corner,units_sold,Units Sold,2026-06-01,2026-06-30,2026-06,mtd,2425164,units,2026-06-04T17:00:00Z,2026-06-04T17:05:00Z
studio_sound,Studio Sound,Electronics,tech_corner,Tech Corner,asp,ASP,2025-05-01,2025-05-31,2025-05,historical,175.53,USD,,2025-06-01T08:00:00Z
studio_sound,Studio Sound,Electronics,tech_corner,Tech Corner,asp,ASP,2025-06-01,2025-06-30,2025-06,historical,181.21,USD,,2025-07-01T08:00:00Z
studio_sound,Studio Sound,Electronics,tech_corner,Tech Corner,asp,ASP,2025-07-01,2025-07-31,2025-07,historical,171.94,USD,,2025-08-01T08:00:00Z
studio_sound,Studio Sound,Electronics,tech_corner,Tech Corner,asp,ASP,2025-08-01,2025-08-31,2025-08,historical,174.56,USD,,2025-09-01T08:00:00Z
studio_sound,Studio Sound,Electronics,tech_corner,Tech Corner,asp,ASP,2025-09-01,2025-09-30,2025-09,historical,157.79,USD,,2025-10-01T08:00:00Z
studio_sound,Studio Sound,Electronics,tech_corner,Tech Corner,asp,ASP,2025-10-01,2025-10-31,2025-10,historical,162.78,USD,,2025-11-01T08:00:00Z
studio_sound,Studio Sound,Electronics,tech_corner,Tech Corner,asp,ASP,2025-11-01,2025-11-30,2025-11,historical,163.76,USD,,2025-12-01T08:00:00Z
studio_sound,Studio Sound,Electronics,tech_corner,Tech Corner,asp,ASP,2025-12-01,2025-12-31,2025-12,historical,179.64,USD,,2026-01-01T08:00:00Z
studio_sound,Studio Sound,Electronics,tech_corner,Tech Corner,asp,ASP,2026-01-01,2026-01-31,2026-01,historical,178.00,USD,,2026-02-01T08:00:00Z
studio_sound,Studio Sound,Electronics,tech_corner,Tech Corner,asp,ASP,2026-02-01,2026-02-28,2026-02,historical,194.37,USD,,2026-03-01T08:00:00Z
studio_sound,Studio Sound,Electronics,tech_corner,Tech Corner,asp,ASP,2026-03-01,2026-03-31,2026-03,historical,199.45,USD,,2026-04-01T08:00:00Z
studio_sound,Studio Sound,Electronics,tech_corner,Tech Corner,asp,ASP,2026-04-01,2026-04-30,2026-04,historical,209.52,USD,,2026-05-01T08:00:00Z
studio_sound,Studio Sound,Electronics,tech_corner,Tech Corner,asp,ASP,2026-05-01,2026-05-31,2026-05,historical,208.53,USD,,2026-06-01T08:00:00Z
studio_sound,Studio Sound,Electronics,tech_corner,Tech Corner,asp,ASP,2026-06-01,2026-06-30,2026-06,mtd,202.60,USD,2026-06-04T09:00:00Z,2026-06-04T09:05:00Z
studio_sound,Studio Sound,Electronics,tech_corner,Tech Corner,asp,ASP,2026-06-01,2026-06-30,2026-06,mtd,206.79,USD,2026-06-04T13:00:00Z,2026-06-04T13:05:00Z
studio_sound,Studio Sound,Electronics,tech_corner,Tech Corner,asp,ASP,2026-06-01,2026-06-30,2026-06,mtd,208.62,USD,2026-06-04T17:00:00Z,2026-06-04T17:05:00Z
studio_sound,Studio Sound,Electronics,market_square,Market Square,gmv,GMV,2025-05-01,2025-05-31,2025-05,historical,500794694.48,USD,,2025-06-01T08:00:00Z
studio_sound,Studio Sound,Electronics,market_square,Market Square,gmv,GMV,2025-06-01,2025-06-30,2025-06,historical,498453614.81,USD,,2025-07-01T08:00:00Z
studio_sound,Studio Sound,Electronics,market_square,Market Square,gmv,GMV,2025-07-01,2025-07-31,2025-07,historical,444471656.78,USD,,2025-08-01T08:00:00Z
studio_sound,Studio Sound,Electronics,market_square,Market Square,gmv,GMV,2025-08-01,2025-08-31,2025-08,historical,463521058.04,USD,,2025-09-01T08:00:00Z
studio_sound,Studio Sound,Electronics,market_square,Market Square,gmv,GMV,2025-09-01,2025-09-30,2025-09,historical,449774749.06,USD,,2025-10-01T08:00:00Z
studio_sound,Studio Sound,Electronics,market_square,Market Square,gmv,GMV,2025-10-01,2025-10-31,2025-10,historical,416472361.98,USD,,2025-11-01T08:00:00Z
studio_sound,Studio Sound,Electronics,market_square,Market Square,gmv,GMV,2025-11-01,2025-11-30,2025-11,historical,442902993.21,USD,,2025-12-01T08:00:00Z
studio_sound,Studio Sound,Electronics,market_square,Market Square,gmv,GMV,2025-12-01,2025-12-31,2025-12,historical,447042684.56,USD,,2026-01-01T08:00:00Z
studio_sound,Studio Sound,Electronics,market_square,Market Square,gmv,GMV,2026-01-01,2026-01-31,2026-01,historical,495984769.77,USD,,2026-02-01T08:00:00Z
studio_sound,Studio Sound,Electronics,market_square,Market Square,gmv,GMV,2026-02-01,2026-02-28,2026-02,historical,476797060.41,USD,,2026-03-01T08:00:00Z
studio_sound,Studio Sound,Electronics,market_square,Market Square,gmv,GMV,2026-03-01,2026-03-31,2026-03,historical,537171380.44,USD,,2026-04-01T08:00:00Z
studio_sound,Studio Sound,Electronics,market_square,Market Square,gmv,GMV,2026-04-01,2026-04-30,2026-04,historical,550050305.78,USD,,2026-05-01T08:00:00Z
studio_sound,Studio Sound,Electronics,market_square,Market Square,gmv,GMV,2026-05-01,2026-05-31,2026-05,historical,551817584.09,USD,,2026-06-01T08:00:00Z
studio_sound,Studio Sound,Electronics,market_square,Market Square,gmv,GMV,2026-06-01,2026-06-30,2026-06,mtd,74899281.04,USD,2026-06-04T09:00:00Z,2026-06-04T09:05:00Z
studio_sound,Studio Sound,Electronics,market_square,Market Square,gmv,GMV,2026-06-01,2026-06-30,2026-06,mtd,77835519.67,USD,2026-06-04T13:00:00Z,2026-06-04T13:05:00Z
studio_sound,Studio Sound,Electronics,market_square,Market Square,gmv,GMV,2026-06-01,2026-06-30,2026-06,mtd,79960757.36,USD,2026-06-04T17:00:00Z,2026-06-04T17:05:00Z
studio_sound,Studio Sound,Electronics,market_square,Market Square,units_sold,Units Sold,2025-05-01,2025-05-31,2025-05,historical,10787521,units,,2025-06-01T08:00:00Z
studio_sound,Studio Sound,Electronics,market_square,Market Square,units_sold,Units Sold,2025-06-01,2025-06-30,2025-06,historical,11216503,units,,2025-07-01T08:00:00Z
studio_sound,Studio Sound,Electronics,market_square,Market Square,units_sold,Units Sold,2025-07-01,2025-07-31,2025-07,historical,10464288,units,,2025-08-01T08:00:00Z
studio_sound,Studio Sound,Electronics,market_square,Market Square,units_sold,Units Sold,2025-08-01,2025-08-31,2025-08,historical,9578330,units,,2025-09-01T08:00:00Z
studio_sound,Studio Sound,Electronics,market_square,Market Square,units_sold,Units Sold,2025-09-01,2025-09-30,2025-09,historical,9840142,units,,2025-10-01T08:00:00Z
studio_sound,Studio Sound,Electronics,market_square,Market Square,units_sold,Units Sold,2025-10-01,2025-10-31,2025-10,historical,10094961,units,,2025-11-01T08:00:00Z
studio_sound,Studio Sound,Electronics,market_square,Market Square,units_sold,Units Sold,2025-11-01,2025-11-30,2025-11,historical,9348199,units,,2025-12-01T08:00:00Z
studio_sound,Studio Sound,Electronics,market_square,Market Square,units_sold,Units Sold,2025-12-01,2025-12-31,2025-12,historical,10191292,units,,2026-01-01T08:00:00Z
studio_sound,Studio Sound,Electronics,market_square,Market Square,units_sold,Units Sold,2026-01-01,2026-01-31,2026-01,historical,10457580,units,,2026-02-01T08:00:00Z
studio_sound,Studio Sound,Electronics,market_square,Market Square,units_sold,Units Sold,2026-02-01,2026-02-28,2026-02,historical,10907217,units,,2026-03-01T08:00:00Z
studio_sound,Studio Sound,Electronics,market_square,Market Square,units_sold,Units Sold,2026-03-01,2026-03-31,2026-03,historical,12276065,units,,2026-04-01T08:00:00Z
studio_sound,Studio Sound,Electronics,market_square,Market Square,units_sold,Units Sold,2026-04-01,2026-04-30,2026-04,historical,12240679,units,,2026-05-01T08:00:00Z
studio_sound,Studio Sound,Electronics,market_square,Market Square,units_sold,Units Sold,2026-05-01,2026-05-31,2026-05,historical,12294532,units,,2026-06-01T08:00:00Z
studio_sound,Studio Sound,Electronics,market_square,Market Square,units_sold,Units Sold,2026-06-01,2026-06-30,2026-06,mtd,1714978,units,2026-06-04T09:00:00Z,2026-06-04T09:05:00Z
studio_sound,Studio Sound,Electronics,market_square,Market Square,units_sold,Units Sold,2026-06-01,2026-06-30,2026-06,mtd,1753821,units,2026-06-04T13:00:00Z,2026-06-04T13:05:00Z
studio_sound,Studio Sound,Electronics,market_square,Market Square,units_sold,Units Sold,2026-06-01,2026-06-30,2026-06,mtd,1810399,units,2026-06-04T17:00:00Z,2026-06-04T17:05:00Z
studio_sound,Studio Sound,Electronics,market_square,Market Square,asp,ASP,2025-05-01,2025-05-31,2025-05,historical,198.23,USD,,2025-06-01T08:00:00Z
studio_sound,Studio Sound,Electronics,market_square,Market Square,asp,ASP,2025-06-01,2025-06-30,2025-06,historical,187.69,USD,,2025-07-01T08:00:00Z
studio_sound,Studio Sound,Electronics,market_square,Market Square,asp,ASP,2025-07-01,2025-07-31,2025-07,historical,185.93,USD,,2025-08-01T08:00:00Z
studio_sound,Studio Sound,Electronics,market_square,Market Square,asp,ASP,2025-08-01,2025-08-31,2025-08,historical,181.46,USD,,2025-09-01T08:00:00Z
studio_sound,Studio Sound,Electronics,market_square,Market Square,asp,ASP,2025-09-01,2025-09-30,2025-09,historical,177.09,USD,,2025-10-01T08:00:00Z
studio_sound,Studio Sound,Electronics,market_square,Market Square,asp,ASP,2025-10-01,2025-10-31,2025-10,historical,184.58,USD,,2025-11-01T08:00:00Z
studio_sound,Studio Sound,Electronics,market_square,Market Square,asp,ASP,2025-11-01,2025-11-30,2025-11,historical,171.63,USD,,2025-12-01T08:00:00Z
studio_sound,Studio Sound,Electronics,market_square,Market Square,asp,ASP,2025-12-01,2025-12-31,2025-12,historical,175.02,USD,,2026-01-01T08:00:00Z
studio_sound,Studio Sound,Electronics,market_square,Market Square,asp,ASP,2026-01-01,2026-01-31,2026-01,historical,205.14,USD,,2026-02-01T08:00:00Z
studio_sound,Studio Sound,Electronics,market_square,Market Square,asp,ASP,2026-02-01,2026-02-28,2026-02,historical,193.72,USD,,2026-03-01T08:00:00Z
studio_sound,Studio Sound,Electronics,market_square,Market Square,asp,ASP,2026-03-01,2026-03-31,2026-03,historical,212.96,USD,,2026-04-01T08:00:00Z
studio_sound,Studio Sound,Electronics,market_square,Market Square,asp,ASP,2026-04-01,2026-04-30,2026-04,historical,209.56,USD,,2026-05-01T08:00:00Z
studio_sound,Studio Sound,Electronics,market_square,Market Square,asp,ASP,2026-05-01,2026-05-31,2026-05,historical,213.01,USD,,2026-06-01T08:00:00Z
studio_sound,Studio Sound,Electronics,market_square,Market Square,asp,ASP,2026-06-01,2026-06-30,2026-06,mtd,212.42,USD,2026-06-04T09:00:00Z,2026-06-04T09:05:00Z
studio_sound,Studio Sound,Electronics,market_square,Market Square,asp,ASP,2026-06-01,2026-06-30,2026-06,mtd,211.21,USD,2026-06-04T13:00:00Z,2026-06-04T13:05:00Z
studio_sound,Studio Sound,Electronics,market_square,Market Square,asp,ASP,2026-06-01,2026-06-30,2026-06,mtd,212.11,USD,2026-06-04T17:00:00Z,2026-06-04T17:05:00Z
studio_sound,Studio Sound,Electronics,value_hub,Value Hub,gmv,GMV,2025-05-01,2025-05-31,2025-05,historical,679633981.50,USD,,2025-06-01T08:00:00Z
studio_sound,Studio Sound,Electronics,value_hub,Value Hub,gmv,GMV,2025-06-01,2025-06-30,2025-06,historical,679750066.44,USD,,2025-07-01T08:00:00Z
studio_sound,Studio Sound,Electronics,value_hub,Value Hub,gmv,GMV,2025-07-01,2025-07-31,2025-07,historical,644601843.30,USD,,2025-08-01T08:00:00Z
studio_sound,Studio Sound,Electronics,value_hub,Value Hub,gmv,GMV,2025-08-01,2025-08-31,2025-08,historical,659406788.36,USD,,2025-09-01T08:00:00Z
studio_sound,Studio Sound,Electronics,value_hub,Value Hub,gmv,GMV,2025-09-01,2025-09-30,2025-09,historical,629530440.97,USD,,2025-10-01T08:00:00Z
studio_sound,Studio Sound,Electronics,value_hub,Value Hub,gmv,GMV,2025-10-01,2025-10-31,2025-10,historical,582666965.13,USD,,2025-11-01T08:00:00Z
studio_sound,Studio Sound,Electronics,value_hub,Value Hub,gmv,GMV,2025-11-01,2025-11-30,2025-11,historical,614545722.00,USD,,2025-12-01T08:00:00Z
studio_sound,Studio Sound,Electronics,value_hub,Value Hub,gmv,GMV,2025-12-01,2025-12-31,2025-12,historical,660266323.72,USD,,2026-01-01T08:00:00Z
studio_sound,Studio Sound,Electronics,value_hub,Value Hub,gmv,GMV,2026-01-01,2026-01-31,2026-01,historical,689915077.99,USD,,2026-02-01T08:00:00Z
studio_sound,Studio Sound,Electronics,value_hub,Value Hub,gmv,GMV,2026-02-01,2026-02-28,2026-02,historical,679157843.33,USD,,2026-03-01T08:00:00Z
studio_sound,Studio Sound,Electronics,value_hub,Value Hub,gmv,GMV,2026-03-01,2026-03-31,2026-03,historical,749442025.20,USD,,2026-04-01T08:00:00Z
studio_sound,Studio Sound,Electronics,value_hub,Value Hub,gmv,GMV,2026-04-01,2026-04-30,2026-04,historical,723399132.16,USD,,2026-05-01T08:00:00Z
studio_sound,Studio Sound,Electronics,value_hub,Value Hub,gmv,GMV,2026-05-01,2026-05-31,2026-05,historical,748418606.76,USD,,2026-06-01T08:00:00Z
studio_sound,Studio Sound,Electronics,value_hub,Value Hub,gmv,GMV,2026-06-01,2026-06-30,2026-06,mtd,115827610.40,USD,2026-06-04T09:00:00Z,2026-06-04T09:05:00Z
studio_sound,Studio Sound,Electronics,value_hub,Value Hub,gmv,GMV,2026-06-01,2026-06-30,2026-06,mtd,119823283.90,USD,2026-06-04T13:00:00Z,2026-06-04T13:05:00Z
studio_sound,Studio Sound,Electronics,value_hub,Value Hub,gmv,GMV,2026-06-01,2026-06-30,2026-06,mtd,122383807.33,USD,2026-06-04T17:00:00Z,2026-06-04T17:05:00Z
studio_sound,Studio Sound,Electronics,value_hub,Value Hub,units_sold,Units Sold,2025-05-01,2025-05-31,2025-05,historical,15534369,units,,2025-06-01T08:00:00Z
studio_sound,Studio Sound,Electronics,value_hub,Value Hub,units_sold,Units Sold,2025-06-01,2025-06-30,2025-06,historical,15324452,units,,2025-07-01T08:00:00Z
studio_sound,Studio Sound,Electronics,value_hub,Value Hub,units_sold,Units Sold,2025-07-01,2025-07-31,2025-07,historical,14682261,units,,2025-08-01T08:00:00Z
studio_sound,Studio Sound,Electronics,value_hub,Value Hub,units_sold,Units Sold,2025-08-01,2025-08-31,2025-08,historical,14245908,units,,2025-09-01T08:00:00Z
studio_sound,Studio Sound,Electronics,value_hub,Value Hub,units_sold,Units Sold,2025-09-01,2025-09-30,2025-09,historical,14027243,units,,2025-10-01T08:00:00Z
studio_sound,Studio Sound,Electronics,value_hub,Value Hub,units_sold,Units Sold,2025-10-01,2025-10-31,2025-10,historical,12981540,units,,2025-11-01T08:00:00Z
studio_sound,Studio Sound,Electronics,value_hub,Value Hub,units_sold,Units Sold,2025-11-01,2025-11-30,2025-11,historical,14594212,units,,2025-12-01T08:00:00Z
studio_sound,Studio Sound,Electronics,value_hub,Value Hub,units_sold,Units Sold,2025-12-01,2025-12-31,2025-12,historical,14986380,units,,2026-01-01T08:00:00Z
studio_sound,Studio Sound,Electronics,value_hub,Value Hub,units_sold,Units Sold,2026-01-01,2026-01-31,2026-01,historical,14935538,units,,2026-02-01T08:00:00Z
studio_sound,Studio Sound,Electronics,value_hub,Value Hub,units_sold,Units Sold,2026-02-01,2026-02-28,2026-02,historical,15137866,units,,2026-03-01T08:00:00Z
studio_sound,Studio Sound,Electronics,value_hub,Value Hub,units_sold,Units Sold,2026-03-01,2026-03-31,2026-03,historical,15647412,units,,2026-04-01T08:00:00Z
studio_sound,Studio Sound,Electronics,value_hub,Value Hub,units_sold,Units Sold,2026-04-01,2026-04-30,2026-04,historical,17310911,units,,2026-05-01T08:00:00Z
studio_sound,Studio Sound,Electronics,value_hub,Value Hub,units_sold,Units Sold,2026-05-01,2026-05-31,2026-05,historical,15913377,units,,2026-06-01T08:00:00Z
studio_sound,Studio Sound,Electronics,value_hub,Value Hub,units_sold,Units Sold,2026-06-01,2026-06-30,2026-06,mtd,2525576,units,2026-06-04T09:00:00Z,2026-06-04T09:05:00Z
studio_sound,Studio Sound,Electronics,value_hub,Value Hub,units_sold,Units Sold,2026-06-01,2026-06-30,2026-06,mtd,2611336,units,2026-06-04T13:00:00Z,2026-06-04T13:05:00Z
studio_sound,Studio Sound,Electronics,value_hub,Value Hub,units_sold,Units Sold,2026-06-01,2026-06-30,2026-06,mtd,2671161,units,2026-06-04T17:00:00Z,2026-06-04T17:05:00Z
studio_sound,Studio Sound,Electronics,value_hub,Value Hub,asp,ASP,2025-05-01,2025-05-31,2025-05,historical,168.45,USD,,2025-06-01T08:00:00Z
studio_sound,Studio Sound,Electronics,value_hub,Value Hub,asp,ASP,2025-06-01,2025-06-30,2025-06,historical,174.05,USD,,2025-07-01T08:00:00Z
studio_sound,Studio Sound,Electronics,value_hub,Value Hub,asp,ASP,2025-07-01,2025-07-31,2025-07,historical,164.66,USD,,2025-08-01T08:00:00Z
studio_sound,Studio Sound,Electronics,value_hub,Value Hub,asp,ASP,2025-08-01,2025-08-31,2025-08,historical,174.35,USD,,2025-09-01T08:00:00Z
studio_sound,Studio Sound,Electronics,value_hub,Value Hub,asp,ASP,2025-09-01,2025-09-30,2025-09,historical,154.55,USD,,2025-10-01T08:00:00Z
studio_sound,Studio Sound,Electronics,value_hub,Value Hub,asp,ASP,2025-10-01,2025-10-31,2025-10,historical,158.95,USD,,2025-11-01T08:00:00Z
studio_sound,Studio Sound,Electronics,value_hub,Value Hub,asp,ASP,2025-11-01,2025-11-30,2025-11,historical,156.32,USD,,2025-12-01T08:00:00Z
studio_sound,Studio Sound,Electronics,value_hub,Value Hub,asp,ASP,2025-12-01,2025-12-31,2025-12,historical,160.58,USD,,2026-01-01T08:00:00Z
studio_sound,Studio Sound,Electronics,value_hub,Value Hub,asp,ASP,2026-01-01,2026-01-31,2026-01,historical,185.15,USD,,2026-02-01T08:00:00Z
studio_sound,Studio Sound,Electronics,value_hub,Value Hub,asp,ASP,2026-02-01,2026-02-28,2026-02,historical,197.21,USD,,2026-03-01T08:00:00Z
studio_sound,Studio Sound,Electronics,value_hub,Value Hub,asp,ASP,2026-03-01,2026-03-31,2026-03,historical,189.11,USD,,2026-04-01T08:00:00Z
studio_sound,Studio Sound,Electronics,value_hub,Value Hub,asp,ASP,2026-04-01,2026-04-30,2026-04,historical,194.59,USD,,2026-05-01T08:00:00Z
studio_sound,Studio Sound,Electronics,value_hub,Value Hub,asp,ASP,2026-05-01,2026-05-31,2026-05,historical,209.76,USD,,2026-06-01T08:00:00Z
studio_sound,Studio Sound,Electronics,value_hub,Value Hub,asp,ASP,2026-06-01,2026-06-30,2026-06,mtd,205.87,USD,2026-06-04T09:00:00Z,2026-06-04T09:05:00Z
studio_sound,Studio Sound,Electronics,value_hub,Value Hub,asp,ASP,2026-06-01,2026-06-30,2026-06,mtd,205.63,USD,2026-06-04T13:00:00Z,2026-06-04T13:05:00Z
studio_sound,Studio Sound,Electronics,value_hub,Value Hub,asp,ASP,2026-06-01,2026-06-30,2026-06,mtd,211.93,USD,2026-06-04T17:00:00Z,2026-06-04T17:05:00Z
luma_devices,Luma Devices,Electronics,tech_corner,Tech Corner,gmv,GMV,2025-05-01,2025-05-31,2025-05,historical,782875443.76,USD,,2025-06-01T08:00:00Z
luma_devices,Luma Devices,Electronics,tech_corner,Tech Corner,gmv,GMV,2025-06-01,2025-06-30,2025-06,historical,774652252.71,USD,,2025-07-01T08:00:00Z
luma_devices,Luma Devices,Electronics,tech_corner,Tech Corner,gmv,GMV,2025-07-01,2025-07-31,2025-07,historical,782169828.71,USD,,2025-08-01T08:00:00Z
luma_devices,Luma Devices,Electronics,tech_corner,Tech Corner,gmv,GMV,2025-08-01,2025-08-31,2025-08,historical,731477333.93,USD,,2025-09-01T08:00:00Z
luma_devices,Luma Devices,Electronics,tech_corner,Tech Corner,gmv,GMV,2025-09-01,2025-09-30,2025-09,historical,724206397.41,USD,,2025-10-01T08:00:00Z
luma_devices,Luma Devices,Electronics,tech_corner,Tech Corner,gmv,GMV,2025-10-01,2025-10-31,2025-10,historical,665157408.44,USD,,2025-11-01T08:00:00Z
luma_devices,Luma Devices,Electronics,tech_corner,Tech Corner,gmv,GMV,2025-11-01,2025-11-30,2025-11,historical,694141009.61,USD,,2025-12-01T08:00:00Z
luma_devices,Luma Devices,Electronics,tech_corner,Tech Corner,gmv,GMV,2025-12-01,2025-12-31,2025-12,historical,785977590.80,USD,,2026-01-01T08:00:00Z
luma_devices,Luma Devices,Electronics,tech_corner,Tech Corner,gmv,GMV,2026-01-01,2026-01-31,2026-01,historical,815871184.77,USD,,2026-02-01T08:00:00Z
luma_devices,Luma Devices,Electronics,tech_corner,Tech Corner,gmv,GMV,2026-02-01,2026-02-28,2026-02,historical,819248691.00,USD,,2026-03-01T08:00:00Z
luma_devices,Luma Devices,Electronics,tech_corner,Tech Corner,gmv,GMV,2026-03-01,2026-03-31,2026-03,historical,848148105.20,USD,,2026-04-01T08:00:00Z
luma_devices,Luma Devices,Electronics,tech_corner,Tech Corner,gmv,GMV,2026-04-01,2026-04-30,2026-04,historical,913382043.32,USD,,2026-05-01T08:00:00Z
luma_devices,Luma Devices,Electronics,tech_corner,Tech Corner,gmv,GMV,2026-05-01,2026-05-31,2026-05,historical,884223310.74,USD,,2026-06-01T08:00:00Z
luma_devices,Luma Devices,Electronics,tech_corner,Tech Corner,gmv,GMV,2026-06-01,2026-06-30,2026-06,mtd,128410998.78,USD,2026-06-04T09:00:00Z,2026-06-04T09:05:00Z
luma_devices,Luma Devices,Electronics,tech_corner,Tech Corner,gmv,GMV,2026-06-01,2026-06-30,2026-06,mtd,131055344.28,USD,2026-06-04T13:00:00Z,2026-06-04T13:05:00Z
luma_devices,Luma Devices,Electronics,tech_corner,Tech Corner,gmv,GMV,2026-06-01,2026-06-30,2026-06,mtd,135927195.58,USD,2026-06-04T17:00:00Z,2026-06-04T17:05:00Z
luma_devices,Luma Devices,Electronics,tech_corner,Tech Corner,units_sold,Units Sold,2025-05-01,2025-05-31,2025-05,historical,10656964,units,,2025-06-01T08:00:00Z
luma_devices,Luma Devices,Electronics,tech_corner,Tech Corner,units_sold,Units Sold,2025-06-01,2025-06-30,2025-06,historical,10419512,units,,2025-07-01T08:00:00Z
luma_devices,Luma Devices,Electronics,tech_corner,Tech Corner,units_sold,Units Sold,2025-07-01,2025-07-31,2025-07,historical,10440581,units,,2025-08-01T08:00:00Z
luma_devices,Luma Devices,Electronics,tech_corner,Tech Corner,units_sold,Units Sold,2025-08-01,2025-08-31,2025-08,historical,10620073,units,,2025-09-01T08:00:00Z
luma_devices,Luma Devices,Electronics,tech_corner,Tech Corner,units_sold,Units Sold,2025-09-01,2025-09-30,2025-09,historical,10407117,units,,2025-10-01T08:00:00Z
luma_devices,Luma Devices,Electronics,tech_corner,Tech Corner,units_sold,Units Sold,2025-10-01,2025-10-31,2025-10,historical,9808699,units,,2025-11-01T08:00:00Z
luma_devices,Luma Devices,Electronics,tech_corner,Tech Corner,units_sold,Units Sold,2025-11-01,2025-11-30,2025-11,historical,10793997,units,,2025-12-01T08:00:00Z
luma_devices,Luma Devices,Electronics,tech_corner,Tech Corner,units_sold,Units Sold,2025-12-01,2025-12-31,2025-12,historical,11196356,units,,2026-01-01T08:00:00Z
luma_devices,Luma Devices,Electronics,tech_corner,Tech Corner,units_sold,Units Sold,2026-01-01,2026-01-31,2026-01,historical,10686428,units,,2026-02-01T08:00:00Z
luma_devices,Luma Devices,Electronics,tech_corner,Tech Corner,units_sold,Units Sold,2026-02-01,2026-02-28,2026-02,historical,11268861,units,,2026-03-01T08:00:00Z
luma_devices,Luma Devices,Electronics,tech_corner,Tech Corner,units_sold,Units Sold,2026-03-01,2026-03-31,2026-03,historical,11624929,units,,2026-04-01T08:00:00Z
luma_devices,Luma Devices,Electronics,tech_corner,Tech Corner,units_sold,Units Sold,2026-04-01,2026-04-30,2026-04,historical,13178104,units,,2026-05-01T08:00:00Z
luma_devices,Luma Devices,Electronics,tech_corner,Tech Corner,units_sold,Units Sold,2026-05-01,2026-05-31,2026-05,historical,12398014,units,,2026-06-01T08:00:00Z
luma_devices,Luma Devices,Electronics,tech_corner,Tech Corner,units_sold,Units Sold,2026-06-01,2026-06-30,2026-06,mtd,1665068,units,2026-06-04T09:00:00Z,2026-06-04T09:05:00Z
luma_devices,Luma Devices,Electronics,tech_corner,Tech Corner,units_sold,Units Sold,2026-06-01,2026-06-30,2026-06,mtd,1728425,units,2026-06-04T13:00:00Z,2026-06-04T13:05:00Z
luma_devices,Luma Devices,Electronics,tech_corner,Tech Corner,units_sold,Units Sold,2026-06-01,2026-06-30,2026-06,mtd,1833537,units,2026-06-04T17:00:00Z,2026-06-04T17:05:00Z
luma_devices,Luma Devices,Electronics,tech_corner,Tech Corner,asp,ASP,2025-05-01,2025-05-31,2025-05,historical,155.18,USD,,2025-06-01T08:00:00Z
luma_devices,Luma Devices,Electronics,tech_corner,Tech Corner,asp,ASP,2025-06-01,2025-06-30,2025-06,historical,152.75,USD,,2025-07-01T08:00:00Z
luma_devices,Luma Devices,Electronics,tech_corner,Tech Corner,asp,ASP,2025-07-01,2025-07-31,2025-07,historical,136.48,USD,,2025-08-01T08:00:00Z
luma_devices,Luma Devices,Electronics,tech_corner,Tech Corner,asp,ASP,2025-08-01,2025-08-31,2025-08,historical,139.27,USD,,2025-09-01T08:00:00Z
luma_devices,Luma Devices,Electronics,tech_corner,Tech Corner,asp,ASP,2025-09-01,2025-09-30,2025-09,historical,133.54,USD,,2025-10-01T08:00:00Z
luma_devices,Luma Devices,Electronics,tech_corner,Tech Corner,asp,ASP,2025-10-01,2025-10-31,2025-10,historical,139.94,USD,,2025-11-01T08:00:00Z
luma_devices,Luma Devices,Electronics,tech_corner,Tech Corner,asp,ASP,2025-11-01,2025-11-30,2025-11,historical,144.69,USD,,2025-12-01T08:00:00Z
luma_devices,Luma Devices,Electronics,tech_corner,Tech Corner,asp,ASP,2025-12-01,2025-12-31,2025-12,historical,145.73,USD,,2026-01-01T08:00:00Z
luma_devices,Luma Devices,Electronics,tech_corner,Tech Corner,asp,ASP,2026-01-01,2026-01-31,2026-01,historical,152.01,USD,,2026-02-01T08:00:00Z
luma_devices,Luma Devices,Electronics,tech_corner,Tech Corner,asp,ASP,2026-02-01,2026-02-28,2026-02,historical,164.05,USD,,2026-03-01T08:00:00Z
luma_devices,Luma Devices,Electronics,tech_corner,Tech Corner,asp,ASP,2026-03-01,2026-03-31,2026-03,historical,165.38,USD,,2026-04-01T08:00:00Z
luma_devices,Luma Devices,Electronics,tech_corner,Tech Corner,asp,ASP,2026-04-01,2026-04-30,2026-04,historical,168.96,USD,,2026-05-01T08:00:00Z
luma_devices,Luma Devices,Electronics,tech_corner,Tech Corner,asp,ASP,2026-05-01,2026-05-31,2026-05,historical,171.79,USD,,2026-06-01T08:00:00Z
luma_devices,Luma Devices,Electronics,tech_corner,Tech Corner,asp,ASP,2026-06-01,2026-06-30,2026-06,mtd,171.27,USD,2026-06-04T09:00:00Z,2026-06-04T09:05:00Z
luma_devices,Luma Devices,Electronics,tech_corner,Tech Corner,asp,ASP,2026-06-01,2026-06-30,2026-06,mtd,169.29,USD,2026-06-04T13:00:00Z,2026-06-04T13:05:00Z
luma_devices,Luma Devices,Electronics,tech_corner,Tech Corner,asp,ASP,2026-06-01,2026-06-30,2026-06,mtd,171.86,USD,2026-06-04T17:00:00Z,2026-06-04T17:05:00Z
luma_devices,Luma Devices,Electronics,market_square,Market Square,gmv,GMV,2025-05-01,2025-05-31,2025-05,historical,728716246.43,USD,,2025-06-01T08:00:00Z
luma_devices,Luma Devices,Electronics,market_square,Market Square,gmv,GMV,2025-06-01,2025-06-30,2025-06,historical,697290677.67,USD,,2025-07-01T08:00:00Z
luma_devices,Luma Devices,Electronics,market_square,Market Square,gmv,GMV,2025-07-01,2025-07-31,2025-07,historical,732336294.04,USD,,2025-08-01T08:00:00Z
luma_devices,Luma Devices,Electronics,market_square,Market Square,gmv,GMV,2025-08-01,2025-08-31,2025-08,historical,665667515.99,USD,,2025-09-01T08:00:00Z
luma_devices,Luma Devices,Electronics,market_square,Market Square,gmv,GMV,2025-09-01,2025-09-30,2025-09,historical,713304438.62,USD,,2025-10-01T08:00:00Z
luma_devices,Luma Devices,Electronics,market_square,Market Square,gmv,GMV,2025-10-01,2025-10-31,2025-10,historical,704093996.93,USD,,2025-11-01T08:00:00Z
luma_devices,Luma Devices,Electronics,market_square,Market Square,gmv,GMV,2025-11-01,2025-11-30,2025-11,historical,674141973.49,USD,,2025-12-01T08:00:00Z
luma_devices,Luma Devices,Electronics,market_square,Market Square,gmv,GMV,2025-12-01,2025-12-31,2025-12,historical,698168389.07,USD,,2026-01-01T08:00:00Z
luma_devices,Luma Devices,Electronics,market_square,Market Square,gmv,GMV,2026-01-01,2026-01-31,2026-01,historical,739119821.07,USD,,2026-02-01T08:00:00Z
luma_devices,Luma Devices,Electronics,market_square,Market Square,gmv,GMV,2026-02-01,2026-02-28,2026-02,historical,782641080.05,USD,,2026-03-01T08:00:00Z
luma_devices,Luma Devices,Electronics,market_square,Market Square,gmv,GMV,2026-03-01,2026-03-31,2026-03,historical,790412467.21,USD,,2026-04-01T08:00:00Z
luma_devices,Luma Devices,Electronics,market_square,Market Square,gmv,GMV,2026-04-01,2026-04-30,2026-04,historical,846692056.27,USD,,2026-05-01T08:00:00Z
luma_devices,Luma Devices,Electronics,market_square,Market Square,gmv,GMV,2026-05-01,2026-05-31,2026-05,historical,815011735.56,USD,,2026-06-01T08:00:00Z
luma_devices,Luma Devices,Electronics,market_square,Market Square,gmv,GMV,2026-06-01,2026-06-30,2026-06,mtd,111122519.27,USD,2026-06-04T09:00:00Z,2026-06-04T09:05:00Z
luma_devices,Luma Devices,Electronics,market_square,Market Square,gmv,GMV,2026-06-01,2026-06-30,2026-06,mtd,113810415.28,USD,2026-06-04T13:00:00Z,2026-06-04T13:05:00Z
luma_devices,Luma Devices,Electronics,market_square,Market Square,gmv,GMV,2026-06-01,2026-06-30,2026-06,mtd,118532141.23,USD,2026-06-04T17:00:00Z,2026-06-04T17:05:00Z
luma_devices,Luma Devices,Electronics,market_square,Market Square,units_sold,Units Sold,2025-05-01,2025-05-31,2025-05,historical,9580580,units,,2025-06-01T08:00:00Z
luma_devices,Luma Devices,Electronics,market_square,Market Square,units_sold,Units Sold,2025-06-01,2025-06-30,2025-06,historical,9447518,units,,2025-07-01T08:00:00Z
luma_devices,Luma Devices,Electronics,market_square,Market Square,units_sold,Units Sold,2025-07-01,2025-07-31,2025-07,historical,9172241,units,,2025-08-01T08:00:00Z
luma_devices,Luma Devices,Electronics,market_square,Market Square,units_sold,Units Sold,2025-08-01,2025-08-31,2025-08,historical,8071499,units,,2025-09-01T08:00:00Z
luma_devices,Luma Devices,Electronics,market_square,Market Square,units_sold,Units Sold,2025-09-01,2025-09-30,2025-09,historical,7852008,units,,2025-10-01T08:00:00Z
luma_devices,Luma Devices,Electronics,market_square,Market Square,units_sold,Units Sold,2025-10-01,2025-10-31,2025-10,historical,8149410,units,,2025-11-01T08:00:00Z
luma_devices,Luma Devices,Electronics,market_square,Market Square,units_sold,Units Sold,2025-11-01,2025-11-30,2025-11,historical,8478519,units,,2025-12-01T08:00:00Z
luma_devices,Luma Devices,Electronics,market_square,Market Square,units_sold,Units Sold,2025-12-01,2025-12-31,2025-12,historical,9003071,units,,2026-01-01T08:00:00Z
luma_devices,Luma Devices,Electronics,market_square,Market Square,units_sold,Units Sold,2026-01-01,2026-01-31,2026-01,historical,8789229,units,,2026-02-01T08:00:00Z
luma_devices,Luma Devices,Electronics,market_square,Market Square,units_sold,Units Sold,2026-02-01,2026-02-28,2026-02,historical,9694785,units,,2026-03-01T08:00:00Z
luma_devices,Luma Devices,Electronics,market_square,Market Square,units_sold,Units Sold,2026-03-01,2026-03-31,2026-03,historical,9563041,units,,2026-04-01T08:00:00Z
luma_devices,Luma Devices,Electronics,market_square,Market Square,units_sold,Units Sold,2026-04-01,2026-04-30,2026-04,historical,10141546,units,,2026-05-01T08:00:00Z
luma_devices,Luma Devices,Electronics,market_square,Market Square,units_sold,Units Sold,2026-05-01,2026-05-31,2026-05,historical,10368896,units,,2026-06-01T08:00:00Z
luma_devices,Luma Devices,Electronics,market_square,Market Square,units_sold,Units Sold,2026-06-01,2026-06-30,2026-06,mtd,1442854,units,2026-06-04T09:00:00Z,2026-06-04T09:05:00Z
luma_devices,Luma Devices,Electronics,market_square,Market Square,units_sold,Units Sold,2026-06-01,2026-06-30,2026-06,mtd,1490719,units,2026-06-04T13:00:00Z,2026-06-04T13:05:00Z
luma_devices,Luma Devices,Electronics,market_square,Market Square,units_sold,Units Sold,2026-06-01,2026-06-30,2026-06,mtd,1540102,units,2026-06-04T17:00:00Z,2026-06-04T17:05:00Z
luma_devices,Luma Devices,Electronics,market_square,Market Square,asp,ASP,2025-05-01,2025-05-31,2025-05,historical,101.81,USD,,2025-06-01T08:00:00Z
luma_devices,Luma Devices,Electronics,market_square,Market Square,asp,ASP,2025-06-01,2025-06-30,2025-06,historical,94.69,USD,,2025-07-01T08:00:00Z
luma_devices,Luma Devices,Electronics,market_square,Market Square,asp,ASP,2025-07-01,2025-07-31,2025-07,historical,89.71,USD,,2025-08-01T08:00:00Z
luma_devices,Luma Devices,Electronics,market_square,Market Square,asp,ASP,2025-08-01,2025-08-31,2025-08,historical,92.11,USD,,2025-09-01T08:00:00Z
luma_devices,Luma Devices,Electronics,market_square,Market Square,asp,ASP,2025-09-01,2025-09-30,2025-09,historical,92.13,USD,,2025-10-01T08:00:00Z
luma_devices,Luma Devices,Electronics,market_square,Market Square,asp,ASP,2025-10-01,2025-10-31,2025-10,historical,88.80,USD,,2025-11-01T08:00:00Z
luma_devices,Luma Devices,Electronics,market_square,Market Square,asp,ASP,2025-11-01,2025-11-30,2025-11,historical,92.01,USD,,2025-12-01T08:00:00Z
luma_devices,Luma Devices,Electronics,market_square,Market Square,asp,ASP,2025-12-01,2025-12-31,2025-12,historical,93.81,USD,,2026-01-01T08:00:00Z
luma_devices,Luma Devices,Electronics,market_square,Market Square,asp,ASP,2026-01-01,2026-01-31,2026-01,historical,91.43,USD,,2026-02-01T08:00:00Z
luma_devices,Luma Devices,Electronics,market_square,Market Square,asp,ASP,2026-02-01,2026-02-28,2026-02,historical,99.44,USD,,2026-03-01T08:00:00Z
luma_devices,Luma Devices,Electronics,market_square,Market Square,asp,ASP,2026-03-01,2026-03-31,2026-03,historical,111.20,USD,,2026-04-01T08:00:00Z
luma_devices,Luma Devices,Electronics,market_square,Market Square,asp,ASP,2026-04-01,2026-04-30,2026-04,historical,106.48,USD,,2026-05-01T08:00:00Z
luma_devices,Luma Devices,Electronics,market_square,Market Square,asp,ASP,2026-05-01,2026-05-31,2026-05,historical,106.53,USD,,2026-06-01T08:00:00Z
luma_devices,Luma Devices,Electronics,market_square,Market Square,asp,ASP,2026-06-01,2026-06-30,2026-06,mtd,106.30,USD,2026-06-04T09:00:00Z,2026-06-04T09:05:00Z
luma_devices,Luma Devices,Electronics,market_square,Market Square,asp,ASP,2026-06-01,2026-06-30,2026-06,mtd,105.97,USD,2026-06-04T13:00:00Z,2026-06-04T13:05:00Z
luma_devices,Luma Devices,Electronics,market_square,Market Square,asp,ASP,2026-06-01,2026-06-30,2026-06,mtd,106.31,USD,2026-06-04T17:00:00Z,2026-06-04T17:05:00Z
luma_devices,Luma Devices,Electronics,stylemart,StyleMart,gmv,GMV,2025-05-01,2025-05-31,2025-05,historical,469113730.86,USD,,2025-06-01T08:00:00Z
luma_devices,Luma Devices,Electronics,stylemart,StyleMart,gmv,GMV,2025-06-01,2025-06-30,2025-06,historical,466142827.28,USD,,2025-07-01T08:00:00Z
luma_devices,Luma Devices,Electronics,stylemart,StyleMart,gmv,GMV,2025-07-01,2025-07-31,2025-07,historical,454556928.95,USD,,2025-08-01T08:00:00Z
luma_devices,Luma Devices,Electronics,stylemart,StyleMart,gmv,GMV,2025-08-01,2025-08-31,2025-08,historical,400260428.28,USD,,2025-09-01T08:00:00Z
luma_devices,Luma Devices,Electronics,stylemart,StyleMart,gmv,GMV,2025-09-01,2025-09-30,2025-09,historical,415879894.11,USD,,2025-10-01T08:00:00Z
luma_devices,Luma Devices,Electronics,stylemart,StyleMart,gmv,GMV,2025-10-01,2025-10-31,2025-10,historical,425804141.68,USD,,2025-11-01T08:00:00Z
luma_devices,Luma Devices,Electronics,stylemart,StyleMart,gmv,GMV,2025-11-01,2025-11-30,2025-11,historical,406191984.67,USD,,2025-12-01T08:00:00Z
luma_devices,Luma Devices,Electronics,stylemart,StyleMart,gmv,GMV,2025-12-01,2025-12-31,2025-12,historical,446844329.01,USD,,2026-01-01T08:00:00Z
luma_devices,Luma Devices,Electronics,stylemart,StyleMart,gmv,GMV,2026-01-01,2026-01-31,2026-01,historical,446298787.59,USD,,2026-02-01T08:00:00Z
luma_devices,Luma Devices,Electronics,stylemart,StyleMart,gmv,GMV,2026-02-01,2026-02-28,2026-02,historical,494453887.33,USD,,2026-03-01T08:00:00Z
luma_devices,Luma Devices,Electronics,stylemart,StyleMart,gmv,GMV,2026-03-01,2026-03-31,2026-03,historical,513016909.10,USD,,2026-04-01T08:00:00Z
luma_devices,Luma Devices,Electronics,stylemart,StyleMart,gmv,GMV,2026-04-01,2026-04-30,2026-04,historical,475093287.79,USD,,2026-05-01T08:00:00Z
luma_devices,Luma Devices,Electronics,stylemart,StyleMart,gmv,GMV,2026-05-01,2026-05-31,2026-05,historical,517133958.05,USD,,2026-06-01T08:00:00Z
luma_devices,Luma Devices,Electronics,stylemart,StyleMart,gmv,GMV,2026-06-01,2026-06-30,2026-06,mtd,73454438.40,USD,2026-06-04T09:00:00Z,2026-06-04T09:05:00Z
luma_devices,Luma Devices,Electronics,stylemart,StyleMart,gmv,GMV,2026-06-01,2026-06-30,2026-06,mtd,75819294.54,USD,2026-06-04T13:00:00Z,2026-06-04T13:05:00Z
luma_devices,Luma Devices,Electronics,stylemart,StyleMart,gmv,GMV,2026-06-01,2026-06-30,2026-06,mtd,79018521.21,USD,2026-06-04T17:00:00Z,2026-06-04T17:05:00Z
luma_devices,Luma Devices,Electronics,stylemart,StyleMart,units_sold,Units Sold,2025-05-01,2025-05-31,2025-05,historical,8428954,units,,2025-06-01T08:00:00Z
luma_devices,Luma Devices,Electronics,stylemart,StyleMart,units_sold,Units Sold,2025-06-01,2025-06-30,2025-06,historical,8268190,units,,2025-07-01T08:00:00Z
luma_devices,Luma Devices,Electronics,stylemart,StyleMart,units_sold,Units Sold,2025-07-01,2025-07-31,2025-07,historical,7575782,units,,2025-08-01T08:00:00Z
luma_devices,Luma Devices,Electronics,stylemart,StyleMart,units_sold,Units Sold,2025-08-01,2025-08-31,2025-08,historical,7636355,units,,2025-09-01T08:00:00Z
luma_devices,Luma Devices,Electronics,stylemart,StyleMart,units_sold,Units Sold,2025-09-01,2025-09-30,2025-09,historical,7390820,units,,2025-10-01T08:00:00Z
luma_devices,Luma Devices,Electronics,stylemart,StyleMart,units_sold,Units Sold,2025-10-01,2025-10-31,2025-10,historical,7412979,units,,2025-11-01T08:00:00Z
luma_devices,Luma Devices,Electronics,stylemart,StyleMart,units_sold,Units Sold,2025-11-01,2025-11-30,2025-11,historical,7501207,units,,2025-12-01T08:00:00Z
luma_devices,Luma Devices,Electronics,stylemart,StyleMart,units_sold,Units Sold,2025-12-01,2025-12-31,2025-12,historical,7885488,units,,2026-01-01T08:00:00Z
luma_devices,Luma Devices,Electronics,stylemart,StyleMart,units_sold,Units Sold,2026-01-01,2026-01-31,2026-01,historical,7864362,units,,2026-02-01T08:00:00Z
luma_devices,Luma Devices,Electronics,stylemart,StyleMart,units_sold,Units Sold,2026-02-01,2026-02-28,2026-02,historical,8722947,units,,2026-03-01T08:00:00Z
luma_devices,Luma Devices,Electronics,stylemart,StyleMart,units_sold,Units Sold,2026-03-01,2026-03-31,2026-03,historical,9285252,units,,2026-04-01T08:00:00Z
luma_devices,Luma Devices,Electronics,stylemart,StyleMart,units_sold,Units Sold,2026-04-01,2026-04-30,2026-04,historical,9405992,units,,2026-05-01T08:00:00Z
luma_devices,Luma Devices,Electronics,stylemart,StyleMart,units_sold,Units Sold,2026-05-01,2026-05-31,2026-05,historical,9472942,units,,2026-06-01T08:00:00Z
luma_devices,Luma Devices,Electronics,stylemart,StyleMart,units_sold,Units Sold,2026-06-01,2026-06-30,2026-06,mtd,1289906,units,2026-06-04T09:00:00Z,2026-06-04T09:05:00Z
luma_devices,Luma Devices,Electronics,stylemart,StyleMart,units_sold,Units Sold,2026-06-01,2026-06-30,2026-06,mtd,1331017,units,2026-06-04T13:00:00Z,2026-06-04T13:05:00Z
luma_devices,Luma Devices,Electronics,stylemart,StyleMart,units_sold,Units Sold,2026-06-01,2026-06-30,2026-06,mtd,1374052,units,2026-06-04T17:00:00Z,2026-06-04T17:05:00Z
luma_devices,Luma Devices,Electronics,stylemart,StyleMart,asp,ASP,2025-05-01,2025-05-31,2025-05,historical,128.60,USD,,2025-06-01T08:00:00Z
luma_devices,Luma Devices,Electronics,stylemart,StyleMart,asp,ASP,2025-06-01,2025-06-30,2025-06,historical,136.86,USD,,2025-07-01T08:00:00Z
luma_devices,Luma Devices,Electronics,stylemart,StyleMart,asp,ASP,2025-07-01,2025-07-31,2025-07,historical,125.27,USD,,2025-08-01T08:00:00Z
luma_devices,Luma Devices,Electronics,stylemart,StyleMart,asp,ASP,2025-08-01,2025-08-31,2025-08,historical,117.83,USD,,2025-09-01T08:00:00Z
luma_devices,Luma Devices,Electronics,stylemart,StyleMart,asp,ASP,2025-09-01,2025-09-30,2025-09,historical,118.49,USD,,2025-10-01T08:00:00Z
luma_devices,Luma Devices,Electronics,stylemart,StyleMart,asp,ASP,2025-10-01,2025-10-31,2025-10,historical,111.85,USD,,2025-11-01T08:00:00Z
luma_devices,Luma Devices,Electronics,stylemart,StyleMart,asp,ASP,2025-11-01,2025-11-30,2025-11,historical,120.69,USD,,2025-12-01T08:00:00Z
luma_devices,Luma Devices,Electronics,stylemart,StyleMart,asp,ASP,2025-12-01,2025-12-31,2025-12,historical,124.36,USD,,2026-01-01T08:00:00Z
luma_devices,Luma Devices,Electronics,stylemart,StyleMart,asp,ASP,2026-01-01,2026-01-31,2026-01,historical,129.74,USD,,2026-02-01T08:00:00Z
luma_devices,Luma Devices,Electronics,stylemart,StyleMart,asp,ASP,2026-02-01,2026-02-28,2026-02,historical,137.39,USD,,2026-03-01T08:00:00Z
luma_devices,Luma Devices,Electronics,stylemart,StyleMart,asp,ASP,2026-03-01,2026-03-31,2026-03,historical,142.26,USD,,2026-04-01T08:00:00Z
luma_devices,Luma Devices,Electronics,stylemart,StyleMart,asp,ASP,2026-04-01,2026-04-30,2026-04,historical,143.37,USD,,2026-05-01T08:00:00Z
luma_devices,Luma Devices,Electronics,stylemart,StyleMart,asp,ASP,2026-05-01,2026-05-31,2026-05,historical,148.42,USD,,2026-06-01T08:00:00Z
luma_devices,Luma Devices,Electronics,stylemart,StyleMart,asp,ASP,2026-06-01,2026-06-30,2026-06,mtd,147.72,USD,2026-06-04T09:00:00Z,2026-06-04T09:05:00Z
luma_devices,Luma Devices,Electronics,stylemart,StyleMart,asp,ASP,2026-06-01,2026-06-30,2026-06,mtd,146.98,USD,2026-06-04T13:00:00Z,2026-06-04T13:05:00Z
luma_devices,Luma Devices,Electronics,stylemart,StyleMart,asp,ASP,2026-06-01,2026-06-30,2026-06,mtd,148.75,USD,2026-06-04T17:00:00Z,2026-06-04T17:05:00Z
pet_patch,Pet Patch,Pet,home_lane,Home Lane,gmv,GMV,2025-05-01,2025-05-31,2025-05,historical,370304908.71,USD,,2025-06-01T08:00:00Z
pet_patch,Pet Patch,Pet,home_lane,Home Lane,gmv,GMV,2025-06-01,2025-06-30,2025-06,historical,389312271.04,USD,,2025-07-01T08:00:00Z
pet_patch,Pet Patch,Pet,home_lane,Home Lane,gmv,GMV,2025-07-01,2025-07-31,2025-07,historical,361915539.89,USD,,2025-08-01T08:00:00Z
pet_patch,Pet Patch,Pet,home_lane,Home Lane,gmv,GMV,2025-08-01,2025-08-31,2025-08,historical,358067435.78,USD,,2025-09-01T08:00:00Z
pet_patch,Pet Patch,Pet,home_lane,Home Lane,gmv,GMV,2025-09-01,2025-09-30,2025-09,historical,361464276.10,USD,,2025-10-01T08:00:00Z
pet_patch,Pet Patch,Pet,home_lane,Home Lane,gmv,GMV,2025-10-01,2025-10-31,2025-10,historical,363398845.93,USD,,2025-11-01T08:00:00Z
pet_patch,Pet Patch,Pet,home_lane,Home Lane,gmv,GMV,2025-11-01,2025-11-30,2025-11,historical,337941417.66,USD,,2025-12-01T08:00:00Z
pet_patch,Pet Patch,Pet,home_lane,Home Lane,gmv,GMV,2025-12-01,2025-12-31,2025-12,historical,385782905.50,USD,,2026-01-01T08:00:00Z
pet_patch,Pet Patch,Pet,home_lane,Home Lane,gmv,GMV,2026-01-01,2026-01-31,2026-01,historical,393515147.54,USD,,2026-02-01T08:00:00Z
pet_patch,Pet Patch,Pet,home_lane,Home Lane,gmv,GMV,2026-02-01,2026-02-28,2026-02,historical,419687275.92,USD,,2026-03-01T08:00:00Z
pet_patch,Pet Patch,Pet,home_lane,Home Lane,gmv,GMV,2026-03-01,2026-03-31,2026-03,historical,412203233.64,USD,,2026-04-01T08:00:00Z
pet_patch,Pet Patch,Pet,home_lane,Home Lane,gmv,GMV,2026-04-01,2026-04-30,2026-04,historical,421259944.83,USD,,2026-05-01T08:00:00Z
pet_patch,Pet Patch,Pet,home_lane,Home Lane,gmv,GMV,2026-05-01,2026-05-31,2026-05,historical,430595411.63,USD,,2026-06-01T08:00:00Z
pet_patch,Pet Patch,Pet,home_lane,Home Lane,gmv,GMV,2026-06-01,2026-06-30,2026-06,mtd,57207181.84,USD,2026-06-04T09:00:00Z,2026-06-04T09:05:00Z
pet_patch,Pet Patch,Pet,home_lane,Home Lane,gmv,GMV,2026-06-01,2026-06-30,2026-06,mtd,59622249.97,USD,2026-06-04T13:00:00Z,2026-06-04T13:05:00Z
pet_patch,Pet Patch,Pet,home_lane,Home Lane,gmv,GMV,2026-06-01,2026-06-30,2026-06,mtd,60249458.29,USD,2026-06-04T17:00:00Z,2026-06-04T17:05:00Z
pet_patch,Pet Patch,Pet,home_lane,Home Lane,units_sold,Units Sold,2025-05-01,2025-05-31,2025-05,historical,14824472,units,,2025-06-01T08:00:00Z
pet_patch,Pet Patch,Pet,home_lane,Home Lane,units_sold,Units Sold,2025-06-01,2025-06-30,2025-06,historical,14101743,units,,2025-07-01T08:00:00Z
pet_patch,Pet Patch,Pet,home_lane,Home Lane,units_sold,Units Sold,2025-07-01,2025-07-31,2025-07,historical,14049464,units,,2025-08-01T08:00:00Z
pet_patch,Pet Patch,Pet,home_lane,Home Lane,units_sold,Units Sold,2025-08-01,2025-08-31,2025-08,historical,13432263,units,,2025-09-01T08:00:00Z
pet_patch,Pet Patch,Pet,home_lane,Home Lane,units_sold,Units Sold,2025-09-01,2025-09-30,2025-09,historical,12397959,units,,2025-10-01T08:00:00Z
pet_patch,Pet Patch,Pet,home_lane,Home Lane,units_sold,Units Sold,2025-10-01,2025-10-31,2025-10,historical,12890044,units,,2025-11-01T08:00:00Z
pet_patch,Pet Patch,Pet,home_lane,Home Lane,units_sold,Units Sold,2025-11-01,2025-11-30,2025-11,historical,13045311,units,,2025-12-01T08:00:00Z
pet_patch,Pet Patch,Pet,home_lane,Home Lane,units_sold,Units Sold,2025-12-01,2025-12-31,2025-12,historical,12780433,units,,2026-01-01T08:00:00Z
pet_patch,Pet Patch,Pet,home_lane,Home Lane,units_sold,Units Sold,2026-01-01,2026-01-31,2026-01,historical,13938956,units,,2026-02-01T08:00:00Z
pet_patch,Pet Patch,Pet,home_lane,Home Lane,units_sold,Units Sold,2026-02-01,2026-02-28,2026-02,historical,14425467,units,,2026-03-01T08:00:00Z
pet_patch,Pet Patch,Pet,home_lane,Home Lane,units_sold,Units Sold,2026-03-01,2026-03-31,2026-03,historical,14094248,units,,2026-04-01T08:00:00Z
pet_patch,Pet Patch,Pet,home_lane,Home Lane,units_sold,Units Sold,2026-04-01,2026-04-30,2026-04,historical,15902557,units,,2026-05-01T08:00:00Z
pet_patch,Pet Patch,Pet,home_lane,Home Lane,units_sold,Units Sold,2026-05-01,2026-05-31,2026-05,historical,15266484,units,,2026-06-01T08:00:00Z
pet_patch,Pet Patch,Pet,home_lane,Home Lane,units_sold,Units Sold,2026-06-01,2026-06-30,2026-06,mtd,2097411,units,2026-06-04T09:00:00Z,2026-06-04T09:05:00Z
pet_patch,Pet Patch,Pet,home_lane,Home Lane,units_sold,Units Sold,2026-06-01,2026-06-30,2026-06,mtd,2166511,units,2026-06-04T13:00:00Z,2026-06-04T13:05:00Z
pet_patch,Pet Patch,Pet,home_lane,Home Lane,units_sold,Units Sold,2026-06-01,2026-06-30,2026-06,mtd,2227129,units,2026-06-04T17:00:00Z,2026-06-04T17:05:00Z
pet_patch,Pet Patch,Pet,home_lane,Home Lane,asp,ASP,2025-05-01,2025-05-31,2025-05,historical,160.18,USD,,2025-06-01T08:00:00Z
pet_patch,Pet Patch,Pet,home_lane,Home Lane,asp,ASP,2025-06-01,2025-06-30,2025-06,historical,155.66,USD,,2025-07-01T08:00:00Z
pet_patch,Pet Patch,Pet,home_lane,Home Lane,asp,ASP,2025-07-01,2025-07-31,2025-07,historical,154.50,USD,,2025-08-01T08:00:00Z
pet_patch,Pet Patch,Pet,home_lane,Home Lane,asp,ASP,2025-08-01,2025-08-31,2025-08,historical,147.68,USD,,2025-09-01T08:00:00Z
pet_patch,Pet Patch,Pet,home_lane,Home Lane,asp,ASP,2025-09-01,2025-09-30,2025-09,historical,146.25,USD,,2025-10-01T08:00:00Z
pet_patch,Pet Patch,Pet,home_lane,Home Lane,asp,ASP,2025-10-01,2025-10-31,2025-10,historical,143.12,USD,,2025-11-01T08:00:00Z
pet_patch,Pet Patch,Pet,home_lane,Home Lane,asp,ASP,2025-11-01,2025-11-30,2025-11,historical,146.84,USD,,2025-12-01T08:00:00Z
pet_patch,Pet Patch,Pet,home_lane,Home Lane,asp,ASP,2025-12-01,2025-12-31,2025-12,historical,160.62,USD,,2026-01-01T08:00:00Z
pet_patch,Pet Patch,Pet,home_lane,Home Lane,asp,ASP,2026-01-01,2026-01-31,2026-01,historical,167.52,USD,,2026-02-01T08:00:00Z
pet_patch,Pet Patch,Pet,home_lane,Home Lane,asp,ASP,2026-02-01,2026-02-28,2026-02,historical,166.21,USD,,2026-03-01T08:00:00Z
pet_patch,Pet Patch,Pet,home_lane,Home Lane,asp,ASP,2026-03-01,2026-03-31,2026-03,historical,185.29,USD,,2026-04-01T08:00:00Z
pet_patch,Pet Patch,Pet,home_lane,Home Lane,asp,ASP,2026-04-01,2026-04-30,2026-04,historical,189.88,USD,,2026-05-01T08:00:00Z
pet_patch,Pet Patch,Pet,home_lane,Home Lane,asp,ASP,2026-05-01,2026-05-31,2026-05,historical,177.30,USD,,2026-06-01T08:00:00Z
pet_patch,Pet Patch,Pet,home_lane,Home Lane,asp,ASP,2026-06-01,2026-06-30,2026-06,mtd,176.07,USD,2026-06-04T09:00:00Z,2026-06-04T09:05:00Z
pet_patch,Pet Patch,Pet,home_lane,Home Lane,asp,ASP,2026-06-01,2026-06-30,2026-06,mtd,177.57,USD,2026-06-04T13:00:00Z,2026-06-04T13:05:00Z
pet_patch,Pet Patch,Pet,home_lane,Home Lane,asp,ASP,2026-06-01,2026-06-30,2026-06,mtd,175.70,USD,2026-06-04T17:00:00Z,2026-06-04T17:05:00Z
pet_patch,Pet Patch,Pet,market_square,Market Square,gmv,GMV,2025-05-01,2025-05-31,2025-05,historical,754350950.73,USD,,2025-06-01T08:00:00Z
pet_patch,Pet Patch,Pet,market_square,Market Square,gmv,GMV,2025-06-01,2025-06-30,2025-06,historical,677067500.26,USD,,2025-07-01T08:00:00Z
pet_patch,Pet Patch,Pet,market_square,Market Square,gmv,GMV,2025-07-01,2025-07-31,2025-07,historical,717368893.47,USD,,2025-08-01T08:00:00Z
pet_patch,Pet Patch,Pet,market_square,Market Square,gmv,GMV,2025-08-01,2025-08-31,2025-08,historical,703023400.16,USD,,2025-09-01T08:00:00Z
pet_patch,Pet Patch,Pet,market_square,Market Square,gmv,GMV,2025-09-01,2025-09-30,2025-09,historical,666955707.57,USD,,2025-10-01T08:00:00Z
pet_patch,Pet Patch,Pet,market_square,Market Square,gmv,GMV,2025-10-01,2025-10-31,2025-10,historical,687413305.44,USD,,2025-11-01T08:00:00Z
pet_patch,Pet Patch,Pet,market_square,Market Square,gmv,GMV,2025-11-01,2025-11-30,2025-11,historical,681618041.77,USD,,2025-12-01T08:00:00Z
pet_patch,Pet Patch,Pet,market_square,Market Square,gmv,GMV,2025-12-01,2025-12-31,2025-12,historical,719760874.00,USD,,2026-01-01T08:00:00Z
pet_patch,Pet Patch,Pet,market_square,Market Square,gmv,GMV,2026-01-01,2026-01-31,2026-01,historical,759291214.06,USD,,2026-02-01T08:00:00Z
pet_patch,Pet Patch,Pet,market_square,Market Square,gmv,GMV,2026-02-01,2026-02-28,2026-02,historical,713588215.33,USD,,2026-03-01T08:00:00Z
pet_patch,Pet Patch,Pet,market_square,Market Square,gmv,GMV,2026-03-01,2026-03-31,2026-03,historical,778332337.29,USD,,2026-04-01T08:00:00Z
pet_patch,Pet Patch,Pet,market_square,Market Square,gmv,GMV,2026-04-01,2026-04-30,2026-04,historical,824372270.11,USD,,2026-05-01T08:00:00Z
pet_patch,Pet Patch,Pet,market_square,Market Square,gmv,GMV,2026-05-01,2026-05-31,2026-05,historical,757793209.16,USD,,2026-06-01T08:00:00Z
pet_patch,Pet Patch,Pet,market_square,Market Square,gmv,GMV,2026-06-01,2026-06-30,2026-06,mtd,110543364.76,USD,2026-06-04T09:00:00Z,2026-06-04T09:05:00Z
pet_patch,Pet Patch,Pet,market_square,Market Square,gmv,GMV,2026-06-01,2026-06-30,2026-06,mtd,113643706.74,USD,2026-06-04T13:00:00Z,2026-06-04T13:05:00Z
pet_patch,Pet Patch,Pet,market_square,Market Square,gmv,GMV,2026-06-01,2026-06-30,2026-06,mtd,117789100.35,USD,2026-06-04T17:00:00Z,2026-06-04T17:05:00Z
pet_patch,Pet Patch,Pet,market_square,Market Square,units_sold,Units Sold,2025-05-01,2025-05-31,2025-05,historical,9474723,units,,2025-06-01T08:00:00Z
pet_patch,Pet Patch,Pet,market_square,Market Square,units_sold,Units Sold,2025-06-01,2025-06-30,2025-06,historical,8532535,units,,2025-07-01T08:00:00Z
pet_patch,Pet Patch,Pet,market_square,Market Square,units_sold,Units Sold,2025-07-01,2025-07-31,2025-07,historical,8693676,units,,2025-08-01T08:00:00Z
pet_patch,Pet Patch,Pet,market_square,Market Square,units_sold,Units Sold,2025-08-01,2025-08-31,2025-08,historical,8563345,units,,2025-09-01T08:00:00Z
pet_patch,Pet Patch,Pet,market_square,Market Square,units_sold,Units Sold,2025-09-01,2025-09-30,2025-09,historical,8503822,units,,2025-10-01T08:00:00Z
pet_patch,Pet Patch,Pet,market_square,Market Square,units_sold,Units Sold,2025-10-01,2025-10-31,2025-10,historical,8172200,units,,2025-11-01T08:00:00Z
pet_patch,Pet Patch,Pet,market_square,Market Square,units_sold,Units Sold,2025-11-01,2025-11-30,2025-11,historical,7709260,units,,2025-12-01T08:00:00Z
pet_patch,Pet Patch,Pet,market_square,Market Square,units_sold,Units Sold,2025-12-01,2025-12-31,2025-12,historical,8130278,units,,2026-01-01T08:00:00Z
pet_patch,Pet Patch,Pet,market_square,Market Square,units_sold,Units Sold,2026-01-01,2026-01-31,2026-01,historical,8926822,units,,2026-02-01T08:00:00Z
pet_patch,Pet Patch,Pet,market_square,Market Square,units_sold,Units Sold,2026-02-01,2026-02-28,2026-02,historical,8777258,units,,2026-03-01T08:00:00Z
pet_patch,Pet Patch,Pet,market_square,Market Square,units_sold,Units Sold,2026-03-01,2026-03-31,2026-03,historical,9968344,units,,2026-04-01T08:00:00Z
pet_patch,Pet Patch,Pet,market_square,Market Square,units_sold,Units Sold,2026-04-01,2026-04-30,2026-04,historical,9383307,units,,2026-05-01T08:00:00Z
pet_patch,Pet Patch,Pet,market_square,Market Square,units_sold,Units Sold,2026-05-01,2026-05-31,2026-05,historical,9298106,units,,2026-06-01T08:00:00Z
pet_patch,Pet Patch,Pet,market_square,Market Square,units_sold,Units Sold,2026-06-01,2026-06-30,2026-06,mtd,1433762,units,2026-06-04T09:00:00Z,2026-06-04T09:05:00Z
pet_patch,Pet Patch,Pet,market_square,Market Square,units_sold,Units Sold,2026-06-01,2026-06-30,2026-06,mtd,1489948,units,2026-06-04T13:00:00Z,2026-06-04T13:05:00Z
pet_patch,Pet Patch,Pet,market_square,Market Square,units_sold,Units Sold,2026-06-01,2026-06-30,2026-06,mtd,1565279,units,2026-06-04T17:00:00Z,2026-06-04T17:05:00Z
pet_patch,Pet Patch,Pet,market_square,Market Square,asp,ASP,2025-05-01,2025-05-31,2025-05,historical,213.97,USD,,2025-06-01T08:00:00Z
pet_patch,Pet Patch,Pet,market_square,Market Square,asp,ASP,2025-06-01,2025-06-30,2025-06,historical,192.43,USD,,2025-07-01T08:00:00Z
pet_patch,Pet Patch,Pet,market_square,Market Square,asp,ASP,2025-07-01,2025-07-31,2025-07,historical,196.59,USD,,2025-08-01T08:00:00Z
pet_patch,Pet Patch,Pet,market_square,Market Square,asp,ASP,2025-08-01,2025-08-31,2025-08,historical,192.16,USD,,2025-09-01T08:00:00Z
pet_patch,Pet Patch,Pet,market_square,Market Square,asp,ASP,2025-09-01,2025-09-30,2025-09,historical,184.28,USD,,2025-10-01T08:00:00Z
pet_patch,Pet Patch,Pet,market_square,Market Square,asp,ASP,2025-10-01,2025-10-31,2025-10,historical,184.54,USD,,2025-11-01T08:00:00Z
pet_patch,Pet Patch,Pet,market_square,Market Square,asp,ASP,2025-11-01,2025-11-30,2025-11,historical,191.04,USD,,2025-12-01T08:00:00Z
pet_patch,Pet Patch,Pet,market_square,Market Square,asp,ASP,2025-12-01,2025-12-31,2025-12,historical,187.49,USD,,2026-01-01T08:00:00Z
pet_patch,Pet Patch,Pet,market_square,Market Square,asp,ASP,2026-01-01,2026-01-31,2026-01,historical,193.18,USD,,2026-02-01T08:00:00Z
pet_patch,Pet Patch,Pet,market_square,Market Square,asp,ASP,2026-02-01,2026-02-28,2026-02,historical,208.11,USD,,2026-03-01T08:00:00Z
pet_patch,Pet Patch,Pet,market_square,Market Square,asp,ASP,2026-03-01,2026-03-31,2026-03,historical,215.58,USD,,2026-04-01T08:00:00Z
pet_patch,Pet Patch,Pet,market_square,Market Square,asp,ASP,2026-04-01,2026-04-30,2026-04,historical,226.24,USD,,2026-05-01T08:00:00Z
pet_patch,Pet Patch,Pet,market_square,Market Square,asp,ASP,2026-05-01,2026-05-31,2026-05,historical,219.79,USD,,2026-06-01T08:00:00Z
pet_patch,Pet Patch,Pet,market_square,Market Square,asp,ASP,2026-06-01,2026-06-30,2026-06,mtd,216.78,USD,2026-06-04T09:00:00Z,2026-06-04T09:05:00Z
pet_patch,Pet Patch,Pet,market_square,Market Square,asp,ASP,2026-06-01,2026-06-30,2026-06,mtd,214.67,USD,2026-06-04T13:00:00Z,2026-06-04T13:05:00Z
pet_patch,Pet Patch,Pet,market_square,Market Square,asp,ASP,2026-06-01,2026-06-30,2026-06,mtd,219.12,USD,2026-06-04T17:00:00Z,2026-06-04T17:05:00Z
pet_patch,Pet Patch,Pet,fresh_cart,Fresh Cart,gmv,GMV,2025-05-01,2025-05-31,2025-05,historical,738813110.01,USD,,2025-06-01T08:00:00Z
pet_patch,Pet Patch,Pet,fresh_cart,Fresh Cart,gmv,GMV,2025-06-01,2025-06-30,2025-06,historical,748659899.12,USD,,2025-07-01T08:00:00Z
pet_patch,Pet Patch,Pet,fresh_cart,Fresh Cart,gmv,GMV,2025-07-01,2025-07-31,2025-07,historical,746414138.37,USD,,2025-08-01T08:00:00Z
pet_patch,Pet Patch,Pet,fresh_cart,Fresh Cart,gmv,GMV,2025-08-01,2025-08-31,2025-08,historical,747294078.67,USD,,2025-09-01T08:00:00Z
pet_patch,Pet Patch,Pet,fresh_cart,Fresh Cart,gmv,GMV,2025-09-01,2025-09-30,2025-09,historical,736299402.38,USD,,2025-10-01T08:00:00Z
pet_patch,Pet Patch,Pet,fresh_cart,Fresh Cart,gmv,GMV,2025-10-01,2025-10-31,2025-10,historical,656880663.90,USD,,2025-11-01T08:00:00Z
pet_patch,Pet Patch,Pet,fresh_cart,Fresh Cart,gmv,GMV,2025-11-01,2025-11-30,2025-11,historical,685223619.19,USD,,2025-12-01T08:00:00Z
pet_patch,Pet Patch,Pet,fresh_cart,Fresh Cart,gmv,GMV,2025-12-01,2025-12-31,2025-12,historical,743349110.79,USD,,2026-01-01T08:00:00Z
pet_patch,Pet Patch,Pet,fresh_cart,Fresh Cart,gmv,GMV,2026-01-01,2026-01-31,2026-01,historical,755738702.67,USD,,2026-02-01T08:00:00Z
pet_patch,Pet Patch,Pet,fresh_cart,Fresh Cart,gmv,GMV,2026-02-01,2026-02-28,2026-02,historical,847046062.39,USD,,2026-03-01T08:00:00Z
pet_patch,Pet Patch,Pet,fresh_cart,Fresh Cart,gmv,GMV,2026-03-01,2026-03-31,2026-03,historical,842447177.24,USD,,2026-04-01T08:00:00Z
pet_patch,Pet Patch,Pet,fresh_cart,Fresh Cart,gmv,GMV,2026-04-01,2026-04-30,2026-04,historical,806797755.28,USD,,2026-05-01T08:00:00Z
pet_patch,Pet Patch,Pet,fresh_cart,Fresh Cart,gmv,GMV,2026-05-01,2026-05-31,2026-05,historical,836417290.27,USD,,2026-06-01T08:00:00Z
pet_patch,Pet Patch,Pet,fresh_cart,Fresh Cart,gmv,GMV,2026-06-01,2026-06-30,2026-06,mtd,113116974.71,USD,2026-06-04T09:00:00Z,2026-06-04T09:05:00Z
pet_patch,Pet Patch,Pet,fresh_cart,Fresh Cart,gmv,GMV,2026-06-01,2026-06-30,2026-06,mtd,117091868.80,USD,2026-06-04T13:00:00Z,2026-06-04T13:05:00Z
pet_patch,Pet Patch,Pet,fresh_cart,Fresh Cart,gmv,GMV,2026-06-01,2026-06-30,2026-06,mtd,123185952.12,USD,2026-06-04T17:00:00Z,2026-06-04T17:05:00Z
pet_patch,Pet Patch,Pet,fresh_cart,Fresh Cart,units_sold,Units Sold,2025-05-01,2025-05-31,2025-05,historical,7936644,units,,2025-06-01T08:00:00Z
pet_patch,Pet Patch,Pet,fresh_cart,Fresh Cart,units_sold,Units Sold,2025-06-01,2025-06-30,2025-06,historical,7633173,units,,2025-07-01T08:00:00Z
pet_patch,Pet Patch,Pet,fresh_cart,Fresh Cart,units_sold,Units Sold,2025-07-01,2025-07-31,2025-07,historical,7544406,units,,2025-08-01T08:00:00Z
pet_patch,Pet Patch,Pet,fresh_cart,Fresh Cart,units_sold,Units Sold,2025-08-01,2025-08-31,2025-08,historical,7533648,units,,2025-09-01T08:00:00Z
pet_patch,Pet Patch,Pet,fresh_cart,Fresh Cart,units_sold,Units Sold,2025-09-01,2025-09-30,2025-09,historical,7076017,units,,2025-10-01T08:00:00Z
pet_patch,Pet Patch,Pet,fresh_cart,Fresh Cart,units_sold,Units Sold,2025-10-01,2025-10-31,2025-10,historical,7276908,units,,2025-11-01T08:00:00Z
pet_patch,Pet Patch,Pet,fresh_cart,Fresh Cart,units_sold,Units Sold,2025-11-01,2025-11-30,2025-11,historical,7438757,units,,2025-12-01T08:00:00Z
pet_patch,Pet Patch,Pet,fresh_cart,Fresh Cart,units_sold,Units Sold,2025-12-01,2025-12-31,2025-12,historical,7217836,units,,2026-01-01T08:00:00Z
pet_patch,Pet Patch,Pet,fresh_cart,Fresh Cart,units_sold,Units Sold,2026-01-01,2026-01-31,2026-01,historical,7636522,units,,2026-02-01T08:00:00Z
pet_patch,Pet Patch,Pet,fresh_cart,Fresh Cart,units_sold,Units Sold,2026-02-01,2026-02-28,2026-02,historical,8628996,units,,2026-03-01T08:00:00Z
pet_patch,Pet Patch,Pet,fresh_cart,Fresh Cart,units_sold,Units Sold,2026-03-01,2026-03-31,2026-03,historical,8065661,units,,2026-04-01T08:00:00Z
pet_patch,Pet Patch,Pet,fresh_cart,Fresh Cart,units_sold,Units Sold,2026-04-01,2026-04-30,2026-04,historical,9162244,units,,2026-05-01T08:00:00Z
pet_patch,Pet Patch,Pet,fresh_cart,Fresh Cart,units_sold,Units Sold,2026-05-01,2026-05-31,2026-05,historical,8798736,units,,2026-06-01T08:00:00Z
pet_patch,Pet Patch,Pet,fresh_cart,Fresh Cart,units_sold,Units Sold,2026-06-01,2026-06-30,2026-06,mtd,1190374,units,2026-06-04T09:00:00Z,2026-06-04T09:05:00Z
pet_patch,Pet Patch,Pet,fresh_cart,Fresh Cart,units_sold,Units Sold,2026-06-01,2026-06-30,2026-06,mtd,1235785,units,2026-06-04T13:00:00Z,2026-06-04T13:05:00Z
pet_patch,Pet Patch,Pet,fresh_cart,Fresh Cart,units_sold,Units Sold,2026-06-01,2026-06-30,2026-06,mtd,1285264,units,2026-06-04T17:00:00Z,2026-06-04T17:05:00Z
pet_patch,Pet Patch,Pet,fresh_cart,Fresh Cart,asp,ASP,2025-05-01,2025-05-31,2025-05,historical,125.22,USD,,2025-06-01T08:00:00Z
pet_patch,Pet Patch,Pet,fresh_cart,Fresh Cart,asp,ASP,2025-06-01,2025-06-30,2025-06,historical,129.54,USD,,2025-07-01T08:00:00Z
pet_patch,Pet Patch,Pet,fresh_cart,Fresh Cart,asp,ASP,2025-07-01,2025-07-31,2025-07,historical,124.20,USD,,2025-08-01T08:00:00Z
pet_patch,Pet Patch,Pet,fresh_cart,Fresh Cart,asp,ASP,2025-08-01,2025-08-31,2025-08,historical,121.57,USD,,2025-09-01T08:00:00Z
pet_patch,Pet Patch,Pet,fresh_cart,Fresh Cart,asp,ASP,2025-09-01,2025-09-30,2025-09,historical,117.70,USD,,2025-10-01T08:00:00Z
pet_patch,Pet Patch,Pet,fresh_cart,Fresh Cart,asp,ASP,2025-10-01,2025-10-31,2025-10,historical,120.90,USD,,2025-11-01T08:00:00Z
pet_patch,Pet Patch,Pet,fresh_cart,Fresh Cart,asp,ASP,2025-11-01,2025-11-30,2025-11,historical,124.06,USD,,2025-12-01T08:00:00Z
pet_patch,Pet Patch,Pet,fresh_cart,Fresh Cart,asp,ASP,2025-12-01,2025-12-31,2025-12,historical,118.46,USD,,2026-01-01T08:00:00Z
pet_patch,Pet Patch,Pet,fresh_cart,Fresh Cart,asp,ASP,2026-01-01,2026-01-31,2026-01,historical,122.13,USD,,2026-02-01T08:00:00Z
pet_patch,Pet Patch,Pet,fresh_cart,Fresh Cart,asp,ASP,2026-02-01,2026-02-28,2026-02,historical,138.86,USD,,2026-03-01T08:00:00Z
pet_patch,Pet Patch,Pet,fresh_cart,Fresh Cart,asp,ASP,2026-03-01,2026-03-31,2026-03,historical,142.75,USD,,2026-04-01T08:00:00Z
pet_patch,Pet Patch,Pet,fresh_cart,Fresh Cart,asp,ASP,2026-04-01,2026-04-30,2026-04,historical,148.98,USD,,2026-05-01T08:00:00Z
pet_patch,Pet Patch,Pet,fresh_cart,Fresh Cart,asp,ASP,2026-05-01,2026-05-31,2026-05,historical,146.77,USD,,2026-06-01T08:00:00Z
pet_patch,Pet Patch,Pet,fresh_cart,Fresh Cart,asp,ASP,2026-06-01,2026-06-30,2026-06,mtd,146.36,USD,2026-06-04T09:00:00Z,2026-06-04T09:05:00Z
pet_patch,Pet Patch,Pet,fresh_cart,Fresh Cart,asp,ASP,2026-06-01,2026-06-30,2026-06,mtd,145.13,USD,2026-06-04T13:00:00Z,2026-06-04T13:05:00Z
pet_patch,Pet Patch,Pet,fresh_cart,Fresh Cart,asp,ASP,2026-06-01,2026-06-30,2026-06,mtd,147.15,USD,2026-06-04T17:00:00Z,2026-06-04T17:05:00Z
clean_kind,Clean Kind,Household,value_hub,Value Hub,gmv,GMV,2025-05-01,2025-05-31,2025-05,historical,579412101.90,USD,,2025-06-01T08:00:00Z
clean_kind,Clean Kind,Household,value_hub,Value Hub,gmv,GMV,2025-06-01,2025-06-30,2025-06,historical,554964006.11,USD,,2025-07-01T08:00:00Z
clean_kind,Clean Kind,Household,value_hub,Value Hub,gmv,GMV,2025-07-01,2025-07-31,2025-07,historical,596043122.39,USD,,2025-08-01T08:00:00Z
clean_kind,Clean Kind,Household,value_hub,Value Hub,gmv,GMV,2025-08-01,2025-08-31,2025-08,historical,572202656.08,USD,,2025-09-01T08:00:00Z
clean_kind,Clean Kind,Household,value_hub,Value Hub,gmv,GMV,2025-09-01,2025-09-30,2025-09,historical,557381956.43,USD,,2025-10-01T08:00:00Z
clean_kind,Clean Kind,Household,value_hub,Value Hub,gmv,GMV,2025-10-01,2025-10-31,2025-10,historical,511881030.82,USD,,2025-11-01T08:00:00Z
clean_kind,Clean Kind,Household,value_hub,Value Hub,gmv,GMV,2025-11-01,2025-11-30,2025-11,historical,560644845.27,USD,,2025-12-01T08:00:00Z
clean_kind,Clean Kind,Household,value_hub,Value Hub,gmv,GMV,2025-12-01,2025-12-31,2025-12,historical,579837194.96,USD,,2026-01-01T08:00:00Z
clean_kind,Clean Kind,Household,value_hub,Value Hub,gmv,GMV,2026-01-01,2026-01-31,2026-01,historical,572708654.52,USD,,2026-02-01T08:00:00Z
clean_kind,Clean Kind,Household,value_hub,Value Hub,gmv,GMV,2026-02-01,2026-02-28,2026-02,historical,602425441.96,USD,,2026-03-01T08:00:00Z
clean_kind,Clean Kind,Household,value_hub,Value Hub,gmv,GMV,2026-03-01,2026-03-31,2026-03,historical,614927726.70,USD,,2026-04-01T08:00:00Z
clean_kind,Clean Kind,Household,value_hub,Value Hub,gmv,GMV,2026-04-01,2026-04-30,2026-04,historical,649195821.78,USD,,2026-05-01T08:00:00Z
clean_kind,Clean Kind,Household,value_hub,Value Hub,gmv,GMV,2026-05-01,2026-05-31,2026-05,historical,613818509.82,USD,,2026-06-01T08:00:00Z
clean_kind,Clean Kind,Household,value_hub,Value Hub,gmv,GMV,2026-06-01,2026-06-30,2026-06,mtd,94907239.34,USD,2026-06-04T09:00:00Z,2026-06-04T09:05:00Z
clean_kind,Clean Kind,Household,value_hub,Value Hub,gmv,GMV,2026-06-01,2026-06-30,2026-06,mtd,99655233.55,USD,2026-06-04T13:00:00Z,2026-06-04T13:05:00Z
clean_kind,Clean Kind,Household,value_hub,Value Hub,gmv,GMV,2026-06-01,2026-06-30,2026-06,mtd,103771140.58,USD,2026-06-04T17:00:00Z,2026-06-04T17:05:00Z
clean_kind,Clean Kind,Household,value_hub,Value Hub,units_sold,Units Sold,2025-05-01,2025-05-31,2025-05,historical,9394939,units,,2025-06-01T08:00:00Z
clean_kind,Clean Kind,Household,value_hub,Value Hub,units_sold,Units Sold,2025-06-01,2025-06-30,2025-06,historical,8607958,units,,2025-07-01T08:00:00Z
clean_kind,Clean Kind,Household,value_hub,Value Hub,units_sold,Units Sold,2025-07-01,2025-07-31,2025-07,historical,8517325,units,,2025-08-01T08:00:00Z
clean_kind,Clean Kind,Household,value_hub,Value Hub,units_sold,Units Sold,2025-08-01,2025-08-31,2025-08,historical,7887643,units,,2025-09-01T08:00:00Z
clean_kind,Clean Kind,Household,value_hub,Value Hub,units_sold,Units Sold,2025-09-01,2025-09-30,2025-09,historical,8280686,units,,2025-10-01T08:00:00Z
clean_kind,Clean Kind,Household,value_hub,Value Hub,units_sold,Units Sold,2025-10-01,2025-10-31,2025-10,historical,8074042,units,,2025-11-01T08:00:00Z
clean_kind,Clean Kind,Household,value_hub,Value Hub,units_sold,Units Sold,2025-11-01,2025-11-30,2025-11,historical,8503358,units,,2025-12-01T08:00:00Z
clean_kind,Clean Kind,Household,value_hub,Value Hub,units_sold,Units Sold,2025-12-01,2025-12-31,2025-12,historical,8783139,units,,2026-01-01T08:00:00Z
clean_kind,Clean Kind,Household,value_hub,Value Hub,units_sold,Units Sold,2026-01-01,2026-01-31,2026-01,historical,9061199,units,,2026-02-01T08:00:00Z
clean_kind,Clean Kind,Household,value_hub,Value Hub,units_sold,Units Sold,2026-02-01,2026-02-28,2026-02,historical,9700403,units,,2026-03-01T08:00:00Z
clean_kind,Clean Kind,Household,value_hub,Value Hub,units_sold,Units Sold,2026-03-01,2026-03-31,2026-03,historical,9137239,units,,2026-04-01T08:00:00Z
clean_kind,Clean Kind,Household,value_hub,Value Hub,units_sold,Units Sold,2026-04-01,2026-04-30,2026-04,historical,9833872,units,,2026-05-01T08:00:00Z
clean_kind,Clean Kind,Household,value_hub,Value Hub,units_sold,Units Sold,2026-05-01,2026-05-31,2026-05,historical,10345574,units,,2026-06-01T08:00:00Z
clean_kind,Clean Kind,Household,value_hub,Value Hub,units_sold,Units Sold,2026-06-01,2026-06-30,2026-06,mtd,1402174,units,2026-06-04T09:00:00Z,2026-06-04T09:05:00Z
clean_kind,Clean Kind,Household,value_hub,Value Hub,units_sold,Units Sold,2026-06-01,2026-06-30,2026-06,mtd,1458470,units,2026-06-04T13:00:00Z,2026-06-04T13:05:00Z
clean_kind,Clean Kind,Household,value_hub,Value Hub,units_sold,Units Sold,2026-06-01,2026-06-30,2026-06,mtd,1506792,units,2026-06-04T17:00:00Z,2026-06-04T17:05:00Z
clean_kind,Clean Kind,Household,value_hub,Value Hub,asp,ASP,2025-05-01,2025-05-31,2025-05,historical,124.05,USD,,2025-06-01T08:00:00Z
clean_kind,Clean Kind,Household,value_hub,Value Hub,asp,ASP,2025-06-01,2025-06-30,2025-06,historical,119.23,USD,,2025-07-01T08:00:00Z
clean_kind,Clean Kind,Household,value_hub,Value Hub,asp,ASP,2025-07-01,2025-07-31,2025-07,historical,118.13,USD,,2025-08-01T08:00:00Z
clean_kind,Clean Kind,Household,value_hub,Value Hub,asp,ASP,2025-08-01,2025-08-31,2025-08,historical,114.47,USD,,2025-09-01T08:00:00Z
clean_kind,Clean Kind,Household,value_hub,Value Hub,asp,ASP,2025-09-01,2025-09-30,2025-09,historical,105.68,USD,,2025-10-01T08:00:00Z
clean_kind,Clean Kind,Household,value_hub,Value Hub,asp,ASP,2025-10-01,2025-10-31,2025-10,historical,103.76,USD,,2025-11-01T08:00:00Z
clean_kind,Clean Kind,Household,value_hub,Value Hub,asp,ASP,2025-11-01,2025-11-30,2025-11,historical,113.97,USD,,2025-12-01T08:00:00Z
clean_kind,Clean Kind,Household,value_hub,Value Hub,asp,ASP,2025-12-01,2025-12-31,2025-12,historical,119.61,USD,,2026-01-01T08:00:00Z
clean_kind,Clean Kind,Household,value_hub,Value Hub,asp,ASP,2026-01-01,2026-01-31,2026-01,historical,118.23,USD,,2026-02-01T08:00:00Z
clean_kind,Clean Kind,Household,value_hub,Value Hub,asp,ASP,2026-02-01,2026-02-28,2026-02,historical,127.53,USD,,2026-03-01T08:00:00Z
clean_kind,Clean Kind,Household,value_hub,Value Hub,asp,ASP,2026-03-01,2026-03-31,2026-03,historical,140.05,USD,,2026-04-01T08:00:00Z
clean_kind,Clean Kind,Household,value_hub,Value Hub,asp,ASP,2026-04-01,2026-04-30,2026-04,historical,128.14,USD,,2026-05-01T08:00:00Z
clean_kind,Clean Kind,Household,value_hub,Value Hub,asp,ASP,2026-05-01,2026-05-31,2026-05,historical,129.41,USD,,2026-06-01T08:00:00Z
clean_kind,Clean Kind,Household,value_hub,Value Hub,asp,ASP,2026-06-01,2026-06-30,2026-06,mtd,125.86,USD,2026-06-04T09:00:00Z,2026-06-04T09:05:00Z
clean_kind,Clean Kind,Household,value_hub,Value Hub,asp,ASP,2026-06-01,2026-06-30,2026-06,mtd,129.82,USD,2026-06-04T13:00:00Z,2026-06-04T13:05:00Z
clean_kind,Clean Kind,Household,value_hub,Value Hub,asp,ASP,2026-06-01,2026-06-30,2026-06,mtd,128.96,USD,2026-06-04T17:00:00Z,2026-06-04T17:05:00Z
clean_kind,Clean Kind,Household,home_lane,Home Lane,gmv,GMV,2025-05-01,2025-05-31,2025-05,historical,539353588.62,USD,,2025-06-01T08:00:00Z
clean_kind,Clean Kind,Household,home_lane,Home Lane,gmv,GMV,2025-06-01,2025-06-30,2025-06,historical,555410216.21,USD,,2025-07-01T08:00:00Z
clean_kind,Clean Kind,Household,home_lane,Home Lane,gmv,GMV,2025-07-01,2025-07-31,2025-07,historical,527276231.40,USD,,2025-08-01T08:00:00Z
clean_kind,Clean Kind,Household,home_lane,Home Lane,gmv,GMV,2025-08-01,2025-08-31,2025-08,historical,480958648.40,USD,,2025-09-01T08:00:00Z
clean_kind,Clean Kind,Household,home_lane,Home Lane,gmv,GMV,2025-09-01,2025-09-30,2025-09,historical,467225450.72,USD,,2025-10-01T08:00:00Z
clean_kind,Clean Kind,Household,home_lane,Home Lane,gmv,GMV,2025-10-01,2025-10-31,2025-10,historical,514796157.63,USD,,2025-11-01T08:00:00Z
clean_kind,Clean Kind,Household,home_lane,Home Lane,gmv,GMV,2025-11-01,2025-11-30,2025-11,historical,501628222.21,USD,,2025-12-01T08:00:00Z
clean_kind,Clean Kind,Household,home_lane,Home Lane,gmv,GMV,2025-12-01,2025-12-31,2025-12,historical,535373601.16,USD,,2026-01-01T08:00:00Z
clean_kind,Clean Kind,Household,home_lane,Home Lane,gmv,GMV,2026-01-01,2026-01-31,2026-01,historical,568884476.70,USD,,2026-02-01T08:00:00Z
clean_kind,Clean Kind,Household,home_lane,Home Lane,gmv,GMV,2026-02-01,2026-02-28,2026-02,historical,576598063.39,USD,,2026-03-01T08:00:00Z
clean_kind,Clean Kind,Household,home_lane,Home Lane,gmv,GMV,2026-03-01,2026-03-31,2026-03,historical,600869345.29,USD,,2026-04-01T08:00:00Z
clean_kind,Clean Kind,Household,home_lane,Home Lane,gmv,GMV,2026-04-01,2026-04-30,2026-04,historical,582123931.55,USD,,2026-05-01T08:00:00Z
clean_kind,Clean Kind,Household,home_lane,Home Lane,gmv,GMV,2026-05-01,2026-05-31,2026-05,historical,584284343.21,USD,,2026-06-01T08:00:00Z
clean_kind,Clean Kind,Household,home_lane,Home Lane,gmv,GMV,2026-06-01,2026-06-30,2026-06,mtd,82569654.18,USD,2026-06-04T09:00:00Z,2026-06-04T09:05:00Z
clean_kind,Clean Kind,Household,home_lane,Home Lane,gmv,GMV,2026-06-01,2026-06-30,2026-06,mtd,86748593.05,USD,2026-06-04T13:00:00Z,2026-06-04T13:05:00Z
clean_kind,Clean Kind,Household,home_lane,Home Lane,gmv,GMV,2026-06-01,2026-06-30,2026-06,mtd,90111211.99,USD,2026-06-04T17:00:00Z,2026-06-04T17:05:00Z
clean_kind,Clean Kind,Household,home_lane,Home Lane,units_sold,Units Sold,2025-05-01,2025-05-31,2025-05,historical,9663748,units,,2025-06-01T08:00:00Z
clean_kind,Clean Kind,Household,home_lane,Home Lane,units_sold,Units Sold,2025-06-01,2025-06-30,2025-06,historical,10069807,units,,2025-07-01T08:00:00Z
clean_kind,Clean Kind,Household,home_lane,Home Lane,units_sold,Units Sold,2025-07-01,2025-07-31,2025-07,historical,9002763,units,,2025-08-01T08:00:00Z
clean_kind,Clean Kind,Household,home_lane,Home Lane,units_sold,Units Sold,2025-08-01,2025-08-31,2025-08,historical,9389649,units,,2025-09-01T08:00:00Z
clean_kind,Clean Kind,Household,home_lane,Home Lane,units_sold,Units Sold,2025-09-01,2025-09-30,2025-09,historical,8871660,units,,2025-10-01T08:00:00Z
clean_kind,Clean Kind,Household,home_lane,Home Lane,units_sold,Units Sold,2025-10-01,2025-10-31,2025-10,historical,8488546,units,,2025-11-01T08:00:00Z
clean_kind,Clean Kind,Household,home_lane,Home Lane,units_sold,Units Sold,2025-11-01,2025-11-30,2025-11,historical,9510103,units,,2025-12-01T08:00:00Z
clean_kind,Clean Kind,Household,home_lane,Home Lane,units_sold,Units Sold,2025-12-01,2025-12-31,2025-12,historical,9560880,units,,2026-01-01T08:00:00Z
clean_kind,Clean Kind,Household,home_lane,Home Lane,units_sold,Units Sold,2026-01-01,2026-01-31,2026-01,historical,10143665,units,,2026-02-01T08:00:00Z
clean_kind,Clean Kind,Household,home_lane,Home Lane,units_sold,Units Sold,2026-02-01,2026-02-28,2026-02,historical,9752347,units,,2026-03-01T08:00:00Z
clean_kind,Clean Kind,Household,home_lane,Home Lane,units_sold,Units Sold,2026-03-01,2026-03-31,2026-03,historical,11327356,units,,2026-04-01T08:00:00Z
clean_kind,Clean Kind,Household,home_lane,Home Lane,units_sold,Units Sold,2026-04-01,2026-04-30,2026-04,historical,11363148,units,,2026-05-01T08:00:00Z
clean_kind,Clean Kind,Household,home_lane,Home Lane,units_sold,Units Sold,2026-05-01,2026-05-31,2026-05,historical,10566614,units,,2026-06-01T08:00:00Z
clean_kind,Clean Kind,Household,home_lane,Home Lane,units_sold,Units Sold,2026-06-01,2026-06-30,2026-06,mtd,1495459,units,2026-06-04T09:00:00Z,2026-06-04T09:05:00Z
clean_kind,Clean Kind,Household,home_lane,Home Lane,units_sold,Units Sold,2026-06-01,2026-06-30,2026-06,mtd,1558414,units,2026-06-04T13:00:00Z,2026-06-04T13:05:00Z
clean_kind,Clean Kind,Household,home_lane,Home Lane,units_sold,Units Sold,2026-06-01,2026-06-30,2026-06,mtd,1596175,units,2026-06-04T17:00:00Z,2026-06-04T17:05:00Z
clean_kind,Clean Kind,Household,home_lane,Home Lane,asp,ASP,2025-05-01,2025-05-31,2025-05,historical,125.68,USD,,2025-06-01T08:00:00Z
clean_kind,Clean Kind,Household,home_lane,Home Lane,asp,ASP,2025-06-01,2025-06-30,2025-06,historical,120.06,USD,,2025-07-01T08:00:00Z
clean_kind,Clean Kind,Household,home_lane,Home Lane,asp,ASP,2025-07-01,2025-07-31,2025-07,historical,112.05,USD,,2025-08-01T08:00:00Z
clean_kind,Clean Kind,Household,home_lane,Home Lane,asp,ASP,2025-08-01,2025-08-31,2025-08,historical,106.75,USD,,2025-09-01T08:00:00Z
clean_kind,Clean Kind,Household,home_lane,Home Lane,asp,ASP,2025-09-01,2025-09-30,2025-09,historical,108.46,USD,,2025-10-01T08:00:00Z
clean_kind,Clean Kind,Household,home_lane,Home Lane,asp,ASP,2025-10-01,2025-10-31,2025-10,historical,116.00,USD,,2025-11-01T08:00:00Z
clean_kind,Clean Kind,Household,home_lane,Home Lane,asp,ASP,2025-11-01,2025-11-30,2025-11,historical,116.27,USD,,2025-12-01T08:00:00Z
clean_kind,Clean Kind,Household,home_lane,Home Lane,asp,ASP,2025-12-01,2025-12-31,2025-12,historical,118.23,USD,,2026-01-01T08:00:00Z
clean_kind,Clean Kind,Household,home_lane,Home Lane,asp,ASP,2026-01-01,2026-01-31,2026-01,historical,120.77,USD,,2026-02-01T08:00:00Z
clean_kind,Clean Kind,Household,home_lane,Home Lane,asp,ASP,2026-02-01,2026-02-28,2026-02,historical,121.21,USD,,2026-03-01T08:00:00Z
clean_kind,Clean Kind,Household,home_lane,Home Lane,asp,ASP,2026-03-01,2026-03-31,2026-03,historical,127.71,USD,,2026-04-01T08:00:00Z
clean_kind,Clean Kind,Household,home_lane,Home Lane,asp,ASP,2026-04-01,2026-04-30,2026-04,historical,129.69,USD,,2026-05-01T08:00:00Z
clean_kind,Clean Kind,Household,home_lane,Home Lane,asp,ASP,2026-05-01,2026-05-31,2026-05,historical,127.97,USD,,2026-06-01T08:00:00Z
clean_kind,Clean Kind,Household,home_lane,Home Lane,asp,ASP,2026-06-01,2026-06-30,2026-06,mtd,124.29,USD,2026-06-04T09:00:00Z,2026-06-04T09:05:00Z
clean_kind,Clean Kind,Household,home_lane,Home Lane,asp,ASP,2026-06-01,2026-06-30,2026-06,mtd,126.52,USD,2026-06-04T13:00:00Z,2026-06-04T13:05:00Z
clean_kind,Clean Kind,Household,home_lane,Home Lane,asp,ASP,2026-06-01,2026-06-30,2026-06,mtd,126.54,USD,2026-06-04T17:00:00Z,2026-06-04T17:05:00Z
clean_kind,Clean Kind,Household,fresh_cart,Fresh Cart,gmv,GMV,2025-05-01,2025-05-31,2025-05,historical,662876972.26,USD,,2025-06-01T08:00:00Z
clean_kind,Clean Kind,Household,fresh_cart,Fresh Cart,gmv,GMV,2025-06-01,2025-06-30,2025-06,historical,650116812.21,USD,,2025-07-01T08:00:00Z
clean_kind,Clean Kind,Household,fresh_cart,Fresh Cart,gmv,GMV,2025-07-01,2025-07-31,2025-07,historical,587037069.79,USD,,2025-08-01T08:00:00Z
clean_kind,Clean Kind,Household,fresh_cart,Fresh Cart,gmv,GMV,2025-08-01,2025-08-31,2025-08,historical,604076686.80,USD,,2025-09-01T08:00:00Z
clean_kind,Clean Kind,Household,fresh_cart,Fresh Cart,gmv,GMV,2025-09-01,2025-09-30,2025-09,historical,567378268.78,USD,,2025-10-01T08:00:00Z
clean_kind,Clean Kind,Household,fresh_cart,Fresh Cart,gmv,GMV,2025-10-01,2025-10-31,2025-10,historical,546426159.40,USD,,2025-11-01T08:00:00Z
clean_kind,Clean Kind,Household,fresh_cart,Fresh Cart,gmv,GMV,2025-11-01,2025-11-30,2025-11,historical,574860609.87,USD,,2025-12-01T08:00:00Z
clean_kind,Clean Kind,Household,fresh_cart,Fresh Cart,gmv,GMV,2025-12-01,2025-12-31,2025-12,historical,625635069.53,USD,,2026-01-01T08:00:00Z
clean_kind,Clean Kind,Household,fresh_cart,Fresh Cart,gmv,GMV,2026-01-01,2026-01-31,2026-01,historical,648845951.10,USD,,2026-02-01T08:00:00Z
clean_kind,Clean Kind,Household,fresh_cart,Fresh Cart,gmv,GMV,2026-02-01,2026-02-28,2026-02,historical,671848338.07,USD,,2026-03-01T08:00:00Z
clean_kind,Clean Kind,Household,fresh_cart,Fresh Cart,gmv,GMV,2026-03-01,2026-03-31,2026-03,historical,651437392.66,USD,,2026-04-01T08:00:00Z
clean_kind,Clean Kind,Household,fresh_cart,Fresh Cart,gmv,GMV,2026-04-01,2026-04-30,2026-04,historical,676975496.67,USD,,2026-05-01T08:00:00Z
clean_kind,Clean Kind,Household,fresh_cart,Fresh Cart,gmv,GMV,2026-05-01,2026-05-31,2026-05,historical,736570897.81,USD,,2026-06-01T08:00:00Z
clean_kind,Clean Kind,Household,fresh_cart,Fresh Cart,gmv,GMV,2026-06-01,2026-06-30,2026-06,mtd,96671791.48,USD,2026-06-04T09:00:00Z,2026-06-04T09:05:00Z
clean_kind,Clean Kind,Household,fresh_cart,Fresh Cart,gmv,GMV,2026-06-01,2026-06-30,2026-06,mtd,100131443.43,USD,2026-06-04T13:00:00Z,2026-06-04T13:05:00Z
clean_kind,Clean Kind,Household,fresh_cart,Fresh Cart,gmv,GMV,2026-06-01,2026-06-30,2026-06,mtd,103053404.30,USD,2026-06-04T17:00:00Z,2026-06-04T17:05:00Z
clean_kind,Clean Kind,Household,fresh_cart,Fresh Cart,units_sold,Units Sold,2025-05-01,2025-05-31,2025-05,historical,14063895,units,,2025-06-01T08:00:00Z
clean_kind,Clean Kind,Household,fresh_cart,Fresh Cart,units_sold,Units Sold,2025-06-01,2025-06-30,2025-06,historical,13684556,units,,2025-07-01T08:00:00Z
clean_kind,Clean Kind,Household,fresh_cart,Fresh Cart,units_sold,Units Sold,2025-07-01,2025-07-31,2025-07,historical,13921223,units,,2025-08-01T08:00:00Z
clean_kind,Clean Kind,Household,fresh_cart,Fresh Cart,units_sold,Units Sold,2025-08-01,2025-08-31,2025-08,historical,13561290,units,,2025-09-01T08:00:00Z
clean_kind,Clean Kind,Household,fresh_cart,Fresh Cart,units_sold,Units Sold,2025-09-01,2025-09-30,2025-09,historical,13716277,units,,2025-10-01T08:00:00Z
clean_kind,Clean Kind,Household,fresh_cart,Fresh Cart,units_sold,Units Sold,2025-10-01,2025-10-31,2025-10,historical,13812178,units,,2025-11-01T08:00:00Z
clean_kind,Clean Kind,Household,fresh_cart,Fresh Cart,units_sold,Units Sold,2025-11-01,2025-11-30,2025-11,historical,12988116,units,,2025-12-01T08:00:00Z
clean_kind,Clean Kind,Household,fresh_cart,Fresh Cart,units_sold,Units Sold,2025-12-01,2025-12-31,2025-12,historical,14277585,units,,2026-01-01T08:00:00Z
clean_kind,Clean Kind,Household,fresh_cart,Fresh Cart,units_sold,Units Sold,2026-01-01,2026-01-31,2026-01,historical,13848478,units,,2026-02-01T08:00:00Z
clean_kind,Clean Kind,Household,fresh_cart,Fresh Cart,units_sold,Units Sold,2026-02-01,2026-02-28,2026-02,historical,15275659,units,,2026-03-01T08:00:00Z
clean_kind,Clean Kind,Household,fresh_cart,Fresh Cart,units_sold,Units Sold,2026-03-01,2026-03-31,2026-03,historical,15732600,units,,2026-04-01T08:00:00Z
clean_kind,Clean Kind,Household,fresh_cart,Fresh Cart,units_sold,Units Sold,2026-04-01,2026-04-30,2026-04,historical,15826434,units,,2026-05-01T08:00:00Z
clean_kind,Clean Kind,Household,fresh_cart,Fresh Cart,units_sold,Units Sold,2026-05-01,2026-05-31,2026-05,historical,16939631,units,,2026-06-01T08:00:00Z
clean_kind,Clean Kind,Household,fresh_cart,Fresh Cart,units_sold,Units Sold,2026-06-01,2026-06-30,2026-06,mtd,2374212,units,2026-06-04T09:00:00Z,2026-06-04T09:05:00Z
clean_kind,Clean Kind,Household,fresh_cart,Fresh Cart,units_sold,Units Sold,2026-06-01,2026-06-30,2026-06,mtd,2460894,units,2026-06-04T13:00:00Z,2026-06-04T13:05:00Z
clean_kind,Clean Kind,Household,fresh_cart,Fresh Cart,units_sold,Units Sold,2026-06-01,2026-06-30,2026-06,mtd,2529902,units,2026-06-04T17:00:00Z,2026-06-04T17:05:00Z
clean_kind,Clean Kind,Household,fresh_cart,Fresh Cart,asp,ASP,2025-05-01,2025-05-31,2025-05,historical,178.76,USD,,2025-06-01T08:00:00Z
clean_kind,Clean Kind,Household,fresh_cart,Fresh Cart,asp,ASP,2025-06-01,2025-06-30,2025-06,historical,173.51,USD,,2025-07-01T08:00:00Z
clean_kind,Clean Kind,Household,fresh_cart,Fresh Cart,asp,ASP,2025-07-01,2025-07-31,2025-07,historical,160.81,USD,,2025-08-01T08:00:00Z
clean_kind,Clean Kind,Household,fresh_cart,Fresh Cart,asp,ASP,2025-08-01,2025-08-31,2025-08,historical,152.13,USD,,2025-09-01T08:00:00Z
clean_kind,Clean Kind,Household,fresh_cart,Fresh Cart,asp,ASP,2025-09-01,2025-09-30,2025-09,historical,153.87,USD,,2025-10-01T08:00:00Z
clean_kind,Clean Kind,Household,fresh_cart,Fresh Cart,asp,ASP,2025-10-01,2025-10-31,2025-10,historical,148.95,USD,,2025-11-01T08:00:00Z
clean_kind,Clean Kind,Household,fresh_cart,Fresh Cart,asp,ASP,2025-11-01,2025-11-30,2025-11,historical,166.73,USD,,2025-12-01T08:00:00Z
clean_kind,Clean Kind,Household,fresh_cart,Fresh Cart,asp,ASP,2025-12-01,2025-12-31,2025-12,historical,162.73,USD,,2026-01-01T08:00:00Z
clean_kind,Clean Kind,Household,fresh_cart,Fresh Cart,asp,ASP,2026-01-01,2026-01-31,2026-01,historical,171.33,USD,,2026-02-01T08:00:00Z
clean_kind,Clean Kind,Household,fresh_cart,Fresh Cart,asp,ASP,2026-02-01,2026-02-28,2026-02,historical,187.53,USD,,2026-03-01T08:00:00Z
clean_kind,Clean Kind,Household,fresh_cart,Fresh Cart,asp,ASP,2026-03-01,2026-03-31,2026-03,historical,196.93,USD,,2026-04-01T08:00:00Z
clean_kind,Clean Kind,Household,fresh_cart,Fresh Cart,asp,ASP,2026-04-01,2026-04-30,2026-04,historical,182.40,USD,,2026-05-01T08:00:00Z
clean_kind,Clean Kind,Household,fresh_cart,Fresh Cart,asp,ASP,2026-05-01,2026-05-31,2026-05,historical,184.67,USD,,2026-06-01T08:00:00Z
clean_kind,Clean Kind,Household,fresh_cart,Fresh Cart,asp,ASP,2026-06-01,2026-06-30,2026-06,mtd,182.12,USD,2026-06-04T09:00:00Z,2026-06-04T09:05:00Z
clean_kind,Clean Kind,Household,fresh_cart,Fresh Cart,asp,ASP,2026-06-01,2026-06-30,2026-06,mtd,184.18,USD,2026-06-04T13:00:00Z,2026-06-04T13:05:00Z
clean_kind,Clean Kind,Household,fresh_cart,Fresh Cart,asp,ASP,2026-06-01,2026-06-30,2026-06,mtd,185.87,USD,2026-06-04T17:00:00Z,2026-06-04T17:05:00Z
aero_luggage,Aero Luggage,Travel,market_square,Market Square,gmv,GMV,2025-05-01,2025-05-31,2025-05,historical,538738668.00,USD,,2025-06-01T08:00:00Z
aero_luggage,Aero Luggage,Travel,market_square,Market Square,gmv,GMV,2025-06-01,2025-06-30,2025-06,historical,574403462.88,USD,,2025-07-01T08:00:00Z
aero_luggage,Aero Luggage,Travel,market_square,Market Square,gmv,GMV,2025-07-01,2025-07-31,2025-07,historical,512860608.12,USD,,2025-08-01T08:00:00Z
aero_luggage,Aero Luggage,Travel,market_square,Market Square,gmv,GMV,2025-08-01,2025-08-31,2025-08,historical,504007786.77,USD,,2025-09-01T08:00:00Z
aero_luggage,Aero Luggage,Travel,market_square,Market Square,gmv,GMV,2025-09-01,2025-09-30,2025-09,historical,523395042.46,USD,,2025-10-01T08:00:00Z
aero_luggage,Aero Luggage,Travel,market_square,Market Square,gmv,GMV,2025-10-01,2025-10-31,2025-10,historical,511923507.44,USD,,2025-11-01T08:00:00Z
aero_luggage,Aero Luggage,Travel,market_square,Market Square,gmv,GMV,2025-11-01,2025-11-30,2025-11,historical,511644709.21,USD,,2025-12-01T08:00:00Z
aero_luggage,Aero Luggage,Travel,market_square,Market Square,gmv,GMV,2025-12-01,2025-12-31,2025-12,historical,544172086.31,USD,,2026-01-01T08:00:00Z
aero_luggage,Aero Luggage,Travel,market_square,Market Square,gmv,GMV,2026-01-01,2026-01-31,2026-01,historical,547608031.51,USD,,2026-02-01T08:00:00Z
aero_luggage,Aero Luggage,Travel,market_square,Market Square,gmv,GMV,2026-02-01,2026-02-28,2026-02,historical,608697884.76,USD,,2026-03-01T08:00:00Z
aero_luggage,Aero Luggage,Travel,market_square,Market Square,gmv,GMV,2026-03-01,2026-03-31,2026-03,historical,606118679.34,USD,,2026-04-01T08:00:00Z
aero_luggage,Aero Luggage,Travel,market_square,Market Square,gmv,GMV,2026-04-01,2026-04-30,2026-04,historical,604013613.06,USD,,2026-05-01T08:00:00Z
aero_luggage,Aero Luggage,Travel,market_square,Market Square,gmv,GMV,2026-05-01,2026-05-31,2026-05,historical,627899274.49,USD,,2026-06-01T08:00:00Z
aero_luggage,Aero Luggage,Travel,market_square,Market Square,gmv,GMV,2026-06-01,2026-06-30,2026-06,mtd,87382392.36,USD,2026-06-04T09:00:00Z,2026-06-04T09:05:00Z
aero_luggage,Aero Luggage,Travel,market_square,Market Square,gmv,GMV,2026-06-01,2026-06-30,2026-06,mtd,89124935.66,USD,2026-06-04T13:00:00Z,2026-06-04T13:05:00Z
aero_luggage,Aero Luggage,Travel,market_square,Market Square,gmv,GMV,2026-06-01,2026-06-30,2026-06,mtd,93298157.86,USD,2026-06-04T17:00:00Z,2026-06-04T17:05:00Z
aero_luggage,Aero Luggage,Travel,market_square,Market Square,units_sold,Units Sold,2025-05-01,2025-05-31,2025-05,historical,16200459,units,,2025-06-01T08:00:00Z
aero_luggage,Aero Luggage,Travel,market_square,Market Square,units_sold,Units Sold,2025-06-01,2025-06-30,2025-06,historical,15922605,units,,2025-07-01T08:00:00Z
aero_luggage,Aero Luggage,Travel,market_square,Market Square,units_sold,Units Sold,2025-07-01,2025-07-31,2025-07,historical,16178264,units,,2025-08-01T08:00:00Z
aero_luggage,Aero Luggage,Travel,market_square,Market Square,units_sold,Units Sold,2025-08-01,2025-08-31,2025-08,historical,15562366,units,,2025-09-01T08:00:00Z
aero_luggage,Aero Luggage,Travel,market_square,Market Square,units_sold,Units Sold,2025-09-01,2025-09-30,2025-09,historical,15708489,units,,2025-10-01T08:00:00Z
aero_luggage,Aero Luggage,Travel,market_square,Market Square,units_sold,Units Sold,2025-10-01,2025-10-31,2025-10,historical,15146729,units,,2025-11-01T08:00:00Z
aero_luggage,Aero Luggage,Travel,market_square,Market Square,units_sold,Units Sold,2025-11-01,2025-11-30,2025-11,historical,16263911,units,,2025-12-01T08:00:00Z
aero_luggage,Aero Luggage,Travel,market_square,Market Square,units_sold,Units Sold,2025-12-01,2025-12-31,2025-12,historical,17043926,units,,2026-01-01T08:00:00Z
aero_luggage,Aero Luggage,Travel,market_square,Market Square,units_sold,Units Sold,2026-01-01,2026-01-31,2026-01,historical,17342721,units,,2026-02-01T08:00:00Z
aero_luggage,Aero Luggage,Travel,market_square,Market Square,units_sold,Units Sold,2026-02-01,2026-02-28,2026-02,historical,18221506,units,,2026-03-01T08:00:00Z
aero_luggage,Aero Luggage,Travel,market_square,Market Square,units_sold,Units Sold,2026-03-01,2026-03-31,2026-03,historical,17745094,units,,2026-04-01T08:00:00Z
aero_luggage,Aero Luggage,Travel,market_square,Market Square,units_sold,Units Sold,2026-04-01,2026-04-30,2026-04,historical,19612965,units,,2026-05-01T08:00:00Z
aero_luggage,Aero Luggage,Travel,market_square,Market Square,units_sold,Units Sold,2026-05-01,2026-05-31,2026-05,historical,18525426,units,,2026-06-01T08:00:00Z
aero_luggage,Aero Luggage,Travel,market_square,Market Square,units_sold,Units Sold,2026-06-01,2026-06-30,2026-06,mtd,2663179,units,2026-06-04T09:00:00Z,2026-06-04T09:05:00Z
aero_luggage,Aero Luggage,Travel,market_square,Market Square,units_sold,Units Sold,2026-06-01,2026-06-30,2026-06,mtd,2747678,units,2026-06-04T13:00:00Z,2026-06-04T13:05:00Z
aero_luggage,Aero Luggage,Travel,market_square,Market Square,units_sold,Units Sold,2026-06-01,2026-06-30,2026-06,mtd,2862473,units,2026-06-04T17:00:00Z,2026-06-04T17:05:00Z
aero_luggage,Aero Luggage,Travel,market_square,Market Square,asp,ASP,2025-05-01,2025-05-31,2025-05,historical,131.05,USD,,2025-06-01T08:00:00Z
aero_luggage,Aero Luggage,Travel,market_square,Market Square,asp,ASP,2025-06-01,2025-06-30,2025-06,historical,136.22,USD,,2025-07-01T08:00:00Z
aero_luggage,Aero Luggage,Travel,market_square,Market Square,asp,ASP,2025-07-01,2025-07-31,2025-07,historical,131.31,USD,,2025-08-01T08:00:00Z
aero_luggage,Aero Luggage,Travel,market_square,Market Square,asp,ASP,2025-08-01,2025-08-31,2025-08,historical,126.15,USD,,2025-09-01T08:00:00Z
aero_luggage,Aero Luggage,Travel,market_square,Market Square,asp,ASP,2025-09-01,2025-09-30,2025-09,historical,128.19,USD,,2025-10-01T08:00:00Z
aero_luggage,Aero Luggage,Travel,market_square,Market Square,asp,ASP,2025-10-01,2025-10-31,2025-10,historical,120.73,USD,,2025-11-01T08:00:00Z
aero_luggage,Aero Luggage,Travel,market_square,Market Square,asp,ASP,2025-11-01,2025-11-30,2025-11,historical,121.02,USD,,2025-12-01T08:00:00Z
aero_luggage,Aero Luggage,Travel,market_square,Market Square,asp,ASP,2025-12-01,2025-12-31,2025-12,historical,134.85,USD,,2026-01-01T08:00:00Z
aero_luggage,Aero Luggage,Travel,market_square,Market Square,asp,ASP,2026-01-01,2026-01-31,2026-01,historical,128.50,USD,,2026-02-01T08:00:00Z
aero_luggage,Aero Luggage,Travel,market_square,Market Square,asp,ASP,2026-02-01,2026-02-28,2026-02,historical,134.98,USD,,2026-03-01T08:00:00Z
aero_luggage,Aero Luggage,Travel,market_square,Market Square,asp,ASP,2026-03-01,2026-03-31,2026-03,historical,140.03,USD,,2026-04-01T08:00:00Z
aero_luggage,Aero Luggage,Travel,market_square,Market Square,asp,ASP,2026-04-01,2026-04-30,2026-04,historical,143.74,USD,,2026-05-01T08:00:00Z
aero_luggage,Aero Luggage,Travel,market_square,Market Square,asp,ASP,2026-05-01,2026-05-31,2026-05,historical,144.92,USD,,2026-06-01T08:00:00Z
aero_luggage,Aero Luggage,Travel,market_square,Market Square,asp,ASP,2026-06-01,2026-06-30,2026-06,mtd,143.11,USD,2026-06-04T09:00:00Z,2026-06-04T09:05:00Z
aero_luggage,Aero Luggage,Travel,market_square,Market Square,asp,ASP,2026-06-01,2026-06-30,2026-06,mtd,144.25,USD,2026-06-04T13:00:00Z,2026-06-04T13:05:00Z
aero_luggage,Aero Luggage,Travel,market_square,Market Square,asp,ASP,2026-06-01,2026-06-30,2026-06,mtd,146.48,USD,2026-06-04T17:00:00Z,2026-06-04T17:05:00Z
aero_luggage,Aero Luggage,Travel,stylemart,StyleMart,gmv,GMV,2025-05-01,2025-05-31,2025-05,historical,814942324.91,USD,,2025-06-01T08:00:00Z
aero_luggage,Aero Luggage,Travel,stylemart,StyleMart,gmv,GMV,2025-06-01,2025-06-30,2025-06,historical,832998646.75,USD,,2025-07-01T08:00:00Z
aero_luggage,Aero Luggage,Travel,stylemart,StyleMart,gmv,GMV,2025-07-01,2025-07-31,2025-07,historical,751409009.81,USD,,2025-08-01T08:00:00Z
aero_luggage,Aero Luggage,Travel,stylemart,StyleMart,gmv,GMV,2025-08-01,2025-08-31,2025-08,historical,741339032.33,USD,,2025-09-01T08:00:00Z
aero_luggage,Aero Luggage,Travel,stylemart,StyleMart,gmv,GMV,2025-09-01,2025-09-30,2025-09,historical,710920703.64,USD,,2025-10-01T08:00:00Z
aero_luggage,Aero Luggage,Travel,stylemart,StyleMart,gmv,GMV,2025-10-01,2025-10-31,2025-10,historical,682231419.81,USD,,2025-11-01T08:00:00Z
aero_luggage,Aero Luggage,Travel,stylemart,StyleMart,gmv,GMV,2025-11-01,2025-11-30,2025-11,historical,758083925.38,USD,,2025-12-01T08:00:00Z
aero_luggage,Aero Luggage,Travel,stylemart,StyleMart,gmv,GMV,2025-12-01,2025-12-31,2025-12,historical,771868888.07,USD,,2026-01-01T08:00:00Z
aero_luggage,Aero Luggage,Travel,stylemart,StyleMart,gmv,GMV,2026-01-01,2026-01-31,2026-01,historical,817968792.38,USD,,2026-02-01T08:00:00Z
aero_luggage,Aero Luggage,Travel,stylemart,StyleMart,gmv,GMV,2026-02-01,2026-02-28,2026-02,historical,841858400.33,USD,,2026-03-01T08:00:00Z
aero_luggage,Aero Luggage,Travel,stylemart,StyleMart,gmv,GMV,2026-03-01,2026-03-31,2026-03,historical,861023565.44,USD,,2026-04-01T08:00:00Z
aero_luggage,Aero Luggage,Travel,stylemart,StyleMart,gmv,GMV,2026-04-01,2026-04-30,2026-04,historical,869043882.34,USD,,2026-05-01T08:00:00Z
aero_luggage,Aero Luggage,Travel,stylemart,StyleMart,gmv,GMV,2026-05-01,2026-05-31,2026-05,historical,912897267.18,USD,,2026-06-01T08:00:00Z
aero_luggage,Aero Luggage,Travel,stylemart,StyleMart,gmv,GMV,2026-06-01,2026-06-30,2026-06,mtd,127303350.20,USD,2026-06-04T09:00:00Z,2026-06-04T09:05:00Z
aero_luggage,Aero Luggage,Travel,stylemart,StyleMart,gmv,GMV,2026-06-01,2026-06-30,2026-06,mtd,131628072.71,USD,2026-06-04T13:00:00Z,2026-06-04T13:05:00Z
aero_luggage,Aero Luggage,Travel,stylemart,StyleMart,gmv,GMV,2026-06-01,2026-06-30,2026-06,mtd,136691667.26,USD,2026-06-04T17:00:00Z,2026-06-04T17:05:00Z
aero_luggage,Aero Luggage,Travel,stylemart,StyleMart,units_sold,Units Sold,2025-05-01,2025-05-31,2025-05,historical,16980218,units,,2025-06-01T08:00:00Z
aero_luggage,Aero Luggage,Travel,stylemart,StyleMart,units_sold,Units Sold,2025-06-01,2025-06-30,2025-06,historical,17491068,units,,2025-07-01T08:00:00Z
aero_luggage,Aero Luggage,Travel,stylemart,StyleMart,units_sold,Units Sold,2025-07-01,2025-07-31,2025-07,historical,16059253,units,,2025-08-01T08:00:00Z
aero_luggage,Aero Luggage,Travel,stylemart,StyleMart,units_sold,Units Sold,2025-08-01,2025-08-31,2025-08,historical,16004262,units,,2025-09-01T08:00:00Z
aero_luggage,Aero Luggage,Travel,stylemart,StyleMart,units_sold,Units Sold,2025-09-01,2025-09-30,2025-09,historical,14652272,units,,2025-10-01T08:00:00Z
aero_luggage,Aero Luggage,Travel,stylemart,StyleMart,units_sold,Units Sold,2025-10-01,2025-10-31,2025-10,historical,14745895,units,,2025-11-01T08:00:00Z
aero_luggage,Aero Luggage,Travel,stylemart,StyleMart,units_sold,Units Sold,2025-11-01,2025-11-30,2025-11,historical,16366933,units,,2025-12-01T08:00:00Z
aero_luggage,Aero Luggage,Travel,stylemart,StyleMart,units_sold,Units Sold,2025-12-01,2025-12-31,2025-12,historical,15543146,units,,2026-01-01T08:00:00Z
aero_luggage,Aero Luggage,Travel,stylemart,StyleMart,units_sold,Units Sold,2026-01-01,2026-01-31,2026-01,historical,17473403,units,,2026-02-01T08:00:00Z
aero_luggage,Aero Luggage,Travel,stylemart,StyleMart,units_sold,Units Sold,2026-02-01,2026-02-28,2026-02,historical,17802725,units,,2026-03-01T08:00:00Z
aero_luggage,Aero Luggage,Travel,stylemart,StyleMart,units_sold,Units Sold,2026-03-01,2026-03-31,2026-03,historical,17913380,units,,2026-04-01T08:00:00Z
aero_luggage,Aero Luggage,Travel,stylemart,StyleMart,units_sold,Units Sold,2026-04-01,2026-04-30,2026-04,historical,18980789,units,,2026-05-01T08:00:00Z
aero_luggage,Aero Luggage,Travel,stylemart,StyleMart,units_sold,Units Sold,2026-05-01,2026-05-31,2026-05,historical,19473862,units,,2026-06-01T08:00:00Z
aero_luggage,Aero Luggage,Travel,stylemart,StyleMart,units_sold,Units Sold,2026-06-01,2026-06-30,2026-06,mtd,2864595,units,2026-06-04T09:00:00Z,2026-06-04T09:05:00Z
aero_luggage,Aero Luggage,Travel,stylemart,StyleMart,units_sold,Units Sold,2026-06-01,2026-06-30,2026-06,mtd,2977141,units,2026-06-04T13:00:00Z,2026-06-04T13:05:00Z
aero_luggage,Aero Luggage,Travel,stylemart,StyleMart,units_sold,Units Sold,2026-06-01,2026-06-30,2026-06,mtd,3004391,units,2026-06-04T17:00:00Z,2026-06-04T17:05:00Z
aero_luggage,Aero Luggage,Travel,stylemart,StyleMart,asp,ASP,2025-05-01,2025-05-31,2025-05,historical,108.90,USD,,2025-06-01T08:00:00Z
aero_luggage,Aero Luggage,Travel,stylemart,StyleMart,asp,ASP,2025-06-01,2025-06-30,2025-06,historical,113.09,USD,,2025-07-01T08:00:00Z
aero_luggage,Aero Luggage,Travel,stylemart,StyleMart,asp,ASP,2025-07-01,2025-07-31,2025-07,historical,101.22,USD,,2025-08-01T08:00:00Z
aero_luggage,Aero Luggage,Travel,stylemart,StyleMart,asp,ASP,2025-08-01,2025-08-31,2025-08,historical,103.04,USD,,2025-09-01T08:00:00Z
aero_luggage,Aero Luggage,Travel,stylemart,StyleMart,asp,ASP,2025-09-01,2025-09-30,2025-09,historical,102.97,USD,,2025-10-01T08:00:00Z
aero_luggage,Aero Luggage,Travel,stylemart,StyleMart,asp,ASP,2025-10-01,2025-10-31,2025-10,historical,101.04,USD,,2025-11-01T08:00:00Z
aero_luggage,Aero Luggage,Travel,stylemart,StyleMart,asp,ASP,2025-11-01,2025-11-30,2025-11,historical,98.86,USD,,2025-12-01T08:00:00Z
aero_luggage,Aero Luggage,Travel,stylemart,StyleMart,asp,ASP,2025-12-01,2025-12-31,2025-12,historical,99.13,USD,,2026-01-01T08:00:00Z
aero_luggage,Aero Luggage,Travel,stylemart,StyleMart,asp,ASP,2026-01-01,2026-01-31,2026-01,historical,108.23,USD,,2026-02-01T08:00:00Z
aero_luggage,Aero Luggage,Travel,stylemart,StyleMart,asp,ASP,2026-02-01,2026-02-28,2026-02,historical,116.55,USD,,2026-03-01T08:00:00Z
aero_luggage,Aero Luggage,Travel,stylemart,StyleMart,asp,ASP,2026-03-01,2026-03-31,2026-03,historical,118.70,USD,,2026-04-01T08:00:00Z
aero_luggage,Aero Luggage,Travel,stylemart,StyleMart,asp,ASP,2026-04-01,2026-04-30,2026-04,historical,122.07,USD,,2026-05-01T08:00:00Z
aero_luggage,Aero Luggage,Travel,stylemart,StyleMart,asp,ASP,2026-05-01,2026-05-31,2026-05,historical,118.39,USD,,2026-06-01T08:00:00Z
aero_luggage,Aero Luggage,Travel,stylemart,StyleMart,asp,ASP,2026-06-01,2026-06-30,2026-06,mtd,117.90,USD,2026-06-04T09:00:00Z,2026-06-04T09:05:00Z
aero_luggage,Aero Luggage,Travel,stylemart,StyleMart,asp,ASP,2026-06-01,2026-06-30,2026-06,mtd,119.06,USD,2026-06-04T13:00:00Z,2026-06-04T13:05:00Z
aero_luggage,Aero Luggage,Travel,stylemart,StyleMart,asp,ASP,2026-06-01,2026-06-30,2026-06,mtd,117.31,USD,2026-06-04T17:00:00Z,2026-06-04T17:05:00Z
aero_luggage,Aero Luggage,Travel,tech_corner,Tech Corner,gmv,GMV,2025-05-01,2025-05-31,2025-05,historical,639935422.21,USD,,2025-06-01T08:00:00Z
aero_luggage,Aero Luggage,Travel,tech_corner,Tech Corner,gmv,GMV,2025-06-01,2025-06-30,2025-06,historical,584242620.78,USD,,2025-07-01T08:00:00Z
aero_luggage,Aero Luggage,Travel,tech_corner,Tech Corner,gmv,GMV,2025-07-01,2025-07-31,2025-07,historical,612810784.27,USD,,2025-08-01T08:00:00Z
aero_luggage,Aero Luggage,Travel,tech_corner,Tech Corner,gmv,GMV,2025-08-01,2025-08-31,2025-08,historical,555331913.39,USD,,2025-09-01T08:00:00Z
aero_luggage,Aero Luggage,Travel,tech_corner,Tech Corner,gmv,GMV,2025-09-01,2025-09-30,2025-09,historical,576161524.35,USD,,2025-10-01T08:00:00Z
aero_luggage,Aero Luggage,Travel,tech_corner,Tech Corner,gmv,GMV,2025-10-01,2025-10-31,2025-10,historical,552721273.97,USD,,2025-11-01T08:00:00Z
aero_luggage,Aero Luggage,Travel,tech_corner,Tech Corner,gmv,GMV,2025-11-01,2025-11-30,2025-11,historical,605671298.86,USD,,2025-12-01T08:00:00Z
aero_luggage,Aero Luggage,Travel,tech_corner,Tech Corner,gmv,GMV,2025-12-01,2025-12-31,2025-12,historical,623675681.96,USD,,2026-01-01T08:00:00Z
aero_luggage,Aero Luggage,Travel,tech_corner,Tech Corner,gmv,GMV,2026-01-01,2026-01-31,2026-01,historical,654781781.36,USD,,2026-02-01T08:00:00Z
aero_luggage,Aero Luggage,Travel,tech_corner,Tech Corner,gmv,GMV,2026-02-01,2026-02-28,2026-02,historical,688352152.27,USD,,2026-03-01T08:00:00Z
aero_luggage,Aero Luggage,Travel,tech_corner,Tech Corner,gmv,GMV,2026-03-01,2026-03-31,2026-03,historical,670961287.63,USD,,2026-04-01T08:00:00Z
aero_luggage,Aero Luggage,Travel,tech_corner,Tech Corner,gmv,GMV,2026-04-01,2026-04-30,2026-04,historical,716292943.11,USD,,2026-05-01T08:00:00Z
aero_luggage,Aero Luggage,Travel,tech_corner,Tech Corner,gmv,GMV,2026-05-01,2026-05-31,2026-05,historical,713033033.81,USD,,2026-06-01T08:00:00Z
aero_luggage,Aero Luggage,Travel,tech_corner,Tech Corner,gmv,GMV,2026-06-01,2026-06-30,2026-06,mtd,96795458.51,USD,2026-06-04T09:00:00Z,2026-06-04T09:05:00Z
aero_luggage,Aero Luggage,Travel,tech_corner,Tech Corner,gmv,GMV,2026-06-01,2026-06-30,2026-06,mtd,99051767.02,USD,2026-06-04T13:00:00Z,2026-06-04T13:05:00Z
aero_luggage,Aero Luggage,Travel,tech_corner,Tech Corner,gmv,GMV,2026-06-01,2026-06-30,2026-06,mtd,104062626.75,USD,2026-06-04T17:00:00Z,2026-06-04T17:05:00Z
aero_luggage,Aero Luggage,Travel,tech_corner,Tech Corner,units_sold,Units Sold,2025-05-01,2025-05-31,2025-05,historical,14671969,units,,2025-06-01T08:00:00Z
aero_luggage,Aero Luggage,Travel,tech_corner,Tech Corner,units_sold,Units Sold,2025-06-01,2025-06-30,2025-06,historical,13724825,units,,2025-07-01T08:00:00Z
aero_luggage,Aero Luggage,Travel,tech_corner,Tech Corner,units_sold,Units Sold,2025-07-01,2025-07-31,2025-07,historical,13522728,units,,2025-08-01T08:00:00Z
aero_luggage,Aero Luggage,Travel,tech_corner,Tech Corner,units_sold,Units Sold,2025-08-01,2025-08-31,2025-08,historical,13374344,units,,2025-09-01T08:00:00Z
aero_luggage,Aero Luggage,Travel,tech_corner,Tech Corner,units_sold,Units Sold,2025-09-01,2025-09-30,2025-09,historical,13028482,units,,2025-10-01T08:00:00Z
aero_luggage,Aero Luggage,Travel,tech_corner,Tech Corner,units_sold,Units Sold,2025-10-01,2025-10-31,2025-10,historical,13616308,units,,2025-11-01T08:00:00Z
aero_luggage,Aero Luggage,Travel,tech_corner,Tech Corner,units_sold,Units Sold,2025-11-01,2025-11-30,2025-11,historical,13779138,units,,2025-12-01T08:00:00Z
aero_luggage,Aero Luggage,Travel,tech_corner,Tech Corner,units_sold,Units Sold,2025-12-01,2025-12-31,2025-12,historical,13965645,units,,2026-01-01T08:00:00Z
aero_luggage,Aero Luggage,Travel,tech_corner,Tech Corner,units_sold,Units Sold,2026-01-01,2026-01-31,2026-01,historical,15505953,units,,2026-02-01T08:00:00Z
aero_luggage,Aero Luggage,Travel,tech_corner,Tech Corner,units_sold,Units Sold,2026-02-01,2026-02-28,2026-02,historical,15887952,units,,2026-03-01T08:00:00Z
aero_luggage,Aero Luggage,Travel,tech_corner,Tech Corner,units_sold,Units Sold,2026-03-01,2026-03-31,2026-03,historical,16457407,units,,2026-04-01T08:00:00Z
aero_luggage,Aero Luggage,Travel,tech_corner,Tech Corner,units_sold,Units Sold,2026-04-01,2026-04-30,2026-04,historical,16742162,units,,2026-05-01T08:00:00Z
aero_luggage,Aero Luggage,Travel,tech_corner,Tech Corner,units_sold,Units Sold,2026-05-01,2026-05-31,2026-05,historical,16514939,units,,2026-06-01T08:00:00Z
aero_luggage,Aero Luggage,Travel,tech_corner,Tech Corner,units_sold,Units Sold,2026-06-01,2026-06-30,2026-06,mtd,2363964,units,2026-06-04T09:00:00Z,2026-06-04T09:05:00Z
aero_luggage,Aero Luggage,Travel,tech_corner,Tech Corner,units_sold,Units Sold,2026-06-01,2026-06-30,2026-06,mtd,2426560,units,2026-06-04T13:00:00Z,2026-06-04T13:05:00Z
aero_luggage,Aero Luggage,Travel,tech_corner,Tech Corner,units_sold,Units Sold,2026-06-01,2026-06-30,2026-06,mtd,2490999,units,2026-06-04T17:00:00Z,2026-06-04T17:05:00Z
aero_luggage,Aero Luggage,Travel,tech_corner,Tech Corner,asp,ASP,2025-05-01,2025-05-31,2025-05,historical,137.74,USD,,2025-06-01T08:00:00Z
aero_luggage,Aero Luggage,Travel,tech_corner,Tech Corner,asp,ASP,2025-06-01,2025-06-30,2025-06,historical,139.96,USD,,2025-07-01T08:00:00Z
aero_luggage,Aero Luggage,Travel,tech_corner,Tech Corner,asp,ASP,2025-07-01,2025-07-31,2025-07,historical,123.24,USD,,2025-08-01T08:00:00Z
aero_luggage,Aero Luggage,Travel,tech_corner,Tech Corner,asp,ASP,2025-08-01,2025-08-31,2025-08,historical,123.31,USD,,2025-09-01T08:00:00Z
aero_luggage,Aero Luggage,Travel,tech_corner,Tech Corner,asp,ASP,2025-09-01,2025-09-30,2025-09,historical,128.48,USD,,2025-10-01T08:00:00Z
aero_luggage,Aero Luggage,Travel,tech_corner,Tech Corner,asp,ASP,2025-10-01,2025-10-31,2025-10,historical,120.00,USD,,2025-11-01T08:00:00Z
aero_luggage,Aero Luggage,Travel,tech_corner,Tech Corner,asp,ASP,2025-11-01,2025-11-30,2025-11,historical,128.36,USD,,2025-12-01T08:00:00Z
aero_luggage,Aero Luggage,Travel,tech_corner,Tech Corner,asp,ASP,2025-12-01,2025-12-31,2025-12,historical,123.73,USD,,2026-01-01T08:00:00Z
aero_luggage,Aero Luggage,Travel,tech_corner,Tech Corner,asp,ASP,2026-01-01,2026-01-31,2026-01,historical,136.68,USD,,2026-02-01T08:00:00Z
aero_luggage,Aero Luggage,Travel,tech_corner,Tech Corner,asp,ASP,2026-02-01,2026-02-28,2026-02,historical,150.34,USD,,2026-03-01T08:00:00Z
aero_luggage,Aero Luggage,Travel,tech_corner,Tech Corner,asp,ASP,2026-03-01,2026-03-31,2026-03,historical,150.31,USD,,2026-04-01T08:00:00Z
aero_luggage,Aero Luggage,Travel,tech_corner,Tech Corner,asp,ASP,2026-04-01,2026-04-30,2026-04,historical,141.97,USD,,2026-05-01T08:00:00Z
aero_luggage,Aero Luggage,Travel,tech_corner,Tech Corner,asp,ASP,2026-05-01,2026-05-31,2026-05,historical,157.41,USD,,2026-06-01T08:00:00Z
aero_luggage,Aero Luggage,Travel,tech_corner,Tech Corner,asp,ASP,2026-06-01,2026-06-30,2026-06,mtd,153.82,USD,2026-06-04T09:00:00Z,2026-06-04T09:05:00Z
aero_luggage,Aero Luggage,Travel,tech_corner,Tech Corner,asp,ASP,2026-06-01,2026-06-30,2026-06,mtd,155.97,USD,2026-06-04T13:00:00Z,2026-06-04T13:05:00Z
aero_luggage,Aero Luggage,Travel,tech_corner,Tech Corner,asp,ASP,2026-06-01,2026-06-30,2026-06,mtd,155.25,USD,2026-06-04T17:00:00Z,2026-06-04T17:05:00Z
daily_hydrate,Daily Hydrate,Beverage,fresh_cart,Fresh Cart,gmv,GMV,2025-05-01,2025-05-31,2025-05,historical,495107709.13,USD,,2025-06-01T08:00:00Z
daily_hydrate,Daily Hydrate,Beverage,fresh_cart,Fresh Cart,gmv,GMV,2025-06-01,2025-06-30,2025-06,historical,476220970.35,USD,,2025-07-01T08:00:00Z
daily_hydrate,Daily Hydrate,Beverage,fresh_cart,Fresh Cart,gmv,GMV,2025-07-01,2025-07-31,2025-07,historical,446822651.47,USD,,2025-08-01T08:00:00Z
daily_hydrate,Daily Hydrate,Beverage,fresh_cart,Fresh Cart,gmv,GMV,2025-08-01,2025-08-31,2025-08,historical,437815313.10,USD,,2025-09-01T08:00:00Z
daily_hydrate,Daily Hydrate,Beverage,fresh_cart,Fresh Cart,gmv,GMV,2025-09-01,2025-09-30,2025-09,historical,429226156.95,USD,,2025-10-01T08:00:00Z
daily_hydrate,Daily Hydrate,Beverage,fresh_cart,Fresh Cart,gmv,GMV,2025-10-01,2025-10-31,2025-10,historical,465184868.73,USD,,2025-11-01T08:00:00Z
daily_hydrate,Daily Hydrate,Beverage,fresh_cart,Fresh Cart,gmv,GMV,2025-11-01,2025-11-30,2025-11,historical,461615342.32,USD,,2025-12-01T08:00:00Z
daily_hydrate,Daily Hydrate,Beverage,fresh_cart,Fresh Cart,gmv,GMV,2025-12-01,2025-12-31,2025-12,historical,490882047.46,USD,,2026-01-01T08:00:00Z
daily_hydrate,Daily Hydrate,Beverage,fresh_cart,Fresh Cart,gmv,GMV,2026-01-01,2026-01-31,2026-01,historical,487029248.07,USD,,2026-02-01T08:00:00Z
daily_hydrate,Daily Hydrate,Beverage,fresh_cart,Fresh Cart,gmv,GMV,2026-02-01,2026-02-28,2026-02,historical,530162537.30,USD,,2026-03-01T08:00:00Z
daily_hydrate,Daily Hydrate,Beverage,fresh_cart,Fresh Cart,gmv,GMV,2026-03-01,2026-03-31,2026-03,historical,528019478.42,USD,,2026-04-01T08:00:00Z
daily_hydrate,Daily Hydrate,Beverage,fresh_cart,Fresh Cart,gmv,GMV,2026-04-01,2026-04-30,2026-04,historical,556674728.72,USD,,2026-05-01T08:00:00Z
daily_hydrate,Daily Hydrate,Beverage,fresh_cart,Fresh Cart,gmv,GMV,2026-05-01,2026-05-31,2026-05,historical,539543513.69,USD,,2026-06-01T08:00:00Z
daily_hydrate,Daily Hydrate,Beverage,fresh_cart,Fresh Cart,gmv,GMV,2026-06-01,2026-06-30,2026-06,mtd,76709374.87,USD,2026-06-04T09:00:00Z,2026-06-04T09:05:00Z
daily_hydrate,Daily Hydrate,Beverage,fresh_cart,Fresh Cart,gmv,GMV,2026-06-01,2026-06-30,2026-06,mtd,79541415.98,USD,2026-06-04T13:00:00Z,2026-06-04T13:05:00Z
daily_hydrate,Daily Hydrate,Beverage,fresh_cart,Fresh Cart,gmv,GMV,2026-06-01,2026-06-30,2026-06,mtd,82607362.95,USD,2026-06-04T17:00:00Z,2026-06-04T17:05:00Z
daily_hydrate,Daily Hydrate,Beverage,fresh_cart,Fresh Cart,units_sold,Units Sold,2025-05-01,2025-05-31,2025-05,historical,13377715,units,,2025-06-01T08:00:00Z
daily_hydrate,Daily Hydrate,Beverage,fresh_cart,Fresh Cart,units_sold,Units Sold,2025-06-01,2025-06-30,2025-06,historical,14592819,units,,2025-07-01T08:00:00Z
daily_hydrate,Daily Hydrate,Beverage,fresh_cart,Fresh Cart,units_sold,Units Sold,2025-07-01,2025-07-31,2025-07,historical,13224718,units,,2025-08-01T08:00:00Z
daily_hydrate,Daily Hydrate,Beverage,fresh_cart,Fresh Cart,units_sold,Units Sold,2025-08-01,2025-08-31,2025-08,historical,12586937,units,,2025-09-01T08:00:00Z
daily_hydrate,Daily Hydrate,Beverage,fresh_cart,Fresh Cart,units_sold,Units Sold,2025-09-01,2025-09-30,2025-09,historical,13551400,units,,2025-10-01T08:00:00Z
daily_hydrate,Daily Hydrate,Beverage,fresh_cart,Fresh Cart,units_sold,Units Sold,2025-10-01,2025-10-31,2025-10,historical,13277083,units,,2025-11-01T08:00:00Z
daily_hydrate,Daily Hydrate,Beverage,fresh_cart,Fresh Cart,units_sold,Units Sold,2025-11-01,2025-11-30,2025-11,historical,12719762,units,,2025-12-01T08:00:00Z
daily_hydrate,Daily Hydrate,Beverage,fresh_cart,Fresh Cart,units_sold,Units Sold,2025-12-01,2025-12-31,2025-12,historical,13813433,units,,2026-01-01T08:00:00Z
daily_hydrate,Daily Hydrate,Beverage,fresh_cart,Fresh Cart,units_sold,Units Sold,2026-01-01,2026-01-31,2026-01,historical,14901525,units,,2026-02-01T08:00:00Z
daily_hydrate,Daily Hydrate,Beverage,fresh_cart,Fresh Cart,units_sold,Units Sold,2026-02-01,2026-02-28,2026-02,historical,15435986,units,,2026-03-01T08:00:00Z
daily_hydrate,Daily Hydrate,Beverage,fresh_cart,Fresh Cart,units_sold,Units Sold,2026-03-01,2026-03-31,2026-03,historical,15770567,units,,2026-04-01T08:00:00Z
daily_hydrate,Daily Hydrate,Beverage,fresh_cart,Fresh Cart,units_sold,Units Sold,2026-04-01,2026-04-30,2026-04,historical,16148794,units,,2026-05-01T08:00:00Z
daily_hydrate,Daily Hydrate,Beverage,fresh_cart,Fresh Cart,units_sold,Units Sold,2026-05-01,2026-05-31,2026-05,historical,15725778,units,,2026-06-01T08:00:00Z
daily_hydrate,Daily Hydrate,Beverage,fresh_cart,Fresh Cart,units_sold,Units Sold,2026-06-01,2026-06-30,2026-06,mtd,2296113,units,2026-06-04T09:00:00Z,2026-06-04T09:05:00Z
daily_hydrate,Daily Hydrate,Beverage,fresh_cart,Fresh Cart,units_sold,Units Sold,2026-06-01,2026-06-30,2026-06,mtd,2382158,units,2026-06-04T13:00:00Z,2026-06-04T13:05:00Z
daily_hydrate,Daily Hydrate,Beverage,fresh_cart,Fresh Cart,units_sold,Units Sold,2026-06-01,2026-06-30,2026-06,mtd,2477265,units,2026-06-04T17:00:00Z,2026-06-04T17:05:00Z
daily_hydrate,Daily Hydrate,Beverage,fresh_cart,Fresh Cart,asp,ASP,2025-05-01,2025-05-31,2025-05,historical,100.46,USD,,2025-06-01T08:00:00Z
daily_hydrate,Daily Hydrate,Beverage,fresh_cart,Fresh Cart,asp,ASP,2025-06-01,2025-06-30,2025-06,historical,98.95,USD,,2025-07-01T08:00:00Z
daily_hydrate,Daily Hydrate,Beverage,fresh_cart,Fresh Cart,asp,ASP,2025-07-01,2025-07-31,2025-07,historical,92.44,USD,,2025-08-01T08:00:00Z
daily_hydrate,Daily Hydrate,Beverage,fresh_cart,Fresh Cart,asp,ASP,2025-08-01,2025-08-31,2025-08,historical,87.98,USD,,2025-09-01T08:00:00Z
daily_hydrate,Daily Hydrate,Beverage,fresh_cart,Fresh Cart,asp,ASP,2025-09-01,2025-09-30,2025-09,historical,83.44,USD,,2025-10-01T08:00:00Z
daily_hydrate,Daily Hydrate,Beverage,fresh_cart,Fresh Cart,asp,ASP,2025-10-01,2025-10-31,2025-10,historical,90.64,USD,,2025-11-01T08:00:00Z
daily_hydrate,Daily Hydrate,Beverage,fresh_cart,Fresh Cart,asp,ASP,2025-11-01,2025-11-30,2025-11,historical,89.40,USD,,2025-12-01T08:00:00Z
daily_hydrate,Daily Hydrate,Beverage,fresh_cart,Fresh Cart,asp,ASP,2025-12-01,2025-12-31,2025-12,historical,93.50,USD,,2026-01-01T08:00:00Z
daily_hydrate,Daily Hydrate,Beverage,fresh_cart,Fresh Cart,asp,ASP,2026-01-01,2026-01-31,2026-01,historical,93.06,USD,,2026-02-01T08:00:00Z
daily_hydrate,Daily Hydrate,Beverage,fresh_cart,Fresh Cart,asp,ASP,2026-02-01,2026-02-28,2026-02,historical,95.61,USD,,2026-03-01T08:00:00Z
daily_hydrate,Daily Hydrate,Beverage,fresh_cart,Fresh Cart,asp,ASP,2026-03-01,2026-03-31,2026-03,historical,107.32,USD,,2026-04-01T08:00:00Z
daily_hydrate,Daily Hydrate,Beverage,fresh_cart,Fresh Cart,asp,ASP,2026-04-01,2026-04-30,2026-04,historical,105.65,USD,,2026-05-01T08:00:00Z
daily_hydrate,Daily Hydrate,Beverage,fresh_cart,Fresh Cart,asp,ASP,2026-05-01,2026-05-31,2026-05,historical,102.73,USD,,2026-06-01T08:00:00Z
daily_hydrate,Daily Hydrate,Beverage,fresh_cart,Fresh Cart,asp,ASP,2026-06-01,2026-06-30,2026-06,mtd,101.49,USD,2026-06-04T09:00:00Z,2026-06-04T09:05:00Z
daily_hydrate,Daily Hydrate,Beverage,fresh_cart,Fresh Cart,asp,ASP,2026-06-01,2026-06-30,2026-06,mtd,102.70,USD,2026-06-04T13:00:00Z,2026-06-04T13:05:00Z
daily_hydrate,Daily Hydrate,Beverage,fresh_cart,Fresh Cart,asp,ASP,2026-06-01,2026-06-30,2026-06,mtd,103.48,USD,2026-06-04T17:00:00Z,2026-06-04T17:05:00Z
daily_hydrate,Daily Hydrate,Beverage,market_square,Market Square,gmv,GMV,2025-05-01,2025-05-31,2025-05,historical,505365949.01,USD,,2025-06-01T08:00:00Z
daily_hydrate,Daily Hydrate,Beverage,market_square,Market Square,gmv,GMV,2025-06-01,2025-06-30,2025-06,historical,527401446.67,USD,,2025-07-01T08:00:00Z
daily_hydrate,Daily Hydrate,Beverage,market_square,Market Square,gmv,GMV,2025-07-01,2025-07-31,2025-07,historical,482721390.99,USD,,2025-08-01T08:00:00Z
daily_hydrate,Daily Hydrate,Beverage,market_square,Market Square,gmv,GMV,2025-08-01,2025-08-31,2025-08,historical,455036708.21,USD,,2025-09-01T08:00:00Z
daily_hydrate,Daily Hydrate,Beverage,market_square,Market Square,gmv,GMV,2025-09-01,2025-09-30,2025-09,historical,450803231.35,USD,,2025-10-01T08:00:00Z
daily_hydrate,Daily Hydrate,Beverage,market_square,Market Square,gmv,GMV,2025-10-01,2025-10-31,2025-10,historical,439752748.68,USD,,2025-11-01T08:00:00Z
daily_hydrate,Daily Hydrate,Beverage,market_square,Market Square,gmv,GMV,2025-11-01,2025-11-30,2025-11,historical,445651115.29,USD,,2025-12-01T08:00:00Z
daily_hydrate,Daily Hydrate,Beverage,market_square,Market Square,gmv,GMV,2025-12-01,2025-12-31,2025-12,historical,485855013.79,USD,,2026-01-01T08:00:00Z
daily_hydrate,Daily Hydrate,Beverage,market_square,Market Square,gmv,GMV,2026-01-01,2026-01-31,2026-01,historical,532282157.63,USD,,2026-02-01T08:00:00Z
daily_hydrate,Daily Hydrate,Beverage,market_square,Market Square,gmv,GMV,2026-02-01,2026-02-28,2026-02,historical,533217137.89,USD,,2026-03-01T08:00:00Z
daily_hydrate,Daily Hydrate,Beverage,market_square,Market Square,gmv,GMV,2026-03-01,2026-03-31,2026-03,historical,520660484.27,USD,,2026-04-01T08:00:00Z
daily_hydrate,Daily Hydrate,Beverage,market_square,Market Square,gmv,GMV,2026-04-01,2026-04-30,2026-04,historical,544727412.48,USD,,2026-05-01T08:00:00Z
daily_hydrate,Daily Hydrate,Beverage,market_square,Market Square,gmv,GMV,2026-05-01,2026-05-31,2026-05,historical,578194313.64,USD,,2026-06-01T08:00:00Z
daily_hydrate,Daily Hydrate,Beverage,market_square,Market Square,gmv,GMV,2026-06-01,2026-06-30,2026-06,mtd,80048954.47,USD,2026-06-04T09:00:00Z,2026-06-04T09:05:00Z
daily_hydrate,Daily Hydrate,Beverage,market_square,Market Square,gmv,GMV,2026-06-01,2026-06-30,2026-06,mtd,83935042.25,USD,2026-06-04T13:00:00Z,2026-06-04T13:05:00Z
daily_hydrate,Daily Hydrate,Beverage,market_square,Market Square,gmv,GMV,2026-06-01,2026-06-30,2026-06,mtd,86158682.03,USD,2026-06-04T17:00:00Z,2026-06-04T17:05:00Z
daily_hydrate,Daily Hydrate,Beverage,market_square,Market Square,units_sold,Units Sold,2025-05-01,2025-05-31,2025-05,historical,13509978,units,,2025-06-01T08:00:00Z
daily_hydrate,Daily Hydrate,Beverage,market_square,Market Square,units_sold,Units Sold,2025-06-01,2025-06-30,2025-06,historical,13177919,units,,2025-07-01T08:00:00Z
daily_hydrate,Daily Hydrate,Beverage,market_square,Market Square,units_sold,Units Sold,2025-07-01,2025-07-31,2025-07,historical,13535672,units,,2025-08-01T08:00:00Z
daily_hydrate,Daily Hydrate,Beverage,market_square,Market Square,units_sold,Units Sold,2025-08-01,2025-08-31,2025-08,historical,12124500,units,,2025-09-01T08:00:00Z
daily_hydrate,Daily Hydrate,Beverage,market_square,Market Square,units_sold,Units Sold,2025-09-01,2025-09-30,2025-09,historical,11958488,units,,2025-10-01T08:00:00Z
daily_hydrate,Daily Hydrate,Beverage,market_square,Market Square,units_sold,Units Sold,2025-10-01,2025-10-31,2025-10,historical,12040913,units,,2025-11-01T08:00:00Z
daily_hydrate,Daily Hydrate,Beverage,market_square,Market Square,units_sold,Units Sold,2025-11-01,2025-11-30,2025-11,historical,12167127,units,,2025-12-01T08:00:00Z
daily_hydrate,Daily Hydrate,Beverage,market_square,Market Square,units_sold,Units Sold,2025-12-01,2025-12-31,2025-12,historical,13245295,units,,2026-01-01T08:00:00Z
daily_hydrate,Daily Hydrate,Beverage,market_square,Market Square,units_sold,Units Sold,2026-01-01,2026-01-31,2026-01,historical,13735423,units,,2026-02-01T08:00:00Z
daily_hydrate,Daily Hydrate,Beverage,market_square,Market Square,units_sold,Units Sold,2026-02-01,2026-02-28,2026-02,historical,13323572,units,,2026-03-01T08:00:00Z
daily_hydrate,Daily Hydrate,Beverage,market_square,Market Square,units_sold,Units Sold,2026-03-01,2026-03-31,2026-03,historical,13822922,units,,2026-04-01T08:00:00Z
daily_hydrate,Daily Hydrate,Beverage,market_square,Market Square,units_sold,Units Sold,2026-04-01,2026-04-30,2026-04,historical,14903140,units,,2026-05-01T08:00:00Z
daily_hydrate,Daily Hydrate,Beverage,market_square,Market Square,units_sold,Units Sold,2026-05-01,2026-05-31,2026-05,historical,14529364,units,,2026-06-01T08:00:00Z
daily_hydrate,Daily Hydrate,Beverage,market_square,Market Square,units_sold,Units Sold,2026-06-01,2026-06-30,2026-06,mtd,2177026,units,2026-06-04T09:00:00Z,2026-06-04T09:05:00Z
daily_hydrate,Daily Hydrate,Beverage,market_square,Market Square,units_sold,Units Sold,2026-06-01,2026-06-30,2026-06,mtd,2232952,units,2026-06-04T13:00:00Z,2026-06-04T13:05:00Z
daily_hydrate,Daily Hydrate,Beverage,market_square,Market Square,units_sold,Units Sold,2026-06-01,2026-06-30,2026-06,mtd,2318911,units,2026-06-04T17:00:00Z,2026-06-04T17:05:00Z
daily_hydrate,Daily Hydrate,Beverage,market_square,Market Square,asp,ASP,2025-05-01,2025-05-31,2025-05,historical,192.80,USD,,2025-06-01T08:00:00Z
daily_hydrate,Daily Hydrate,Beverage,market_square,Market Square,asp,ASP,2025-06-01,2025-06-30,2025-06,historical,186.46,USD,,2025-07-01T08:00:00Z
daily_hydrate,Daily Hydrate,Beverage,market_square,Market Square,asp,ASP,2025-07-01,2025-07-31,2025-07,historical,182.40,USD,,2025-08-01T08:00:00Z
daily_hydrate,Daily Hydrate,Beverage,market_square,Market Square,asp,ASP,2025-08-01,2025-08-31,2025-08,historical,178.34,USD,,2025-09-01T08:00:00Z
daily_hydrate,Daily Hydrate,Beverage,market_square,Market Square,asp,ASP,2025-09-01,2025-09-30,2025-09,historical,182.47,USD,,2025-10-01T08:00:00Z
daily_hydrate,Daily Hydrate,Beverage,market_square,Market Square,asp,ASP,2025-10-01,2025-10-31,2025-10,historical,183.67,USD,,2025-11-01T08:00:00Z
daily_hydrate,Daily Hydrate,Beverage,market_square,Market Square,asp,ASP,2025-11-01,2025-11-30,2025-11,historical,176.98,USD,,2025-12-01T08:00:00Z
daily_hydrate,Daily Hydrate,Beverage,market_square,Market Square,asp,ASP,2025-12-01,2025-12-31,2025-12,historical,191.15,USD,,2026-01-01T08:00:00Z
daily_hydrate,Daily Hydrate,Beverage,market_square,Market Square,asp,ASP,2026-01-01,2026-01-31,2026-01,historical,185.97,USD,,2026-02-01T08:00:00Z
daily_hydrate,Daily Hydrate,Beverage,market_square,Market Square,asp,ASP,2026-02-01,2026-02-28,2026-02,historical,214.47,USD,,2026-03-01T08:00:00Z
daily_hydrate,Daily Hydrate,Beverage,market_square,Market Square,asp,ASP,2026-03-01,2026-03-31,2026-03,historical,203.36,USD,,2026-04-01T08:00:00Z
daily_hydrate,Daily Hydrate,Beverage,market_square,Market Square,asp,ASP,2026-04-01,2026-04-30,2026-04,historical,214.87,USD,,2026-05-01T08:00:00Z
daily_hydrate,Daily Hydrate,Beverage,market_square,Market Square,asp,ASP,2026-05-01,2026-05-31,2026-05,historical,224.95,USD,,2026-06-01T08:00:00Z
daily_hydrate,Daily Hydrate,Beverage,market_square,Market Square,asp,ASP,2026-06-01,2026-06-30,2026-06,mtd,220.07,USD,2026-06-04T09:00:00Z,2026-06-04T09:05:00Z
daily_hydrate,Daily Hydrate,Beverage,market_square,Market Square,asp,ASP,2026-06-01,2026-06-30,2026-06,mtd,220.21,USD,2026-06-04T13:00:00Z,2026-06-04T13:05:00Z
daily_hydrate,Daily Hydrate,Beverage,market_square,Market Square,asp,ASP,2026-06-01,2026-06-30,2026-06,mtd,223.30,USD,2026-06-04T17:00:00Z,2026-06-04T17:05:00Z
daily_hydrate,Daily Hydrate,Beverage,active_outfitters,Active Outfitters,gmv,GMV,2025-05-01,2025-05-31,2025-05,historical,833014668.82,USD,,2025-06-01T08:00:00Z
daily_hydrate,Daily Hydrate,Beverage,active_outfitters,Active Outfitters,gmv,GMV,2025-06-01,2025-06-30,2025-06,historical,822193946.29,USD,,2025-07-01T08:00:00Z
daily_hydrate,Daily Hydrate,Beverage,active_outfitters,Active Outfitters,gmv,GMV,2025-07-01,2025-07-31,2025-07,historical,791002285.82,USD,,2025-08-01T08:00:00Z
daily_hydrate,Daily Hydrate,Beverage,active_outfitters,Active Outfitters,gmv,GMV,2025-08-01,2025-08-31,2025-08,historical,742101305.03,USD,,2025-09-01T08:00:00Z
daily_hydrate,Daily Hydrate,Beverage,active_outfitters,Active Outfitters,gmv,GMV,2025-09-01,2025-09-30,2025-09,historical,737088067.64,USD,,2025-10-01T08:00:00Z
daily_hydrate,Daily Hydrate,Beverage,active_outfitters,Active Outfitters,gmv,GMV,2025-10-01,2025-10-31,2025-10,historical,701590547.19,USD,,2025-11-01T08:00:00Z
daily_hydrate,Daily Hydrate,Beverage,active_outfitters,Active Outfitters,gmv,GMV,2025-11-01,2025-11-30,2025-11,historical,701327836.68,USD,,2025-12-01T08:00:00Z
daily_hydrate,Daily Hydrate,Beverage,active_outfitters,Active Outfitters,gmv,GMV,2025-12-01,2025-12-31,2025-12,historical,800413381.43,USD,,2026-01-01T08:00:00Z
daily_hydrate,Daily Hydrate,Beverage,active_outfitters,Active Outfitters,gmv,GMV,2026-01-01,2026-01-31,2026-01,historical,809631810.91,USD,,2026-02-01T08:00:00Z
daily_hydrate,Daily Hydrate,Beverage,active_outfitters,Active Outfitters,gmv,GMV,2026-02-01,2026-02-28,2026-02,historical,796530632.08,USD,,2026-03-01T08:00:00Z
daily_hydrate,Daily Hydrate,Beverage,active_outfitters,Active Outfitters,gmv,GMV,2026-03-01,2026-03-31,2026-03,historical,924978042.94,USD,,2026-04-01T08:00:00Z
daily_hydrate,Daily Hydrate,Beverage,active_outfitters,Active Outfitters,gmv,GMV,2026-04-01,2026-04-30,2026-04,historical,883337241.63,USD,,2026-05-01T08:00:00Z
daily_hydrate,Daily Hydrate,Beverage,active_outfitters,Active Outfitters,gmv,GMV,2026-05-01,2026-05-31,2026-05,historical,858905121.23,USD,,2026-06-01T08:00:00Z
daily_hydrate,Daily Hydrate,Beverage,active_outfitters,Active Outfitters,gmv,GMV,2026-06-01,2026-06-30,2026-06,mtd,132857276.59,USD,2026-06-04T09:00:00Z,2026-06-04T09:05:00Z
daily_hydrate,Daily Hydrate,Beverage,active_outfitters,Active Outfitters,gmv,GMV,2026-06-01,2026-06-30,2026-06,mtd,138856785.60,USD,2026-06-04T13:00:00Z,2026-06-04T13:05:00Z
daily_hydrate,Daily Hydrate,Beverage,active_outfitters,Active Outfitters,gmv,GMV,2026-06-01,2026-06-30,2026-06,mtd,143018896.70,USD,2026-06-04T17:00:00Z,2026-06-04T17:05:00Z
daily_hydrate,Daily Hydrate,Beverage,active_outfitters,Active Outfitters,units_sold,Units Sold,2025-05-01,2025-05-31,2025-05,historical,16871985,units,,2025-06-01T08:00:00Z
daily_hydrate,Daily Hydrate,Beverage,active_outfitters,Active Outfitters,units_sold,Units Sold,2025-06-01,2025-06-30,2025-06,historical,15880352,units,,2025-07-01T08:00:00Z
daily_hydrate,Daily Hydrate,Beverage,active_outfitters,Active Outfitters,units_sold,Units Sold,2025-07-01,2025-07-31,2025-07,historical,15031317,units,,2025-08-01T08:00:00Z
daily_hydrate,Daily Hydrate,Beverage,active_outfitters,Active Outfitters,units_sold,Units Sold,2025-08-01,2025-08-31,2025-08,historical,15743935,units,,2025-09-01T08:00:00Z
daily_hydrate,Daily Hydrate,Beverage,active_outfitters,Active Outfitters,units_sold,Units Sold,2025-09-01,2025-09-30,2025-09,historical,14581122,units,,2025-10-01T08:00:00Z
daily_hydrate,Daily Hydrate,Beverage,active_outfitters,Active Outfitters,units_sold,Units Sold,2025-10-01,2025-10-31,2025-10,historical,14559495,units,,2025-11-01T08:00:00Z
daily_hydrate,Daily Hydrate,Beverage,active_outfitters,Active Outfitters,units_sold,Units Sold,2025-11-01,2025-11-30,2025-11,historical,14529013,units,,2025-12-01T08:00:00Z
daily_hydrate,Daily Hydrate,Beverage,active_outfitters,Active Outfitters,units_sold,Units Sold,2025-12-01,2025-12-31,2025-12,historical,14998551,units,,2026-01-01T08:00:00Z
daily_hydrate,Daily Hydrate,Beverage,active_outfitters,Active Outfitters,units_sold,Units Sold,2026-01-01,2026-01-31,2026-01,historical,16856725,units,,2026-02-01T08:00:00Z
daily_hydrate,Daily Hydrate,Beverage,active_outfitters,Active Outfitters,units_sold,Units Sold,2026-02-01,2026-02-28,2026-02,historical,17785929,units,,2026-03-01T08:00:00Z
daily_hydrate,Daily Hydrate,Beverage,active_outfitters,Active Outfitters,units_sold,Units Sold,2026-03-01,2026-03-31,2026-03,historical,18497612,units,,2026-04-01T08:00:00Z
daily_hydrate,Daily Hydrate,Beverage,active_outfitters,Active Outfitters,units_sold,Units Sold,2026-04-01,2026-04-30,2026-04,historical,17693116,units,,2026-05-01T08:00:00Z
daily_hydrate,Daily Hydrate,Beverage,active_outfitters,Active Outfitters,units_sold,Units Sold,2026-05-01,2026-05-31,2026-05,historical,17333910,units,,2026-06-01T08:00:00Z
daily_hydrate,Daily Hydrate,Beverage,active_outfitters,Active Outfitters,units_sold,Units Sold,2026-06-01,2026-06-30,2026-06,mtd,2434958,units,2026-06-04T09:00:00Z,2026-06-04T09:05:00Z
daily_hydrate,Daily Hydrate,Beverage,active_outfitters,Active Outfitters,units_sold,Units Sold,2026-06-01,2026-06-30,2026-06,mtd,2522504,units,2026-06-04T13:00:00Z,2026-06-04T13:05:00Z
daily_hydrate,Daily Hydrate,Beverage,active_outfitters,Active Outfitters,units_sold,Units Sold,2026-06-01,2026-06-30,2026-06,mtd,2625833,units,2026-06-04T17:00:00Z,2026-06-04T17:05:00Z
daily_hydrate,Daily Hydrate,Beverage,active_outfitters,Active Outfitters,asp,ASP,2025-05-01,2025-05-31,2025-05,historical,131.79,USD,,2025-06-01T08:00:00Z
daily_hydrate,Daily Hydrate,Beverage,active_outfitters,Active Outfitters,asp,ASP,2025-06-01,2025-06-30,2025-06,historical,137.29,USD,,2025-07-01T08:00:00Z
daily_hydrate,Daily Hydrate,Beverage,active_outfitters,Active Outfitters,asp,ASP,2025-07-01,2025-07-31,2025-07,historical,136.44,USD,,2025-08-01T08:00:00Z
daily_hydrate,Daily Hydrate,Beverage,active_outfitters,Active Outfitters,asp,ASP,2025-08-01,2025-08-31,2025-08,historical,129.82,USD,,2025-09-01T08:00:00Z
daily_hydrate,Daily Hydrate,Beverage,active_outfitters,Active Outfitters,asp,ASP,2025-09-01,2025-09-30,2025-09,historical,119.97,USD,,2025-10-01T08:00:00Z
daily_hydrate,Daily Hydrate,Beverage,active_outfitters,Active Outfitters,asp,ASP,2025-10-01,2025-10-31,2025-10,historical,131.90,USD,,2025-11-01T08:00:00Z
daily_hydrate,Daily Hydrate,Beverage,active_outfitters,Active Outfitters,asp,ASP,2025-11-01,2025-11-30,2025-11,historical,129.34,USD,,2025-12-01T08:00:00Z
daily_hydrate,Daily Hydrate,Beverage,active_outfitters,Active Outfitters,asp,ASP,2025-12-01,2025-12-31,2025-12,historical,138.68,USD,,2026-01-01T08:00:00Z
daily_hydrate,Daily Hydrate,Beverage,active_outfitters,Active Outfitters,asp,ASP,2026-01-01,2026-01-31,2026-01,historical,142.57,USD,,2026-02-01T08:00:00Z
daily_hydrate,Daily Hydrate,Beverage,active_outfitters,Active Outfitters,asp,ASP,2026-02-01,2026-02-28,2026-02,historical,141.58,USD,,2026-03-01T08:00:00Z
daily_hydrate,Daily Hydrate,Beverage,active_outfitters,Active Outfitters,asp,ASP,2026-03-01,2026-03-31,2026-03,historical,154.09,USD,,2026-04-01T08:00:00Z
daily_hydrate,Daily Hydrate,Beverage,active_outfitters,Active Outfitters,asp,ASP,2026-04-01,2026-04-30,2026-04,historical,149.79,USD,,2026-05-01T08:00:00Z
daily_hydrate,Daily Hydrate,Beverage,active_outfitters,Active Outfitters,asp,ASP,2026-05-01,2026-05-31,2026-05,historical,150.75,USD,,2026-06-01T08:00:00Z
daily_hydrate,Daily Hydrate,Beverage,active_outfitters,Active Outfitters,asp,ASP,2026-06-01,2026-06-30,2026-06,mtd,147.93,USD,2026-06-04T09:00:00Z,2026-06-04T09:05:00Z
daily_hydrate,Daily Hydrate,Beverage,active_outfitters,Active Outfitters,asp,ASP,2026-06-01,2026-06-30,2026-06,mtd,148.82,USD,2026-06-04T13:00:00Z,2026-06-04T13:05:00Z
daily_hydrate,Daily Hydrate,Beverage,active_outfitters,Active Outfitters,asp,ASP,2026-06-01,2026-06-30,2026-06,mtd,149.35,USD,2026-06-04T17:00:00Z,2026-06-04T17:05:00Z
